"","pathway","INSPECTION_LOCATION_NAME","log_odds","pred_prob","lower_prob","upper_prob","container","product_pathway","product_subpathway","product_proportion","adjusted_prob","adjusted_lower","adjusted_upper"
"1","Airport - Aircraft - Person - CBP","Aruba (7424)",-27.8250017323159,8.23673869888416e-13,0,1,"baggage","other products","animal-based feed",0.0481012658227848,8.14868621057195e-06,8.14868621057195e-06,1.62973724211439e-05
"2","Airport - Aircraft - Person - CBP","ATLANTA, GA (1704)",-4.68445319436121,0.00915322894757343,0.00805880380268999,0.0103947249014335,"baggage","other products","animal-based feed",0.0481012658227848,0.000440281898744038,0.00038763866392686,0.000499999425638573
"3","Airport - Aircraft - Person - CBP","BOSTON - LOGAN AIRPORT, MA (0417)",-6.93088569637099,0.000976181179226863,0.000525310884319814,0.00181332789549689,"baggage","other products","animal-based feed",0.0481012658227848,4.69555503931909e-05,2.52681184862695e-05,8.7223367125167e-05
"4","Airport - Aircraft - Person - CBP","BWI AIRPORT (1305)",-5.05763814769159,0.00632036342089673,0.00494994743927448,0.00806710950803678,"baggage","other products","animal-based feed",0.0481012658227848,0.000304017481005159,0.000238098737585355,0.000388038178867592
"5","Airport - Aircraft - Person - CBP","CHARLOTTE, NC (1512)",-6.25598993620096,0.0019152501795547,0.000958081531538989,0.00382501425888825,"baggage","other products","animal-based feed",0.0481012658227848,9.21259580038971e-05,4.60849344284577e-05,0.000183988027642726
"6","Airport - Aircraft - Person - CBP","CHICAGO, IL (3901)",-6.04292970172671,0.00236896653834767,0.00158832171326206,0.00353193349066722,"baggage","other products","animal-based feed",0.0481012658227848,0.000113950289186344,7.64002849417192e-05,0.00016989047170298
"7","Airport - Aircraft - Person - CBP","DALLAS/FT WORTH TX (5501)",-4.585970655481,0.0100909842845327,0.00845653831412183,0.0120374943819374,"baggage","other products","animal-based feed",0.0481012658227848,0.00048538911748385,0.000406770197388139,0.000579018717105852
"8","Airport - Aircraft - Person - CBP","DENVER, CO (3307)",-3.57884603275673,0.0271501803683309,0.0230894152908848,0.0319017955516083,"baggage","other products","animal-based feed",0.0481012658227848,0.00130595804303364,0.00111063010259952,0.00153451674805205
"9","Airport - Aircraft - Person - CBP","DETROIT METROPLTN AIRPRT (3807)",-7.26282894155391,0.000700630567510753,0.000334045594543479,0.00146891841788544,"baggage","other products","animal-based feed",0.0481012658227848,3.37012171714033e-05,1.60680159400661e-05,7.06568352906922e-05
"10","Airport - Aircraft - Person - CBP","DULLES - WASHINGTON, DC (5401)",-8.69508829925728,0.000167378023265545,4.18601836774282e-05,0.000669009538599038,"baggage","other products","animal-based feed",0.0481012658227848,8.05109478998825e-06,2.01352782245857e-06,3.21802056541309e-05
"11","Airport - Aircraft - Person - CBP","FT LAUDERDALE INTL AIRPT (5210)",-7.16006920759613,0.000776397515527945,0.00029142107964867,0.0020667923101435,"baggage","other products","animal-based feed",0.0481012658227848,3.73457032785594e-05,1.40177228185436e-05,9.94153263106999e-05
"12","Airport - Aircraft - Person - CBP","HONOLULU AIRPORT (3205)",-32.9174191557756,5.05995322474496e-15,0,1,"baggage","other products","animal-based feed",0.0481012658227848,8.14868621057195e-06,8.14868621057195e-06,1.62973724211439e-05
"13","Airport - Aircraft - Person - CBP","HOUSTON GEO. BUSH INTERC (5309)",-4.89896187524768,0.00739916186485067,0.00615675825596888,0.00889003379013627,"baggage","other products","animal-based feed",0.0481012658227848,0.000355909051726994,0.000296147865476984,0.000427621878512884
"14","Airport - Aircraft - Person - CBP","JOHN F KENNEDY AIRPORT (4701)",-7.98972100736256,0.00033881379507115,0.000216121850867737,0.000531120709983591,"baggage","other products","animal-based feed",0.0481012658227848,1.62973724211439e-05,1.03957345987013e-05,2.55475784549069e-05
"15","Airport - Aircraft - Person - CBP","LOS ANGELES INT AIRPORT (2720)",-5.94499829346874,0.00261206605999328,0.00183754546924247,0.00371183105704532,"baggage","other products","animal-based feed",0.0481012658227848,0.000125643683898411,8.83882630774859e-05,0.000178543772364205
"16","Airport - Aircraft - Person - CBP","MIAMI INTERNATIONAL AIRPORT (5206)",-6.98178806033917,0.000927779676742035,0.000591858088257545,0.00145408327587853,"baggage","other products","animal-based feed",0.0481012658227848,4.4627376855946e-05,2.84691232326414e-05,6.99432461814991e-05
"17","Airport - Aircraft - Person - CBP","MINNEAPOLIS-ST. PAUL, MN (3501)",-9.22128031201453,9.89021857383034e-05,1.39310391567155e-05,0.000701783637113351,"baggage","other products","animal-based feed",0.0481012658227848,4.75732032665257e-06,6.70100617664798e-07,3.37566812788701e-05
"18","Airport - Aircraft - Person - CBP","Nassau (7423)",-27.6307181495088,1.00030301231769e-12,0,1,"baggage","other products","animal-based feed",0.0481012658227848,8.14868621057195e-06,8.14868621057195e-06,1.62973724211439e-05
"19","Airport - Aircraft - Person - CBP","NEW YORK/NEWARK AREA (4601)",-6.2863410720472,0.00185809984841817,0.00135230587782953,0.00255258902325977,"baggage","other products","animal-based feed",0.0481012658227848,8.93769547340384e-05,6.50476245031928e-05,0.000122782763144141
"20","Airport - Aircraft - Person - CBP","ORLANDO SANFORD AIRPORT (1809)",-30.4733998886978,5.82868497528439e-14,0,1,"baggage","other products","animal-based feed",0.0481012658227848,8.14868621057195e-06,8.14868621057195e-06,1.62973724211439e-05
"21","Airport - Aircraft - Person - CBP","ORLANDO, FL (1808)",-5.30787157935285,0.00492805046323672,0.00373694476227287,0.00649633103611189,"baggage","other products","animal-based feed",0.0481012658227848,0.000237045465320247,0.000179751773375151,0.000312481746040825
"22","Airport - Aircraft - Person - CBP","PHILA. INTERNATIONAL AIR (1108)",-5.83491902662902,0.00291513711941263,0.00199986804926258,0.00424750977183227,"baggage","other products","animal-based feed",0.0481012658227848,0.000140221785490734,9.61961846480735e-05,0.00020431059661978
"23","Airport - Aircraft - Person - CBP","PHILADELPHIA, PA (1101)",-27.8872344808613,7.73976811662513e-13,0,1,"baggage","other products","animal-based feed",0.0481012658227848,8.14868621057195e-06,8.14868621057195e-06,1.62973724211439e-05
"24","Airport - Aircraft - Person - CBP","PHOENIX, AZ (2605)",-4.35828549236899,0.0126385378183939,0.00992283169004675,0.0160854102295488,"baggage","other products","animal-based feed",0.0481012658227848,0.000607929667213882,0.000477300764837692,0.000773728593320071
"25","Airport - Aircraft - Person - CBP","SAN ANTONIO, TX (5507)",-3.96546704652547,0.0186064173153598,0.0152873377764999,0.0226295517563275,"baggage","other products","animal-based feed",0.0481012658227848,0.000894992225295787,0.000735340298110121,0.00108851008448157
"26","Airport - Aircraft - Person - CBP","SAN FRANCISCO INTL AIRPORT (2801)",-5.43955832564686,0.00432263404764096,0.00324925941874924,0.00574854698289983,"baggage","other products","animal-based feed",0.0481012658227848,0.000207924169380198,0.000156293491028444,0.000276512386519232
"27","Airport - Aircraft - Person - CBP","SAN JUAN INTL AIRPORT (4913)",-7.1596806317218,0.000776699029126211,0.000291534264724418,0.00206759421620109,"baggage","other products","animal-based feed",0.0481012658227848,3.73602064642988e-05,1.40231671639593e-05,9.9453899007141e-05
"28","Airport - Aircraft - Person - CBP","SEATTLE-TACOMA INTL ARPT (3029)",-5.62690143032025,0.00358680057388807,0.00263203642209728,0.0048862061152184,"baggage","other products","animal-based feed",0.0481012658227848,0.000172529647857907,0.000126604283594552,0.000235032699213037
"29","Airport - Aircraft - Person - CBP","TAMPA, FL (1801)",-6.70869439818389,0.00121876904326629,0.000721940277561576,0.00205680436597698,"baggage","other products","animal-based feed",0.0481012658227848,5.86243337267331e-05,3.47262411991644e-05,9.89348935533233e-05
"30","Airport - Aircraft - Person - CBP","Aruba (7424)",-27.8250017323159,8.23673869888416e-13,0,1,"baggage","swine products/by-products","personal use or consumption",0.949367088607595,0.000160829333103394,0.000160829333103394,0.000321658666206788
"31","Airport - Aircraft - Person - CBP","ATLANTA, GA (1704)",-4.68445319436121,0.00915322894757343,0.00805880380268999,0.0103947249014335,"baggage","swine products/by-products","personal use or consumption",0.949367088607595,0.00868977431731655,0.00765076310381961,0.00986840971655078
"32","Airport - Aircraft - Person - CBP","BOSTON - LOGAN AIRPORT, MA (0417)",-6.93088569637099,0.000976181179226863,0.000525310884319814,0.00181332789549689,"baggage","swine products/by-products","personal use or consumption",0.949367088607595,0.000926754284076136,0.000498712864860583,0.00172151382483882
"33","Airport - Aircraft - Person - CBP","BWI AIRPORT (1305)",-5.05763814769159,0.00632036342089673,0.00494994743927448,0.00806710950803678,"baggage","swine products/by-products","personal use or consumption",0.949367088607595,0.00600034501983867,0.00469931718918463,0.00765864826712353
"34","Airport - Aircraft - Person - CBP","CHARLOTTE, NC (1512)",-6.25598993620096,0.0019152501795547,0.000958081531538989,0.00382501425888825,"baggage","swine products/by-products","personal use or consumption",0.949367088607595,0.00181827548691902,0.000909571074245875,0.00363134265084327
"35","Airport - Aircraft - Person - CBP","CHICAGO, IL (3901)",-6.04292970172671,0.00236896653834767,0.00158832171326206,0.00353193349066722,"baggage","swine products/by-products","personal use or consumption",0.949367088607595,0.00224901886551994,0.00150790036069183,0.00335310141519039
"36","Airport - Aircraft - Person - CBP","DALLAS/FT WORTH TX (5501)",-4.585970655481,0.0100909842845327,0.00845653831412183,0.0120374943819374,"baggage","swine products/by-products","personal use or consumption",0.949367088607595,0.00958004837139177,0.00802835915897642,0.0114280009955102
"37","Airport - Aircraft - Person - CBP","DENVER, CO (3307)",-3.57884603275673,0.0271501803683309,0.0230894152908848,0.0319017955516083,"baggage","swine products/by-products","personal use or consumption",0.949367088607595,0.0257754876914534,0.021920330972359,0.0302865147641851
"38","Airport - Aircraft - Person - CBP","DETROIT METROPLTN AIRPRT (3807)",-7.26282894155391,0.000700630567510753,0.000334045594543479,0.00146891841788544,"baggage","swine products/by-products","personal use or consumption",0.949367088607595,0.00066515560206717,0.000317131893553936,0.00139454280178998
"39","Airport - Aircraft - Person - CBP","DULLES - WASHINGTON, DC (5401)",-8.69508829925728,0.000167378023265545,4.18601836774282e-05,0.000669009538599038,"baggage","swine products/by-products","personal use or consumption",0.949367088607595,0.000158903186644505,3.97406807064192e-05,0.000635135637910479
"40","Airport - Aircraft - Person - CBP","FT LAUDERDALE INTL AIRPT (5210)",-7.16006920759613,0.000776397515527945,0.00029142107964867,0.0020667923101435,"baggage","swine products/by-products","personal use or consumption",0.949367088607595,0.000737086248918935,0.000276665581944939,0.0019621445982375
"41","Airport - Aircraft - Person - CBP","HONOLULU AIRPORT (3205)",-32.9174191557756,5.05995322474496e-15,0,1,"baggage","swine products/by-products","personal use or consumption",0.949367088607595,0.000160829333103394,0.000160829333103394,0.000321658666206788
"42","Airport - Aircraft - Person - CBP","HOUSTON GEO. BUSH INTERC (5309)",-4.89896187524768,0.00739916186485067,0.00615675825596888,0.00889003379013627,"baggage","swine products/by-products","personal use or consumption",0.949367088607595,0.00702452075776963,0.00584502366072995,0.00843990549696482
"43","Airport - Aircraft - Person - CBP","JOHN F KENNEDY AIRPORT (4701)",-7.98972100736256,0.00033881379507115,0.000216121850867737,0.000531120709983591,"baggage","swine products/by-products","personal use or consumption",0.949367088607595,0.000321658666206788,0.000205178972342788,0.000504228522136321
"44","Airport - Aircraft - Person - CBP","LOS ANGELES INT AIRPORT (2720)",-5.94499829346874,0.00261206605999328,0.00183754546924247,0.00371183105704532,"baggage","swine products/by-products","personal use or consumption",0.949367088607595,0.00247980955062653,0.0017445051923188,0.00352389024403036
"45","Airport - Aircraft - Person - CBP","MIAMI INTERNATIONAL AIRPORT (5206)",-6.98178806033917,0.000927779676742035,0.000591858088257545,0.00145408327587853,"baggage","swine products/by-products","personal use or consumption",0.949367088607595,0.000880803490577881,0.000561890590117922,0.0013804588062138
"46","Airport - Aircraft - Person - CBP","MINNEAPOLIS-ST. PAUL, MN (3501)",-9.22128031201453,9.89021857383034e-05,1.39310391567155e-05,0.000701783637113351,"baggage","swine products/by-products","personal use or consumption",0.949367088607595,9.38944801313007e-05,1.32256700854894e-05,0.000666250288398751
"47","Airport - Aircraft - Person - CBP","Nassau (7423)",-27.6307181495088,1.00030301231769e-12,0,1,"baggage","swine products/by-products","personal use or consumption",0.949367088607595,0.000160829333103394,0.000160829333103394,0.000321658666206788
"48","Airport - Aircraft - Person - CBP","NEW YORK/NEWARK AREA (4601)",-6.2863410720472,0.00185809984841817,0.00135230587782953,0.00255258902325977,"baggage","swine products/by-products","personal use or consumption",0.949367088607595,0.00176401884343497,0.00128383469414196,0.00242334400942383
"49","Airport - Aircraft - Person - CBP","ORLANDO SANFORD AIRPORT (1809)",-30.4733998886978,5.82868497528439e-14,0,1,"baggage","swine products/by-products","personal use or consumption",0.949367088607595,0.000160829333103394,0.000160829333103394,0.000321658666206788
"50","Airport - Aircraft - Person - CBP","ORLANDO, FL (1808)",-5.30787157935285,0.00492805046323672,0.00373694476227287,0.00649633103611189,"baggage","swine products/by-products","personal use or consumption",0.949367088607595,0.00467852892079436,0.0035477323692464,0.0061674028823847
"51","Airport - Aircraft - Person - CBP","PHILA. INTERNATIONAL AIR (1108)",-5.83491902662902,0.00291513711941263,0.00199986804926258,0.00424750977183227,"baggage","swine products/by-products","personal use or consumption",0.949367088607595,0.0027675352399487,0.00189860890752777,0.00403244598591671
"52","Airport - Aircraft - Person - CBP","PHILADELPHIA, PA (1101)",-27.8872344808613,7.73976811662513e-13,0,1,"baggage","swine products/by-products","personal use or consumption",0.949367088607595,0.000160829333103394,0.000160829333103394,0.000321658666206788
"53","Airport - Aircraft - Person - CBP","PHOENIX, AZ (2605)",-4.35828549236899,0.0126385378183939,0.00992283169004675,0.0160854102295488,"baggage","swine products/by-products","personal use or consumption",0.949367088607595,0.0119986118529056,0.00942040983232286,0.0152709590786856
"54","Airport - Aircraft - Person - CBP","SAN ANTONIO, TX (5507)",-3.96546704652547,0.0186064173153598,0.0152873377764999,0.0226295517563275,"baggage","swine products/by-products","personal use or consumption",0.949367088607595,0.017664320236101,0.0145132953574366,0.0214837516673995
"55","Airport - Aircraft - Person - CBP","SAN FRANCISCO INTL AIRPORT (2801)",-5.43955832564686,0.00432263404764096,0.00324925941874924,0.00574854698289983,"baggage","swine products/by-products","personal use or consumption",0.949367088607595,0.00410376650092496,0.00308473995450877,0.00545748131287958
"56","Airport - Aircraft - Person - CBP","SAN JUAN INTL AIRPORT (4913)",-7.1596806317218,0.000776699029126211,0.000291534264724418,0.00206759421620109,"baggage","swine products/by-products","personal use or consumption",0.949367088607595,0.000737372496005897,0.000276773036130776,0.00196290590145673
"57","Airport - Aircraft - Person - CBP","SEATTLE-TACOMA INTL ARPT (3029)",-5.62690143032025,0.00358680057388807,0.00263203642209728,0.0048862061152184,"baggage","swine products/by-products","personal use or consumption",0.949367088607595,0.00340519041824817,0.00249876875515564,0.00463880327394152
"58","Airport - Aircraft - Person - CBP","TAMPA, FL (1801)",-6.70869439818389,0.00121876904326629,0.000721940277561576,0.00205680436597698,"baggage","swine products/by-products","personal use or consumption",0.949367088607595,0.00115705921829078,0.000685386339457192,0.00195266237276296
"59","Airport - Aircraft - Person - CBP","Aruba (7424)",-27.8250017323159,8.23673869888416e-13,0,1,"baggage","swine products/by-products","smuggled commercial products",0.00253164556962025,4.2887822160905e-07,4.2887822160905e-07,8.577564432181e-07
"60","Airport - Aircraft - Person - CBP","ATLANTA, GA (1704)",-4.68445319436121,0.00915322894757343,0.00805880380268999,0.0103947249014335,"baggage","swine products/by-products","smuggled commercial products",0.00253164556962025,2.31727315128441e-05,2.0402034943519e-05,2.63157592441354e-05
"61","Airport - Aircraft - Person - CBP","BOSTON - LOGAN AIRPORT, MA (0417)",-6.93088569637099,0.000976181179226863,0.000525310884319814,0.00181332789549689,"baggage","swine products/by-products","smuggled commercial products",0.00253164556962025,2.47134475753636e-06,1.32990097296155e-06,4.59070353290353e-06
"62","Airport - Aircraft - Person - CBP","BWI AIRPORT (1305)",-5.05763814769159,0.00632036342089673,0.00494994743927448,0.00806710950803678,"baggage","swine products/by-products","smuggled commercial products",0.00253164556962025,1.60009200529031e-05,1.25315125044924e-05,2.04230620456627e-05
"63","Airport - Aircraft - Person - CBP","CHARLOTTE, NC (1512)",-6.25598993620096,0.0019152501795547,0.000958081531538989,0.00382501425888825,"baggage","swine products/by-products","smuggled commercial products",0.00253164556962025,4.84873463178406e-06,2.42552286465567e-06,9.68358040224873e-06
"64","Airport - Aircraft - Person - CBP","CHICAGO, IL (3901)",-6.04292970172671,0.00236896653834767,0.00158832171326206,0.00353193349066722,"baggage","swine products/by-products","smuggled commercial products",0.00253164556962025,5.99738364138651e-06,4.02106762851154e-06,8.94160377384105e-06
"65","Airport - Aircraft - Person - CBP","DALLAS/FT WORTH TX (5501)",-4.585970655481,0.0100909842845327,0.00845653831412183,0.0120374943819374,"baggage","swine products/by-products","smuggled commercial products",0.00253164556962025,2.55467956570447e-05,2.14089577572705e-05,3.04746693213606e-05
"66","Airport - Aircraft - Person - CBP","DENVER, CO (3307)",-3.57884603275673,0.0271501803683309,0.0230894152908848,0.0319017955516083,"baggage","swine products/by-products","smuggled commercial products",0.00253164556962025,6.87346338438757e-05,5.84542159262906e-05,8.07640393711604e-05
"67","Airport - Aircraft - Person - CBP","DETROIT METROPLTN AIRPRT (3807)",-7.26282894155391,0.000700630567510753,0.000334045594543479,0.00146891841788544,"baggage","swine products/by-products","smuggled commercial products",0.00253164556962025,1.77374827217912e-06,8.45685049477162e-07,3.71878080477328e-06
"68","Airport - Aircraft - Person - CBP","DULLES - WASHINGTON, DC (5401)",-8.69508829925728,0.000167378023265545,4.18601836774282e-05,0.000669009538599038,"baggage","swine products/by-products","smuggled commercial products",0.00253164556962025,4.2887822160905e-07,4.2887822160905e-07,8.577564432181e-07
"69","Airport - Aircraft - Person - CBP","FT LAUDERDALE INTL AIRPT (5210)",-7.16006920759613,0.000776397515527945,0.00029142107964867,0.0020667923101435,"baggage","swine products/by-products","smuggled commercial products",0.00253164556962025,1.96556333045049e-06,7.37774885186505e-07,5.23238559529999e-06
"70","Airport - Aircraft - Person - CBP","HONOLULU AIRPORT (3205)",-32.9174191557756,5.05995322474496e-15,0,1,"baggage","swine products/by-products","smuggled commercial products",0.00253164556962025,4.2887822160905e-07,4.2887822160905e-07,8.577564432181e-07
"71","Airport - Aircraft - Person - CBP","HOUSTON GEO. BUSH INTERC (5309)",-4.89896187524768,0.00739916186485067,0.00615675825596888,0.00889003379013627,"baggage","swine products/by-products","smuggled commercial products",0.00253164556962025,1.87320553540523e-05,1.55867297619465e-05,2.25064146585728e-05
"72","Airport - Aircraft - Person - CBP","JOHN F KENNEDY AIRPORT (4701)",-7.98972100736256,0.00033881379507115,0.000216121850867737,0.000531120709983591,"baggage","swine products/by-products","smuggled commercial products",0.00253164556962025,4.2887822160905e-07,4.2887822160905e-07,8.577564432181e-07
"73","Airport - Aircraft - Person - CBP","LOS ANGELES INT AIRPORT (2720)",-5.94499829346874,0.00261206605999328,0.00183754546924247,0.00371183105704532,"baggage","swine products/by-products","smuggled commercial products",0.00253164556962025,6.61282546833742e-06,4.65201384618347e-06,9.39704065074764e-06
"74","Airport - Aircraft - Person - CBP","MIAMI INTERNATIONAL AIRPORT (5206)",-6.98178806033917,0.000927779676742035,0.000591858088257545,0.00145408327587853,"baggage","swine products/by-products","smuggled commercial products",0.00253164556962025,2.34880930820768e-06,1.49837490698113e-06,3.68122348323679e-06
"75","Airport - Aircraft - Person - CBP","MINNEAPOLIS-ST. PAUL, MN (3501)",-9.22128031201453,9.89021857383034e-05,1.39310391567155e-05,0.000701783637113351,"baggage","swine products/by-products","smuggled commercial products",0.00253164556962025,4.2887822160905e-07,4.2887822160905e-07,8.577564432181e-07
"76","Airport - Aircraft - Person - CBP","Nassau (7423)",-27.6307181495088,1.00030301231769e-12,0,1,"baggage","swine products/by-products","smuggled commercial products",0.00253164556962025,4.2887822160905e-07,4.2887822160905e-07,8.577564432181e-07
"77","Airport - Aircraft - Person - CBP","NEW YORK/NEWARK AREA (4601)",-6.2863410720472,0.00185809984841817,0.00135230587782953,0.00255258902325977,"baggage","swine products/by-products","smuggled commercial products",0.00253164556962025,4.70405024915992e-06,3.42355918437857e-06,6.46225069179688e-06
"78","Airport - Aircraft - Person - CBP","ORLANDO SANFORD AIRPORT (1809)",-30.4733998886978,5.82868497528439e-14,0,1,"baggage","swine products/by-products","smuggled commercial products",0.00253164556962025,4.2887822160905e-07,4.2887822160905e-07,8.577564432181e-07
"79","Airport - Aircraft - Person - CBP","ORLANDO, FL (1808)",-5.30787157935285,0.00492805046323672,0.00373694476227287,0.00649633103611189,"baggage","swine products/by-products","smuggled commercial products",0.00253164556962025,1.24760771221183e-05,9.46061965132373e-06,1.64464076863592e-05
"80","Airport - Aircraft - Person - CBP","PHILA. INTERNATIONAL AIR (1108)",-5.83491902662902,0.00291513711941263,0.00199986804926258,0.00424750977183227,"baggage","swine products/by-products","smuggled commercial products",0.00253164556962025,7.38009397319653e-06,5.06295708674071e-06,1.07531892957779e-05
"81","Airport - Aircraft - Person - CBP","PHILADELPHIA, PA (1101)",-27.8872344808613,7.73976811662513e-13,0,1,"baggage","swine products/by-products","smuggled commercial products",0.00253164556962025,4.2887822160905e-07,4.2887822160905e-07,8.577564432181e-07
"82","Airport - Aircraft - Person - CBP","PHOENIX, AZ (2605)",-4.35828549236899,0.0126385378183939,0.00992283169004675,0.0160854102295488,"baggage","swine products/by-products","smuggled commercial products",0.00253164556962025,3.19962982744148e-05,2.51210928861943e-05,4.07225575431616e-05
"83","Airport - Aircraft - Person - CBP","SAN ANTONIO, TX (5507)",-3.96546704652547,0.0186064173153598,0.0152873377764999,0.0226295517563275,"baggage","swine products/by-products","smuggled commercial products",0.00253164556962025,4.71048539629361e-05,3.87021209531643e-05,5.72900044463986e-05
"84","Airport - Aircraft - Person - CBP","SAN FRANCISCO INTL AIRPORT (2801)",-5.43955832564686,0.00432263404764096,0.00324925941874924,0.00574854698289983,"baggage","swine products/by-products","smuggled commercial products",0.00253164556962025,1.09433773357999e-05,8.22597321202339e-06,1.45532835010122e-05
"85","Airport - Aircraft - Person - CBP","SAN JUAN INTL AIRPORT (4913)",-7.1596806317218,0.000776699029126211,0.000291534264724418,0.00206759421620109,"baggage","swine products/by-products","smuggled commercial products",0.00253164556962025,1.96632665601572e-06,7.3806142968207e-07,5.23441573721795e-06
"86","Airport - Aircraft - Person - CBP","SEATTLE-TACOMA INTL ARPT (3029)",-5.62690143032025,0.00358680057388807,0.00263203642209728,0.0048862061152184,"baggage","swine products/by-products","smuggled commercial products",0.00253164556962025,9.08050778199512e-06,6.66338334708171e-06,1.2370142063844e-05
"87","Airport - Aircraft - Person - CBP","TAMPA, FL (1801)",-6.70869439818389,0.00121876904326629,0.000721940277561576,0.00205680436597698,"baggage","swine products/by-products","smuggled commercial products",0.00253164556962025,3.08549124877543e-06,1.82769690521918e-06,5.20709966070123e-06
"88","Airport - Aircraft - Person - Pre-Clearance","Aruba (7424)",-31.7375853679193,1.64642444576351e-14,NA,NA,"baggage","other products","animal-based feed",0.126582278481013,1.15753271481702e-15,1.15753271481702e-15,NA
"89","Airport - Aircraft - Person - Pre-Clearance","Bermuda (7421)",-31.6390389482753,1.81693743127824e-14,NA,NA,"baggage","other products","animal-based feed",0.126582278481013,1.15753271481702e-15,1.15753271481702e-15,NA
"90","Airport - Aircraft - Person - Pre-Clearance","Montreal (7925)",-5.68307573506994,0.00339153372691875,NA,NA,"baggage","other products","animal-based feed",0.126582278481013,0.000429308066698575,NA,NA
"91","Airport - Aircraft - Person - Pre-Clearance","Nassau (7423)",-31.6130404619671,1.86479446380885e-14,NA,NA,"baggage","other products","animal-based feed",0.126582278481013,1.15753271481702e-15,1.15753271481702e-15,NA
"92","Airport - Aircraft - Person - Pre-Clearance","Toronto (7926)",-4.9269001408721,0.00719677022994559,NA,NA,"baggage","other products","animal-based feed",0.126582278481013,0.000910983573410835,NA,NA
"93","Airport - Aircraft - Person - Pre-Clearance","Vancouver (7922)",-3.84126874924502,0.0210152284263959,NA,NA,"baggage","other products","animal-based feed",0.126582278481013,0.00266015549701214,NA,NA
"94","Airport - Aircraft - Person - Pre-Clearance","Aruba (7424)",-31.7375853679193,1.64642444576351e-14,NA,NA,"baggage","swine products/by-products","personal use or consumption",0.873417721518987,7.98697573223743e-15,7.98697573223743e-15,NA
"95","Airport - Aircraft - Person - Pre-Clearance","Bermuda (7421)",-31.6390389482753,1.81693743127824e-14,NA,NA,"baggage","swine products/by-products","personal use or consumption",0.873417721518987,7.98697573223743e-15,7.98697573223743e-15,NA
"96","Airport - Aircraft - Person - Pre-Clearance","Montreal (7925)",-5.68307573506994,0.00339153372691875,NA,NA,"baggage","swine products/by-products","personal use or consumption",0.873417721518987,0.00296222566022017,NA,NA
"97","Airport - Aircraft - Person - Pre-Clearance","Nassau (7423)",-31.6130404619671,1.86479446380885e-14,NA,NA,"baggage","swine products/by-products","personal use or consumption",0.873417721518987,7.98697573223743e-15,7.98697573223743e-15,NA
"98","Airport - Aircraft - Person - Pre-Clearance","Toronto (7926)",-4.9269001408721,0.00719677022994559,NA,NA,"baggage","swine products/by-products","personal use or consumption",0.873417721518987,0.00628578665653476,NA,NA
"99","Airport - Aircraft - Person - Pre-Clearance","Vancouver (7922)",-3.84126874924502,0.0210152284263959,NA,NA,"baggage","swine products/by-products","personal use or consumption",0.873417721518987,0.0183550729293838,NA,NA
"100","Express_courier","",-8.64783541440674,0.000175475538709903,7.30384883262447e-05,0.00042152078860201,"package","fomite","personal effects",0.0434782608695652,7.62937124825664e-06,3.17558644896716e-06,1.83269908087831e-05
"101","Express_courier","AGUADILLA, PR (4901)",-28.9163012093119,2.76573106484839e-13,0,1,"package","fomite","personal effects",0.0434782608695652,6.01245883662693e-15,6.01245883662693e-15,1.20249176732539e-14
"102","Express_courier","DHL COURIER CINCINNATI (4197)",-8.21270400064808,0.000271112918530567,6.78040243914207e-05,0.00108337862385383,"package","fomite","personal effects",0.0434782608695652,1.17875181969812e-05,2.94800106049655e-06,4.71034184284276e-05
"103","Express_courier","FEDERAL EXPRESS COURIER AK (3195)",-32.1357328371078,1.10567771621499e-14,0,1,"package","fomite","personal effects",0.0434782608695652,6.01245883662693e-15,6.01245883662693e-15,1.20249176732539e-14
"104","Express_courier","FEDEX COURIER, MEMPHIS TN (2095)",-7.07432847880796,0.000845844787481495,0.000518249264452537,0.00138023389840632,"package","fomite","personal effects",0.0434782608695652,3.67758603252824e-05,2.25325767153277e-05,6.00101694959271e-05
"105","Express_courier","",-8.64783541440674,0.000175475538709903,7.30384883262447e-05,0.00042152078860201,"package","other products","plasma",0.0869565217391304,1.52587424965133e-05,6.35117289793433e-06,3.66539816175661e-05
"106","Express_courier","AGUADILLA, PR (4901)",-28.9163012093119,2.76573106484839e-13,0,1,"package","other products","plasma",0.0869565217391304,1.20249176732539e-14,1.20249176732539e-14,2.40498353465077e-14
"107","Express_courier","DHL COURIER CINCINNATI (4197)",-8.21270400064808,0.000271112918530567,6.78040243914207e-05,0.00108337862385383,"package","other products","plasma",0.0869565217391304,2.35750363939624e-05,5.8960021209931e-06,9.42068368568551e-05
"108","Express_courier","FEDERAL EXPRESS COURIER AK (3195)",-32.1357328371078,1.10567771621499e-14,0,1,"package","other products","plasma",0.0869565217391304,1.20249176732539e-14,1.20249176732539e-14,2.40498353465077e-14
"109","Express_courier","FEDEX COURIER, MEMPHIS TN (2095)",-7.07432847880796,0.000845844787481495,0.000518249264452537,0.00138023389840632,"package","other products","plasma",0.0869565217391304,7.35517206505648e-05,4.50651534306554e-05,0.000120020338991854
"110","Express_courier","",-8.64783541440674,0.000175475538709903,7.30384883262447e-05,0.00042152078860201,"package","other products","smuggled commercial products",0.0434782608695652,7.62937124825664e-06,3.17558644896716e-06,1.83269908087831e-05
"111","Express_courier","AGUADILLA, PR (4901)",-28.9163012093119,2.76573106484839e-13,0,1,"package","other products","smuggled commercial products",0.0434782608695652,6.01245883662693e-15,6.01245883662693e-15,1.20249176732539e-14
"112","Express_courier","DHL COURIER CINCINNATI (4197)",-8.21270400064808,0.000271112918530567,6.78040243914207e-05,0.00108337862385383,"package","other products","smuggled commercial products",0.0434782608695652,1.17875181969812e-05,2.94800106049655e-06,4.71034184284276e-05
"113","Express_courier","FEDERAL EXPRESS COURIER AK (3195)",-32.1357328371078,1.10567771621499e-14,0,1,"package","other products","smuggled commercial products",0.0434782608695652,6.01245883662693e-15,6.01245883662693e-15,1.20249176732539e-14
"114","Express_courier","FEDEX COURIER, MEMPHIS TN (2095)",-7.07432847880796,0.000845844787481495,0.000518249264452537,0.00138023389840632,"package","other products","smuggled commercial products",0.0434782608695652,3.67758603252824e-05,2.25325767153277e-05,6.00101694959271e-05
"115","Express_courier","",-8.64783541440674,0.000175475538709903,7.30384883262447e-05,0.00042152078860201,"package","other products","unspecified feed",0.0869565217391304,1.52587424965133e-05,6.35117289793433e-06,3.66539816175661e-05
"116","Express_courier","AGUADILLA, PR (4901)",-28.9163012093119,2.76573106484839e-13,0,1,"package","other products","unspecified feed",0.0869565217391304,1.20249176732539e-14,1.20249176732539e-14,2.40498353465077e-14
"117","Express_courier","DHL COURIER CINCINNATI (4197)",-8.21270400064808,0.000271112918530567,6.78040243914207e-05,0.00108337862385383,"package","other products","unspecified feed",0.0869565217391304,2.35750363939624e-05,5.8960021209931e-06,9.42068368568551e-05
"118","Express_courier","FEDERAL EXPRESS COURIER AK (3195)",-32.1357328371078,1.10567771621499e-14,0,1,"package","other products","unspecified feed",0.0869565217391304,1.20249176732539e-14,1.20249176732539e-14,2.40498353465077e-14
"119","Express_courier","FEDEX COURIER, MEMPHIS TN (2095)",-7.07432847880796,0.000845844787481495,0.000518249264452537,0.00138023389840632,"package","other products","unspecified feed",0.0869565217391304,7.35517206505648e-05,4.50651534306554e-05,0.000120020338991854
"120","Express_courier","",-8.64783541440674,0.000175475538709903,7.30384883262447e-05,0.00042152078860201,"package","swine products/by-products","personal use or consumption",0.739130434782609,0.000129699311220363,5.39849696324418e-05,0.000311558843749312
"121","Express_courier","AGUADILLA, PR (4901)",-28.9163012093119,2.76573106484839e-13,0,1,"package","swine products/by-products","personal use or consumption",0.739130434782609,1.02211800222658e-13,1.02211800222658e-13,2.04423600445316e-13
"122","Express_courier","DHL COURIER CINCINNATI (4197)",-8.21270400064808,0.000271112918530567,6.78040243914207e-05,0.00108337862385383,"package","swine products/by-products","personal use or consumption",0.739130434782609,0.00020038780934868,5.01160180284414e-05,0.000800758113283269
"123","Express_courier","FEDERAL EXPRESS COURIER AK (3195)",-32.1357328371078,1.10567771621499e-14,0,1,"package","swine products/by-products","personal use or consumption",0.739130434782609,1.02211800222658e-13,1.02211800222658e-13,2.04423600445316e-13
"124","Express_courier","FEDEX COURIER, MEMPHIS TN (2095)",-7.07432847880796,0.000845844787481495,0.000518249264452537,0.00138023389840632,"package","swine products/by-products","personal use or consumption",0.739130434782609,0.0006251896255298,0.000383053804160571,0.00102017288143076
"125","Land Border - Truck - Conveyance - CBP NB","ALEXANDRIA BAY, NY (0708)",-8.48094405874114,0.000207339829981334,2.92048289129129e-05,0.00147041246562634,"baggage","other products","animal-based feed",0.310840707964602,6.44496595406581e-05,9.07804969527492e-06,0.000457064051815266
"126","Land Border - Truck - Conveyance - CBP NB","BLAINE, WA (3004)",-4.70129343229344,0.00900175297294734,0.00781293379155722,0.0103695728289875,"baggage","other products","animal-based feed",0.310840707964602,0.00279811126703341,0.00242857787104821,0.00322328535945297
"127","Land Border - Truck - Conveyance - CBP NB","BUFFALO-NIAGARA FALLS (0901)",-5.94937912854096,0.00260067775238395,0.00184944991155706,0.00365592909959929,"baggage","other products","animal-based feed",0.310840707964602,0.000808396513738815,0.000574884319853466,0.00113641158958783
"128","Land Border - Truck - Conveyance - CBP NB","CALAIS, ME (0115)",-32.2415077858018,9.94697623603433e-15,0,1,"baggage","other products","animal-based feed",0.310840707964602,3.22248297703291e-05,3.22248297703291e-05,6.44496595406581e-05
"129","Land Border - Truck - Conveyance - CBP NB","CHAMPLAIN-ROUSES POINT (0712)",-5.8471185847372,0.00287989158055226,0.00179102530016158,0.00462767274360947,"baggage","other products","animal-based feed",0.310840707964602,0.00089518753776016,0.00055672357228474,0.00143846907185206
"130","Land Border - Truck - Conveyance - CBP NB","DERBY LINE, VT (0209)",-4.16800087245762,0.0152471083070452,0.0123734028268982,0.0187755398070128,"baggage","other products","animal-based feed",0.310840707964602,0.00473942194057488,0.00384615729464425,0.00583620208602942
"131","Land Border - Truck - Conveyance - CBP NB","DETROIT, MI (3801)",-5.13295954231184,0.00586448102875714,0.00473168439669615,0.00726649665317317,"baggage","other products","animal-based feed",0.310840707964602,0.00182291943482385,0.00147080012773409,0.00225872296409476
"132","Land Border - Truck - Conveyance - CBP NB","DUNSEITH, ND (3422)",-3.69422229852443,0.024263431542461,0.0168037842498197,0.0349170097605712,"baggage","other products","animal-based feed",0.310840707964602,0.00754206223830922,0.00522330019269839,0.0108536280339829
"133","Land Border - Truck - Conveyance - CBP NB","EASTPORT, ID (3302)",-4.03990690197741,0.0172947387584198,0.0141643633122136,0.0211021297616808,"baggage","other products","animal-based feed",0.310840707964602,0.00537590883973004,0.00440286071983632,0.00655940095468175
"134","Land Border - Truck - Conveyance - CBP NB","FORT FAIRFIELD, ME (0107)",-30.1136163024867,8.35261780600313e-14,0,1,"baggage","other products","animal-based feed",0.310840707964602,3.22248297703291e-05,3.22248297703291e-05,6.44496595406581e-05
"135","Land Border - Truck - Conveyance - CBP NB","GRAND PORTAGE, MN (3613)",-6.18826412308259,0.00204918032786885,0.000288572551398158,0.0143967296931523,"baggage","other products","animal-based feed",0.310840707964602,0.000636968663861887,8.9700096175755e-05,0.00447508965019447
"136","Land Border - Truck - Conveyance - CBP NB","HIGHGATE SPRINGS/ALBURG (0212)",-6.18620862390049,0.00205338809034907,0.00113750650708432,0.00370397184432295,"baggage","other products","animal-based feed",0.310840707964602,0.000638276607730188,0.000353583327976431,0.0011513452303703
"137","Land Border - Truck - Conveyance - CBP NB","HOULTON, ME (0106)",-7.16549347506085,0.00077220077220077,0.000249067586102361,0.00239147697758946,"baggage","other products","animal-based feed",0.310840707964602,0.0002400314347217,7.74203447950922e-05,0.000743368396794954
"138","Land Border - Truck - Conveyance - CBP NB","INTERNATIONAL FALLS, MN (3604)",-5.78190025392015,0.00307337687283903,0.00188365657545152,0.00501075394911299,"baggage","other products","animal-based feed",0.310840707964602,0.000955330642995317,0.000585517143475529,0.00155754630497871
"139","Land Border - Truck - Conveyance - CBP NB","JACKMAN, ME (0104)",-4.83694306400036,0.00786885245901637,0.00447401208885904,0.0138039489228753,"baggage","other products","animal-based feed",0.310840707964602,0.00244595966922965,0.00139070508514313,0.00429082925589376
"140","Land Border - Truck - Conveyance - CBP NB","LYNDEN, WA (3023)",-31.8830275475463,1.42356423921353e-14,0,1,"baggage","other products","animal-based feed",0.310840707964602,3.22248297703291e-05,3.22248297703291e-05,6.44496595406581e-05
"141","Land Border - Truck - Conveyance - CBP NB","OROVILLE, WA (3019)",-3.99571110944886,0.0180621201890614,0.0149655428771853,0.0217852516585425,"baggage","other products","animal-based feed",0.310840707964602,0.00561444222690957,0.00465189994301887,0.00677174304872838
"142","Land Border - Truck - Conveyance - CBP NB","PEMBINA, ND (3401)",-4.93068030187385,0.0071698113207547,0.00522126675223718,0.00983834886306047,"baggage","other products","animal-based feed",0.310840707964602,0.00222866922691601,0.00162298225373744,0.00305815932579645
"143","Land Border - Truck - Conveyance - CBP NB","PORT HURON, MI (3802)",-8.54480835844921,0.000194514685858782,4.86469662874056e-05,0.000777426086290314,"baggage","other products","animal-based feed",0.310840707964602,6.04630826618558e-05,1.51214574411073e-05,0.000241655675052631
"144","Land Border - Truck - Conveyance - CBP NB","PORTAL, ND (3403)",-4.42475157934023,0.0118354311478489,0.00925619638884324,0.015122398409017,"baggage","other products","animal-based feed",0.310840707964602,0.00367893379706366,0.00287720263856742,0.0047006570275816
"145","Land Border - Truck - Conveyance - CBP NB","PORTHILL, ID (3308)",-31.3872170960175,2.33724808651712e-14,0,1,"baggage","other products","animal-based feed",0.310840707964602,3.22248297703291e-05,3.22248297703291e-05,6.44496595406581e-05
"146","Land Border - Truck - Conveyance - CBP NB","ROOSVILLE, MT (3318)",-5.84408774766141,0.00288860805199493,0.00177036608059786,0.00470984878370885,"baggage","other products","animal-based feed",0.310840707964602,0.000897896971914354,0.000550301845849556,0.00146401273033428
"147","Land Border - Truck - Conveyance - CBP NB","SUMAS, WA (3009)",-7.23237179922698,0.000722282412423256,0.000271106980447697,0.0019228584989499,"baggage","other products","animal-based feed",0.310840707964602,0.000224514776428025,8.42710857365075e-05,0.000597702697129337
"148","Land Border - Truck - Conveyance - CBP NB","SWEETGRASS, MT (3310)",-4.23350868661503,0.0142941349837901,0.0117282843029475,0.0174114388366711,"baggage","other products","animal-based feed",0.310840707964602,0.0044431990381029,0.00364562819593833,0.00541218397467322
"149","Land Border - Truck - Conveyance - CBP NB","VAN BUREN, ME (0108)",-30.2852202660357,7.03551600321047e-14,0,1,"baggage","other products","animal-based feed",0.310840707964602,3.22248297703291e-05,3.22248297703291e-05,6.44496595406581e-05
"150","Land Border - Truck - Conveyance - CBP NB","ALEXANDRIA BAY, NY (0708)",-8.48094405874114,0.000207339829981334,2.92048289129129e-05,0.00147041246562634,"baggage","other products","smuggled commercial products",0.00995575221238938,2.06422397105311e-06,2.90756040062186e-07,1.46390621577843e-05
"151","Land Border - Truck - Conveyance - CBP NB","BLAINE, WA (3004)",-4.70129343229344,0.00900175297294734,0.00781293379155722,0.0103695728289875,"baggage","other products","smuggled commercial products",0.00995575221238938,8.96192220758032e-05,7.77836328805476e-05,0.000103236897633725
"152","Land Border - Truck - Conveyance - CBP NB","BUFFALO-NIAGARA FALLS (0901)",-5.94937912854096,0.00260067775238395,0.00184944991155706,0.00365592909959929,"baggage","other products","smuggled commercial products",0.00995575221238938,2.58917032870083e-05,1.84126650486875e-05,3.63975242216744e-05
"153","Land Border - Truck - Conveyance - CBP NB","CALAIS, ME (0115)",-32.2415077858018,9.94697623603433e-15,0,1,"baggage","other products","smuggled commercial products",0.00995575221238938,1.03211198552655e-06,1.03211198552655e-06,2.06422397105311e-06
"154","Land Border - Truck - Conveyance - CBP NB","CHAMPLAIN-ROUSES POINT (0712)",-5.8471185847372,0.00287989158055226,0.00179102530016158,0.00462767274360947,"baggage","other products","smuggled commercial products",0.00995575221238938,2.86714869745247e-05,1.7831004094529e-05,4.6071963155404e-05
"155","Land Border - Truck - Conveyance - CBP NB","DERBY LINE, VT (0209)",-4.16800087245762,0.0152471083070452,0.0123734028268982,0.0187755398070128,"baggage","other products","smuggled commercial products",0.00995575221238938,0.000151796432260405,0.000123186532568677,0.000186924621972473
"156","Land Border - Truck - Conveyance - CBP NB","DETROIT, MI (3801)",-5.13295954231184,0.00586448102875714,0.00473168439669615,0.00726649665317317,"baggage","other products","smuggled commercial products",0.00995575221238938,5.83853199765645e-05,4.71074774007361e-05,7.23434401311488e-05
"157","Land Border - Truck - Conveyance - CBP NB","DUNSEITH, ND (3422)",-3.69422229852443,0.024263431542461,0.0168037842498197,0.0349170097605712,"baggage","other products","smuggled commercial products",0.00995575221238938,0.000241560712259014,0.000167294312221657,0.000347625097173828
"158","Land Border - Truck - Conveyance - CBP NB","EASTPORT, ID (3302)",-4.03990690197741,0.0172947387584198,0.0141643633122136,0.0211021297616808,"baggage","other products","smuggled commercial products",0.00995575221238938,0.000172182133656834,0.000141016891382658,0.000210087575060981
"159","Land Border - Truck - Conveyance - CBP NB","FORT FAIRFIELD, ME (0107)",-30.1136163024867,8.35261780600313e-14,0,1,"baggage","other products","smuggled commercial products",0.00995575221238938,1.03211198552655e-06,1.03211198552655e-06,2.06422397105311e-06
"160","Land Border - Truck - Conveyance - CBP NB","GRAND PORTAGE, MN (3613)",-6.18826412308259,0.00204918032786885,0.000288572551398158,0.0143967296931523,"baggage","other products","smuggled commercial products",0.00995575221238938,2.04011315827651e-05,2.87295681701706e-06,0.000143330273493773
"161","Land Border - Truck - Conveyance - CBP NB","HIGHGATE SPRINGS/ALBURG (0212)",-6.18620862390049,0.00205338809034907,0.00113750650708432,0.00370397184432295,"baggage","other products","smuggled commercial products",0.00995575221238938,2.04430230233868e-05,1.1324732924512e-05,3.68758258837462e-05
"162","Land Border - Truck - Conveyance - CBP NB","HOULTON, ME (0106)",-7.16549347506085,0.00077220077220077,0.000249067586102361,0.00239147697758946,"baggage","other products","smuggled commercial products",0.00995575221238938,7.68783954624661e-06,2.47965517137306e-06,2.38089522105145e-05
"163","Land Border - Truck - Conveyance - CBP NB","INTERNATIONAL FALLS, MN (3604)",-5.78190025392015,0.00307337687283903,0.00188365657545152,0.00501075394911299,"baggage","other products","smuggled commercial products",0.00995575221238938,3.05977786012735e-05,1.87532181184333e-05,4.98858247146205e-05
"164","Land Border - Truck - Conveyance - CBP NB","JACKMAN, ME (0104)",-4.83694306400036,0.00786885245901637,0.00447401208885904,0.0138039489228753,"baggage","other products","smuggled commercial products",0.00995575221238938,7.83403452778178e-05,4.45421557519152e-05,0.000137428695028626
"165","Land Border - Truck - Conveyance - CBP NB","LYNDEN, WA (3023)",-31.8830275475463,1.42356423921353e-14,0,1,"baggage","other products","smuggled commercial products",0.00995575221238938,1.03211198552655e-06,1.03211198552655e-06,2.06422397105311e-06
"166","Land Border - Truck - Conveyance - CBP NB","OROVILLE, WA (3019)",-3.99571110944886,0.0180621201890614,0.0149655428771853,0.0217852516585425,"baggage","other products","smuggled commercial products",0.00995575221238938,0.000179821993032691,0.000148993236609145,0.000216888567396994
"167","Land Border - Truck - Conveyance - CBP NB","PEMBINA, ND (3401)",-4.93068030187385,0.0071698113207547,0.00522126675223718,0.00983834886306047,"baggage","other products","smuggled commercial products",0.00995575221238938,7.1380864919018e-05,5.19816380200604e-05,9.79481634596728e-05
"168","Land Border - Truck - Conveyance - CBP NB","PORT HURON, MI (3802)",-8.54480835844921,0.000194514685858782,4.86469662874056e-05,0.000777426086290314,"baggage","other products","smuggled commercial products",0.00995575221238938,1.93654001408079e-06,4.8431714224187e-07,7.73986147855401e-06
"169","Land Border - Truck - Conveyance - CBP NB","PORTAL, ND (3403)",-4.42475157934023,0.0118354311478489,0.00925619638884324,0.015122398409017,"baggage","other products","smuggled commercial products",0.00995575221238938,0.000117830619834779,9.21523976765367e-05,0.000150554851417204
"170","Land Border - Truck - Conveyance - CBP NB","PORTHILL, ID (3308)",-31.3872170960175,2.33724808651712e-14,0,1,"baggage","other products","smuggled commercial products",0.00995575221238938,1.03211198552655e-06,1.03211198552655e-06,2.06422397105311e-06
"171","Land Border - Truck - Conveyance - CBP NB","ROOSVILLE, MT (3318)",-5.84408774766141,0.00288860805199493,0.00177036608059786,0.00470984878370885,"baggage","other products","smuggled commercial products",0.00995575221238938,2.87582660043743e-05,1.76253260236512e-05,4.68900874484288e-05
"172","Land Border - Truck - Conveyance - CBP NB","SUMAS, WA (3009)",-7.23237179922698,0.000722282412423256,0.000271106980447697,0.0019228584989499,"baggage","other products","smuggled commercial products",0.00995575221238938,7.19086472545277e-06,2.69907392038636e-06,1.91435027550322e-05
"173","Land Border - Truck - Conveyance - CBP NB","SWEETGRASS, MT (3310)",-4.23350868661503,0.0142941349837901,0.0117282843029475,0.0174114388366711,"baggage","other products","smuggled commercial products",0.00995575221238938,0.000142308865989061,0.000116763892396601,0.000173343970719071
"174","Land Border - Truck - Conveyance - CBP NB","VAN BUREN, ME (0108)",-30.2852202660357,7.03551600321047e-14,0,1,"baggage","other products","smuggled commercial products",0.00995575221238938,1.03211198552655e-06,1.03211198552655e-06,2.06422397105311e-06
"175","Land Border - Truck - Conveyance - CBP NB","ALEXANDRIA BAY, NY (0708)",-8.48094405874114,0.000207339829981334,2.92048289129129e-05,0.00147041246562634,"baggage","swine products/by-products","personal use or consumption",0.67146017699115,0.000139220438936582,1.96098795908608e-05,0.000987323414419455
"176","Land Border - Truck - Conveyance - CBP NB","BLAINE, WA (3004)",-4.70129343229344,0.00900175297294734,0.00781293379155722,0.0103695728289875,"baggage","swine products/by-products","personal use or consumption",0.67146017699115,0.00604431864444584,0.00524607390649915,0.00696275520707457
"177","Land Border - Truck - Conveyance - CBP NB","BUFFALO-NIAGARA FALLS (0901)",-5.94937912854096,0.00260067775238395,0.00184944991155706,0.00365592909959929,"baggage","swine products/by-products","personal use or consumption",0.67146017699115,0.00174625154391267,0.00124183196495037,0.00245481080028404
"178","Land Border - Truck - Conveyance - CBP NB","CALAIS, ME (0115)",-32.2415077858018,9.94697623603433e-15,0,1,"baggage","swine products/by-products","personal use or consumption",0.67146017699115,6.96102194682909e-05,6.96102194682909e-05,0.000139220438936582
"179","Land Border - Truck - Conveyance - CBP NB","CHAMPLAIN-ROUSES POINT (0712)",-5.8471185847372,0.00287989158055226,0.00179102530016158,0.00462767274360947,"baggage","swine products/by-products","personal use or consumption",0.67146017699115,0.00193373251039294,0.00120260216504212,0.00310729795948114
"180","Land Border - Truck - Conveyance - CBP NB","DERBY LINE, VT (0209)",-4.16800087245762,0.0152471083070452,0.0123734028268982,0.0187755398070128,"baggage","swine products/by-products","personal use or consumption",0.67146017699115,0.0102378260424518,0.00830824725213189,0.0126070272819212
"181","Land Border - Truck - Conveyance - CBP NB","DETROIT, MI (3801)",-5.13295954231184,0.00586448102875714,0.00473168439669615,0.00726649665317317,"baggage","swine products/by-products","personal use or consumption",0.67146017699115,0.00393776546953052,0.00317713764247187,0.00487916312884526
"182","Land Border - Truck - Conveyance - CBP NB","DUNSEITH, ND (3422)",-3.69422229852443,0.024263431542461,0.0168037842498197,0.0349170097605712,"baggage","swine products/by-products","personal use or consumption",0.67146017699115,0.0162919280379135,0.0112830719465051,0.0234453815538349
"183","Land Border - Truck - Conveyance - CBP NB","EASTPORT, ID (3302)",-4.03990690197741,0.0172947387584198,0.0141643633122136,0.0211021297616808,"baggage","swine products/by-products","personal use or consumption",0.67146017699115,0.0116127283477443,0.00951080589658593,0.0141692397846684
"184","Land Border - Truck - Conveyance - CBP NB","FORT FAIRFIELD, ME (0107)",-30.1136163024867,8.35261780600313e-14,0,1,"baggage","swine products/by-products","personal use or consumption",0.67146017699115,6.96102194682909e-05,6.96102194682909e-05,0.000139220438936582
"185","Land Border - Truck - Conveyance - CBP NB","GRAND PORTAGE, MN (3613)",-6.18826412308259,0.00204918032786885,0.000288572551398158,0.0143967296931523,"baggage","swine products/by-products","personal use or consumption",0.67146017699115,0.0013759429856376,0.000193764976436595,0.00966683066785781
"186","Land Border - Truck - Conveyance - CBP NB","HIGHGATE SPRINGS/ALBURG (0212)",-6.18620862390049,0.00205338809034907,0.00113750650708432,0.00370397184432295,"baggage","swine products/by-products","personal use or consumption",0.67146017699115,0.00137876833057731,0.000763790320575421,0.00248706959015932
"187","Land Border - Truck - Conveyance - CBP NB","HOULTON, ME (0106)",-7.16549347506085,0.00077220077220077,0.000249067586102361,0.00239147697758946,"baggage","swine products/by-products","personal use or consumption",0.67146017699115,0.000518502067174632,0.00016723896544705,0.00160578155464248
"188","Land Border - Truck - Conveyance - CBP NB","INTERNATIONAL FALLS, MN (3604)",-5.78190025392015,0.00307337687283903,0.00188365657545152,0.00501075394911299,"baggage","swine products/by-products","personal use or consumption",0.67146017699115,0.002063650178997,0.00126480037754322,0.00336452173353052
"189","Land Border - Truck - Conveyance - CBP NB","JACKMAN, ME (0104)",-4.83694306400036,0.00786885245901637,0.00447401208885904,0.0138039489228753,"baggage","swine products/by-products","personal use or consumption",0.67146017699115,0.00528362106484838,0.00300412094904584,0.00926880198693066
"190","Land Border - Truck - Conveyance - CBP NB","LYNDEN, WA (3023)",-31.8830275475463,1.42356423921353e-14,0,1,"baggage","swine products/by-products","personal use or consumption",0.67146017699115,6.96102194682909e-05,6.96102194682909e-05,0.000139220438936582
"191","Land Border - Truck - Conveyance - CBP NB","OROVILLE, WA (3019)",-3.99571110944886,0.0180621201890614,0.0149655428771853,0.0217852516585425,"baggage","swine products/by-products","personal use or consumption",0.67146017699115,0.0121279944189826,0.0100487660690835,0.0146279289344417
"192","Land Border - Truck - Conveyance - CBP NB","PEMBINA, ND (3401)",-4.93068030187385,0.0071698113207547,0.00522126675223718,0.00983834886306047,"baggage","swine products/by-products","personal use or consumption",0.67146017699115,0.00481424277842711,0.00350587269757519,0.00660605946889126
"193","Land Border - Truck - Conveyance - CBP NB","PORT HURON, MI (3802)",-8.54480835844921,0.000194514685858782,4.86469662874056e-05,0.000777426086290314,"baggage","swine products/by-products","personal use or consumption",0.67146017699115,0.000130608865394115,3.26645005934239e-05,0.000522010657498032
"194","Land Border - Truck - Conveyance - CBP NB","PORTAL, ND (3403)",-4.42475157934023,0.0118354311478489,0.00925619638884324,0.015122398409017,"baggage","swine products/by-products","personal use or consumption",0.67146017699115,0.00794702069330122,0.00621516726551753,0.0101540883122492
"195","Land Border - Truck - Conveyance - CBP NB","PORTHILL, ID (3308)",-31.3872170960175,2.33724808651712e-14,0,1,"baggage","swine products/by-products","personal use or consumption",0.67146017699115,6.96102194682909e-05,6.96102194682909e-05,0.000139220438936582
"196","Land Border - Truck - Conveyance - CBP NB","ROOSVILLE, MT (3318)",-5.84408774766141,0.00288860805199493,0.00177036608059786,0.00470984878370885,"baggage","swine products/by-products","personal use or consumption",0.67146017699115,0.00193958527385058,0.00118873032181737,0.0031624758979107
"197","Land Border - Truck - Conveyance - CBP NB","SUMAS, WA (3009)",-7.23237179922698,0.000722282412423256,0.000271106980447697,0.0019228584989499,"baggage","swine products/by-products","personal use or consumption",0.67146017699115,0.000484983876483314,0.000182037541074947,0.00129112290803384
"198","Land Border - Truck - Conveyance - CBP NB","SWEETGRASS, MT (3310)",-4.23350868661503,0.0142941349837901,0.0117282843029475,0.0174114388366711,"baggage","swine products/by-products","personal use or consumption",0.67146017699115,0.00959794240615111,0.00787507585385968,0.0116910878029418
"199","Land Border - Truck - Conveyance - CBP NB","VAN BUREN, ME (0108)",-30.2852202660357,7.03551600321047e-14,0,1,"baggage","swine products/by-products","personal use or consumption",0.67146017699115,6.96102194682909e-05,6.96102194682909e-05,0.000139220438936582
"200","Land Border - Truck - Conveyance - CBP NB","ALEXANDRIA BAY, NY (0708)",-8.48094405874114,0.000207339829981334,2.92048289129129e-05,0.00147041246562634,"baggage","swine products/by-products","smuggled commercial products",0.00774336283185841,1.60550753304131e-06,2.26143586715034e-07,1.13859372338323e-05
"201","Land Border - Truck - Conveyance - CBP NB","BLAINE, WA (3004)",-4.70129343229344,0.00900175297294734,0.00781293379155722,0.0103695728289875,"baggage","swine products/by-products","smuggled commercial products",0.00774336283185841,6.97038393922914e-05,6.04983811293148e-05,8.02953648262306e-05
"202","Land Border - Truck - Conveyance - CBP NB","BUFFALO-NIAGARA FALLS (0901)",-5.94937912854096,0.00260067775238395,0.00184944991155706,0.00365592909959929,"baggage","swine products/by-products","smuggled commercial products",0.00774336283185841,2.01379914454509e-05,1.43209617045347e-05,2.83091855057467e-05
"203","Land Border - Truck - Conveyance - CBP NB","CALAIS, ME (0115)",-32.2415077858018,9.94697623603433e-15,0,1,"baggage","swine products/by-products","smuggled commercial products",0.00774336283185841,8.02753766520653e-07,8.02753766520653e-07,1.60550753304131e-06
"204","Land Border - Truck - Conveyance - CBP NB","CHAMPLAIN-ROUSES POINT (0712)",-5.8471185847372,0.00287989158055226,0.00179102530016158,0.00462767274360947,"baggage","swine products/by-products","smuggled commercial products",0.00774336283185841,2.23000454246303e-05,1.38685587401892e-05,3.58337491208698e-05
"205","Land Border - Truck - Conveyance - CBP NB","DERBY LINE, VT (0209)",-4.16800087245762,0.0152471083070452,0.0123734028268982,0.0187755398070128,"baggage","swine products/by-products","smuggled commercial products",0.00774336283185841,0.000118063891758093,9.58117475534155e-05,0.000145385817089701
"206","Land Border - Truck - Conveyance - CBP NB","DETROIT, MI (3801)",-5.13295954231184,0.00586448102875714,0.00473168439669615,0.00726649665317317,"baggage","swine products/by-products","smuggled commercial products",0.00774336283185841,4.54108044262168e-05,3.66391490894614e-05,5.62671201020046e-05
"207","Land Border - Truck - Conveyance - CBP NB","DUNSEITH, ND (3422)",-3.69422229852443,0.024263431542461,0.0168037842498197,0.0349170097605712,"baggage","swine products/by-products","smuggled commercial products",0.00774336283185841,0.000187880553979233,0.000130117798394622,0.000270375075579644
"208","Land Border - Truck - Conveyance - CBP NB","EASTPORT, ID (3302)",-4.03990690197741,0.0172947387584198,0.0141643633122136,0.0211021297616808,"baggage","swine products/by-products","smuggled commercial products",0.00774336283185841,0.000133919437288649,0.000109679804408734,0.000163401447269652
"209","Land Border - Truck - Conveyance - CBP NB","FORT FAIRFIELD, ME (0107)",-30.1136163024867,8.35261780600313e-14,0,1,"baggage","swine products/by-products","smuggled commercial products",0.00774336283185841,8.02753766520653e-07,8.02753766520653e-07,1.60550753304131e-06
"210","Land Border - Truck - Conveyance - CBP NB","GRAND PORTAGE, MN (3613)",-6.18826412308259,0.00204918032786885,0.000288572551398158,0.0143967296931523,"baggage","swine products/by-products","smuggled commercial products",0.00774336283185841,1.5867546786595e-05,2.23452196879105e-06,0.000111479101606268
"211","Land Border - Truck - Conveyance - CBP NB","HIGHGATE SPRINGS/ALBURG (0212)",-6.18620862390049,0.00205338809034907,0.00113750650708432,0.00370397184432295,"baggage","swine products/by-products","smuggled commercial products",0.00774336283185841,1.59001290181897e-05,8.80812560795379e-06,2.86811979095803e-05
"212","Land Border - Truck - Conveyance - CBP NB","HOULTON, ME (0106)",-7.16549347506085,0.00077220077220077,0.000249067586102361,0.00239147697758946,"baggage","swine products/by-products","smuggled commercial products",0.00774336283185841,5.97943075819181e-06,1.92862068884571e-06,1.85180739415113e-05
"213","Land Border - Truck - Conveyance - CBP NB","INTERNATIONAL FALLS, MN (3604)",-5.78190025392015,0.00307337687283903,0.00188365657545152,0.00501075394911299,"baggage","swine products/by-products","smuggled commercial products",0.00774336283185841,2.37982722454349e-05,1.4585836314337e-05,3.88000858891493e-05
"214","Land Border - Truck - Conveyance - CBP NB","JACKMAN, ME (0104)",-4.83694306400036,0.00786885245901637,0.00447401208885904,0.0138039489228753,"baggage","swine products/by-products","smuggled commercial products",0.00774336283185841,6.0931379660525e-05,3.46438989181563e-05,0.000106888985022265
"215","Land Border - Truck - Conveyance - CBP NB","LYNDEN, WA (3023)",-31.8830275475463,1.42356423921353e-14,0,1,"baggage","swine products/by-products","smuggled commercial products",0.00774336283185841,8.02753766520653e-07,8.02753766520653e-07,1.60550753304131e-06
"216","Land Border - Truck - Conveyance - CBP NB","OROVILLE, WA (3019)",-3.99571110944886,0.0180621201890614,0.0149655428771853,0.0217852516585425,"baggage","swine products/by-products","smuggled commercial products",0.00774336283185841,0.000139861550136537,0.00011588362847378,0.00016869110797544
"217","Land Border - Truck - Conveyance - CBP NB","PEMBINA, ND (3401)",-4.93068030187385,0.0071698113207547,0.00522126675223718,0.00983834886306047,"baggage","swine products/by-products","smuggled commercial products",0.00774336283185841,5.55184504925696e-05,4.04301629044914e-05,7.61819049130788e-05
"218","Land Border - Truck - Conveyance - CBP NB","PORT HURON, MI (3802)",-8.54480835844921,0.000194514685858782,4.86469662874056e-05,0.000777426086290314,"baggage","swine products/by-products","smuggled commercial products",0.00774336283185841,1.5061977887295e-06,3.76691110632565e-07,6.01989226109757e-06
"219","Land Border - Truck - Conveyance - CBP NB","PORTAL, ND (3403)",-4.42475157934023,0.0118354311478489,0.00925619638884324,0.015122398409017,"baggage","swine products/by-products","smuggled commercial products",0.00774336283185841,9.16460376492727e-05,7.16740870817507e-05,0.000117098217768937
"220","Land Border - Truck - Conveyance - CBP NB","PORTHILL, ID (3308)",-31.3872170960175,2.33724808651712e-14,0,1,"baggage","swine products/by-products","smuggled commercial products",0.00774336283185841,8.02753766520653e-07,8.02753766520653e-07,1.60550753304131e-06
"221","Land Border - Truck - Conveyance - CBP NB","ROOSVILLE, MT (3318)",-5.84408774766141,0.00288860805199493,0.00177036608059786,0.00470984878370885,"baggage","swine products/by-products","smuggled commercial products",0.00774336283185841,2.23675402256245e-05,1.37085869072843e-05,3.64700680154446e-05
"222","Land Border - Truck - Conveyance - CBP NB","SUMAS, WA (3009)",-7.23237179922698,0.000722282412423256,0.000271106980447697,0.0019228584989499,"baggage","swine products/by-products","smuggled commercial products",0.00774336283185841,5.59289478646326e-06,2.09927971585606e-06,1.48893910316917e-05
"223","Land Border - Truck - Conveyance - CBP NB","SWEETGRASS, MT (3310)",-4.23350868661503,0.0142941349837901,0.0117282843029475,0.0174114388366711,"baggage","swine products/by-products","smuggled commercial products",0.00774336283185841,0.000110684673547047,9.08163607529122e-05,0.000134823088337055
"224","Land Border - Truck - Conveyance - CBP NB","VAN BUREN, ME (0108)",-30.2852202660357,7.03551600321047e-14,0,1,"baggage","swine products/by-products","smuggled commercial products",0.00774336283185841,8.02753766520653e-07,8.02753766520653e-07,1.60550753304131e-06
"225","Land Border - Truck - Conveyance - CBP SB","BROWNSVILLE, TX (2301)",-4.59392681461847,0.0100118179588378,0.00913114151857511,0.0109764925793805,"baggage","other products","animal-based feed",0.0698689956331878,0.000699515665246306,0.000637983686887344,0.000766916512096454
"226","Land Border - Truck - Conveyance - CBP SB","CALEXICO-EAST (2507)",-4.61602845225863,0.00979511143062545,0.00812469949656533,0.0118048672852957,"baggage","other products","animal-based feed",0.0698689956331878,0.000684374597772957,0.000567664593646486,0.000824794220806687
"227","Land Border - Truck - Conveyance - CBP SB","CALEXICO, CA (2503)",-4.41699209708142,0.0119265256376774,0.010096148615771,0.014084018821517,"baggage","other products","animal-based feed",0.0698689956331878,0.000833294367697982,0.000705407763547317,0.000984036249538303
"228","Land Border - Truck - Conveyance - CBP SB","COLUMBUS, NM (2406)",-2.58366648141447,0.0701970443349754,0.0545317959833498,0.089934360797078,"baggage","other products","animal-based feed",0.0698689956331878,0.00490459698410308,0.00381008181543055,0.00628362346180458
"229","Land Border - Truck - Conveyance - CBP SB","DOUGLAS, AZ (2601)",-4.14238650338618,0.01563651248465,0.0135820766633015,0.0179960345473211,"baggage","other products","animal-based feed",0.0698689956331878,0.0010925074225083,0.000948966055077834,0.00125736485920148
"230","Land Border - Truck - Conveyance - CBP SB","EAGLE PASS, TX (2303)",-4.293771586919,0.0134694307060928,0.0119251950135756,0.0152105565991126,"baggage","other products","animal-based feed",0.0698689956331878,0.000941095595185522,0.000833201398328423,0.00106274631260175
"231","Land Border - Truck - Conveyance - CBP SB","EL PASO, TX (2402)",-4.71807762355307,0.00885325315292742,0.00774224780147146,0.0101220604042792,"baggage","other products","animal-based feed",0.0698689956331878,0.000618567905881391,0.000540943077832067,0.000707218194185445
"232","Land Border - Truck - Conveyance - CBP SB","HIDALGO, TX (2305)",-4.06425021837366,0.0168858338314405,0.0154096880845613,0.0185007274956539,"baggage","other products","animal-based feed",0.0698689956331878,0.00117979625023165,0.001076659429489,0.00129262724860464
"233","Land Border - Truck - Conveyance - CBP SB","LAREDO, TX (2304)",-4.52038772807042,0.0107675993147891,0.00908584884868771,0.0127566270080542,"baggage","other products","animal-based feed",0.0698689956331878,0.000752321349504917,0.000634819133532766,0.000891292716719943
"234","Land Border - Truck - Conveyance - CBP SB","NOGALES, AZ (2604)",-3.76773487786671,0.0225825825825826,0.0208115961093257,0.0245005023639066,"baggage","other products","animal-based feed",0.0698689956331878,0.00157782236384856,0.00145408531768214,0.0017118254926747
"235","Land Border - Truck - Conveyance - CBP SB","OTAY MESA (2506)",-3.23510036955621,0.037865990990991,0.0348493823196274,0.0411325928736953,"baggage","other products","animal-based feed",0.0698689956331878,0.00264565875919587,0.00243489134110934,0.00287389295187391
"236","Land Border - Truck - Conveyance - CBP SB","PROGRESO, TX (2309)",-6.50088918995834,0.00149985001499851,0.00090439556140858,0.00248637629474092,"baggage","other products","animal-based feed",0.0698689956331878,0.000104793014148368,6.31892095307305e-05,0.000173720614479715
"237","Land Border - Truck - Conveyance - CBP SB","ROMA, TX (2310)",-3.59692079454313,0.0266768292682927,0.0211575421279286,0.033586508803842,"baggage","other products","animal-based feed",0.0698689956331878,0.00186388326765364,0.00147825621854523,0.00234665563694966
"238","Land Border - Truck - Conveyance - CBP SB","SAN LUIS, AZ (2608)",-4.22888200291763,0.0143594707970313,0.0124088793568549,0.0166115245267404,"baggage","other products","animal-based feed",0.0698689956331878,0.00100328180241267,0.000866995937596846,0.00116063053461942
"239","Land Border - Truck - Conveyance - CBP SB","SAN YSIDRO (2504)",-3.44015968257264,0.0310636775578345,0.0285427459399033,0.0337995144261142,"baggage","other products","animal-based feed",0.0698689956331878,0.00217038795163909,0.00199425299143429,0.00236153812584204
"240","Land Border - Truck - Conveyance - CBP SB","SANTA TERESA NM (2408)",-4.21874938254934,0.0145035885167464,0.0119003436054739,0.0176661215585114,"baggage","other products","animal-based feed",0.0698689956331878,0.00101335116274211,0.000831465055404291,0.001234314170027
"241","Land Border - Truck - Conveyance - CBP SB","TECATE, CA (2505)",-4.48023664630287,0.0112037843893937,0.00912106339394247,0.0137554759230022,"baggage","other products","animal-based feed",0.0698689956331878,0.000782797162577729,0.000637279538441395,0.000961081287196659
"242","Land Border - Truck - Conveyance - CBP SB","YSLETA, TX (2401)",-5.21975504404494,0.0053795576808129,0.00412236407246492,0.00701745481052608,"baggage","other products","animal-based feed",0.0698689956331878,0.000375864292109198,0.000288025437377461,0.000490302519512739
"243","Land Border - Truck - Conveyance - CBP SB","BROWNSVILLE, TX (2301)",-4.59392681461847,0.0100118179588378,0.00913114151857511,0.0109764925793805,"baggage","other products","smuggled commercial products",0.00218340611353712,2.18598645389471e-05,1.99369902152295e-05,2.39661410030142e-05
"244","Land Border - Truck - Conveyance - CBP SB","CALEXICO-EAST (2507)",-4.61602845225863,0.00979511143062545,0.00812469949656533,0.0118048672852957,"baggage","other products","smuggled commercial products",0.00218340611353712,2.13867061804049e-05,1.77395185514527e-05,2.5774819400209e-05
"245","Land Border - Truck - Conveyance - CBP SB","CALEXICO, CA (2503)",-4.41699209708142,0.0119265256376774,0.010096148615771,0.014084018821517,"baggage","other products","smuggled commercial products",0.00218340611353712,2.60404489905619e-05,2.20439926108536e-05,3.0751132798072e-05
"246","Land Border - Truck - Conveyance - CBP SB","COLUMBUS, NM (2406)",-2.58366648141447,0.0701970443349754,0.0545317959833498,0.089934360797078,"baggage","other products","smuggled commercial products",0.00218340611353712,0.000153268655753221,0.000119065056732205,0.000196363233181393
"247","Land Border - Truck - Conveyance - CBP SB","DOUGLAS, AZ (2601)",-4.14238650338618,0.01563651248465,0.0135820766633015,0.0179960345473211,"baggage","other products","smuggled commercial products",0.00218340611353712,3.41408569533843e-05,2.96551892211823e-05,3.92926518500461e-05
"248","Land Border - Truck - Conveyance - CBP SB","EAGLE PASS, TX (2303)",-4.293771586919,0.0134694307060928,0.0119251950135756,0.0152105565991126,"baggage","other products","smuggled commercial products",0.00218340611353712,2.94092373495476e-05,2.60375436977632e-05,3.32108222688048e-05
"249","Land Border - Truck - Conveyance - CBP SB","EL PASO, TX (2402)",-4.71807762355307,0.00885325315292742,0.00774224780147146,0.0101220604042792,"baggage","other products","smuggled commercial products",0.00218340611353712,1.93302470587935e-05,1.69044711822521e-05,2.21005685682952e-05
"250","Land Border - Truck - Conveyance - CBP SB","HIDALGO, TX (2305)",-4.06425021837366,0.0168858338314405,0.0154096880845613,0.0185007274956539,"baggage","other products","smuggled commercial products",0.00218340611353712,3.68686328197391e-05,3.36456071715312e-05,4.0394601518895e-05
"251","Land Border - Truck - Conveyance - CBP SB","LAREDO, TX (2304)",-4.52038772807042,0.0107675993147891,0.00908584884868771,0.0127566270080542,"baggage","other products","smuggled commercial products",0.00218340611353712,2.35100421720287e-05,1.98380979228989e-05,2.78528973974982e-05
"252","Land Border - Truck - Conveyance - CBP SB","NOGALES, AZ (2604)",-3.76773487786671,0.0225825825825826,0.0208115961093257,0.0245005023639066,"baggage","other products","smuggled commercial products",0.00218340611353712,4.93069488702676e-05,4.5440166177567e-05,5.34945466460843e-05
"253","Land Border - Truck - Conveyance - CBP SB","OTAY MESA (2506)",-3.23510036955621,0.037865990990991,0.0348493823196274,0.0411325928736953,"baggage","other products","smuggled commercial products",0.00218340611353712,8.26768362248711e-05,7.60903544096669e-05,8.98091547460596e-05
"254","Land Border - Truck - Conveyance - CBP SB","PROGRESO, TX (2309)",-6.50088918995834,0.00149985001499851,0.00090439556140858,0.00248637629474092,"baggage","other products","smuggled commercial products",0.00218340611353712,3.27478169213649e-06,1.97466279783533e-06,5.42876920249109e-06
"255","Land Border - Truck - Conveyance - CBP SB","ROMA, TX (2310)",-3.59692079454313,0.0266768292682927,0.0211575421279286,0.033586508803842,"baggage","other products","smuggled commercial products",0.00218340611353712,5.82463521141761e-05,4.61955068295385e-05,7.33329886546768e-05
"256","Land Border - Truck - Conveyance - CBP SB","SAN LUIS, AZ (2608)",-4.22888200291763,0.0143594707970313,0.0124088793568549,0.0166115245267404,"baggage","other products","smuggled commercial products",0.00218340611353712,3.13525563253958e-05,2.70936230499014e-05,3.62697042068569e-05
"257","Land Border - Truck - Conveyance - CBP SB","SAN YSIDRO (2504)",-3.44015968257264,0.0310636775578345,0.0285427459399033,0.0337995144261142,"baggage","other products","smuggled commercial products",0.00218340611353712,6.78246234887215e-05,6.23204059823217e-05,7.37980664325638e-05
"258","Land Border - Truck - Conveyance - CBP SB","SANTA TERESA NM (2408)",-4.21874938254934,0.0145035885167464,0.0119003436054739,0.0176661215585114,"baggage","other products","smuggled commercial products",0.00218340611353712,3.16672238356908e-05,2.59832829813841e-05,3.85723178133437e-05
"259","Land Border - Truck - Conveyance - CBP SB","TECATE, CA (2505)",-4.48023664630287,0.0112037843893937,0.00912106339394247,0.0137554759230022,"baggage","other products","smuggled commercial products",0.00218340611353712,2.4462411330554e-05,1.99149855762936e-05,3.00337902248956e-05
"260","Land Border - Truck - Conveyance - CBP SB","YSLETA, TX (2401)",-5.21975504404494,0.0053795576808129,0.00412236407246492,0.00701745481052608,"baggage","other products","smuggled commercial products",0.00218340611353712,1.17457591284125e-05,9.00079491804567e-06,1.53219537347731e-05
"261","Land Border - Truck - Conveyance - CBP SB","BROWNSVILLE, TX (2301)",-4.59392681461847,0.0100118179588378,0.00913114151857511,0.0109764925793805,"baggage","swine products/by-products","personal use or consumption",0.911693352741388,0.00912770788192923,0.00832480102542582,0.0100071953210364
"262","Land Border - Truck - Conveyance - CBP SB","CALEXICO-EAST (2507)",-4.61602845225863,0.00979511143062545,0.00812469949656533,0.0118048672852957,"baggage","swine products/by-products","personal use or consumption",0.911693352741388,0.00893013798066241,0.00740723452403991,0.0107624190339984
"263","Land Border - Truck - Conveyance - CBP SB","CALEXICO, CA (2503)",-4.41699209708142,0.0119265256376774,0.010096148615771,0.014084018821517,"baggage","swine products/by-products","personal use or consumption",0.911693352741388,0.0108733341451702,0.00920459158128756,0.0128403063394616
"264","Land Border - Truck - Conveyance - CBP SB","COLUMBUS, NM (2406)",-2.58366648141447,0.0701970443349754,0.0545317959833498,0.089934360797078,"baggage","swine products/by-products","personal use or consumption",0.911693352741388,0.0639981787022895,0.0497162759110695,0.0819925589217416
"265","Land Border - Truck - Conveyance - CBP SB","DOUGLAS, AZ (2601)",-4.14238650338618,0.01563651248465,0.0135820766633015,0.0179960345473211,"baggage","swine products/by-products","personal use or consumption",0.911693352741388,0.0142557044923131,0.0123826890103559,0.016406865072497
"266","Land Border - Truck - Conveyance - CBP SB","EAGLE PASS, TX (2303)",-4.293771586919,0.0134694307060928,0.0119251950135756,0.0152105565991126,"baggage","swine products/by-products","personal use or consumption",0.911693352741388,0.0122799904399555,0.0108721210240216,0.0138673633429076
"267","Land Border - Truck - Conveyance - CBP SB","EL PASO, TX (2402)",-4.71807762355307,0.00885325315292742,0.00774224780147146,0.0101220604042792,"baggage","swine products/by-products","personal use or consumption",0.911693352741388,0.00807145204966066,0.00705855585587815,0.00922821518662813
"268","Land Border - Truck - Conveyance - CBP SB","HIDALGO, TX (2305)",-4.06425021837366,0.0168858338314405,0.0154096880845613,0.0185007274956539,"baggage","swine products/by-products","personal use or consumption",0.911693352741388,0.01539470245962,0.0140489101945127,0.0168669902786675
"269","Land Border - Truck - Conveyance - CBP SB","LAREDO, TX (2304)",-4.52038772807042,0.0107675993147891,0.00908584884868771,0.0127566270080542,"baggage","swine products/by-products","personal use or consumption",0.911693352741388,0.00981674872027596,0.00828350799936157,0.0116301320466443
"270","Land Border - Truck - Conveyance - CBP SB","NOGALES, AZ (2604)",-3.76773487786671,0.0225825825825826,0.0208115961093257,0.0245005023639066,"baggage","swine products/by-products","personal use or consumption",0.911693352741388,0.020588390428274,0.0189737938328107,0.0223369451439983
"271","Land Border - Truck - Conveyance - CBP SB","OTAY MESA (2506)",-3.23510036955621,0.037865990990991,0.0348493823196274,0.0411325928736953,"baggage","swine products/by-products","personal use or consumption",0.911693352741388,0.0345221722814517,0.0317719502079476,0.0375003115039658
"272","Land Border - Truck - Conveyance - CBP SB","PROGRESO, TX (2309)",-6.50088918995834,0.00149985001499851,0.00090439556140858,0.00248637629474092,"baggage","swine products/by-products","personal use or consumption",0.911693352741388,0.00136740328878321,0.000824531421585018,0.00226681274032906
"273","Land Border - Truck - Conveyance - CBP SB","ROMA, TX (2310)",-3.59692079454313,0.0266768292682927,0.0211575421279286,0.033586508803842,"baggage","swine products/by-products","personal use or consumption",0.911693352741388,0.0243210879161193,0.0192891905183784,0.0306205968182528
"274","Land Border - Truck - Conveyance - CBP SB","SAN LUIS, AZ (2608)",-4.22888200291763,0.0143594707970313,0.0124088793568549,0.0166115245267404,"baggage","swine products/by-products","personal use or consumption",0.911693352741388,0.0130914340745375,0.0113130928246144,0.0151446164899298
"275","Land Border - Truck - Conveyance - CBP SB","SAN YSIDRO (2504)",-3.44015968257264,0.0310636775578345,0.0285427459399033,0.0337995144261142,"baggage","swine products/by-products","personal use or consumption",0.911693352741388,0.0283205483411795,0.0260222317423961,0.030814792628175
"276","Land Border - Truck - Conveyance - CBP SB","SANTA TERESA NM (2408)",-4.21874938254934,0.0145035885167464,0.0119003436054739,0.0176661215585114,"baggage","swine products/by-products","personal use or consumption",0.911693352741388,0.013222825241614,0.0108494641604491,0.0161060855936162
"277","Land Border - Truck - Conveyance - CBP SB","TECATE, CA (2505)",-4.48023664630287,0.0112037843893937,0.00912106339394247,0.0137554759230022,"baggage","swine products/by-products","personal use or consumption",0.911693352741388,0.010214415753358,0.00831561286619015,0.0125407759627953
"278","Land Border - Truck - Conveyance - CBP SB","YSLETA, TX (2401)",-5.21975504404494,0.0053795576808129,0.00412236407246492,0.00701745481052608,"baggage","swine products/by-products","personal use or consumption",0.911693352741388,0.004904506978286,0.00375833192244618,0.0063977669039197
"279","Land Border - Truck - Conveyance - CBP SB","BROWNSVILLE, TX (2301)",-4.59392681461847,0.0100118179588378,0.00913114151857511,0.0109764925793805,"baggage","swine products/by-products","smuggled commercial products",0.0160116448326055,0.000160305673285612,0.000146204594911683,0.000175751700688771
"280","Land Border - Truck - Conveyance - CBP SB","CALEXICO-EAST (2507)",-4.61602845225863,0.00979511143062545,0.00812469949656533,0.0118048672852957,"baggage","swine products/by-products","smuggled commercial products",0.0160116448326055,0.000156835845322969,0.000130089802710653,0.000189015342268199
"281","Land Border - Truck - Conveyance - CBP SB","CALEXICO, CA (2503)",-4.41699209708142,0.0119265256376774,0.010096148615771,0.014084018821517,"baggage","swine products/by-products","smuggled commercial products",0.0160116448326055,0.000190963292597454,0.000161655945812927,0.000225508307185861
"282","Land Border - Truck - Conveyance - CBP SB","COLUMBUS, NM (2406)",-2.58366648141447,0.0701970443349754,0.0545317959833498,0.089934360797078,"baggage","swine products/by-products","smuggled commercial products",0.0160116448326055,0.00112397014219029,0.000873143749369502,0.00143999704333022
"283","Land Border - Truck - Conveyance - CBP SB","DOUGLAS, AZ (2601)",-4.14238650338618,0.01563651248465,0.0135820766633015,0.0179960345473211,"baggage","swine products/by-products","smuggled commercial products",0.0160116448326055,0.000250366284324818,0.000217471387622004,0.000288146113567005
"284","Land Border - Truck - Conveyance - CBP SB","EAGLE PASS, TX (2303)",-4.293771586919,0.0134694307060928,0.0119251950135756,0.0152105565991126,"baggage","swine products/by-products","smuggled commercial products",0.0160116448326055,0.000215667740563349,0.00019094198711693,0.000243546029971235
"285","Land Border - Truck - Conveyance - CBP SB","EL PASO, TX (2402)",-4.71807762355307,0.00885325315292742,0.00774224780147146,0.0101220604042792,"baggage","swine products/by-products","smuggled commercial products",0.0160116448326055,0.000141755145097819,0.000123966122003182,0.000162070836167498
"286","Land Border - Truck - Conveyance - CBP SB","HIDALGO, TX (2305)",-4.06425021837366,0.0168858338314405,0.0154096880845613,0.0185007274956539,"baggage","swine products/by-products","smuggled commercial products",0.0160116448326055,0.00027036997401142,0.000246734452591229,0.00029622707780523
"287","Land Border - Truck - Conveyance - CBP SB","LAREDO, TX (2304)",-4.52038772807042,0.0107675993147891,0.00908584884868771,0.0127566270080542,"baggage","swine products/by-products","smuggled commercial products",0.0160116448326055,0.00017240697592821,0.000145479384767925,0.000204254580914987
"288","Land Border - Truck - Conveyance - CBP SB","NOGALES, AZ (2604)",-3.76773487786671,0.0225825825825826,0.0208115961093257,0.0245005023639066,"baggage","swine products/by-products","smuggled commercial products",0.0160116448326055,0.000361584291715296,0.000333227885302158,0.000392293342071285
"289","Land Border - Truck - Conveyance - CBP SB","OTAY MESA (2506)",-3.23510036955621,0.037865990990991,0.0348493823196274,0.0411325928736953,"baggage","swine products/by-products","smuggled commercial products",0.0160116448326055,0.000606296798982388,0.000557995932337557,0.000658600468137771
"290","Land Border - Truck - Conveyance - CBP SB","PROGRESO, TX (2309)",-6.50088918995834,0.00149985001499851,0.00090439556140858,0.00248637629474092,"baggage","swine products/by-products","smuggled commercial products",0.0160116448326055,2.40150657423342e-05,1.44808605174591e-05,3.98109741516014e-05
"291","Land Border - Truck - Conveyance - CBP SB","ROMA, TX (2310)",-3.59692079454313,0.0266768292682927,0.0211575421279286,0.033586508803842,"baggage","swine products/by-products","smuggled commercial products",0.0160116448326055,0.000427139915503958,0.000338767050083283,0.000537775250134297
"292","Land Border - Truck - Conveyance - CBP SB","SAN LUIS, AZ (2608)",-4.22888200291763,0.0143594707970313,0.0124088793568549,0.0166115245267404,"baggage","swine products/by-products","smuggled commercial products",0.0160116448326055,0.000229918746386236,0.00019868656903261,0.000265977830850284
"293","Land Border - Truck - Conveyance - CBP SB","SAN YSIDRO (2504)",-3.44015968257264,0.0310636775578345,0.0285427459399033,0.0337995144261142,"baggage","swine products/by-products","smuggled commercial products",0.0160116448326055,0.000497380572250625,0.000457016310537026,0.000541185820505468
"294","Land Border - Truck - Conveyance - CBP SB","SANTA TERESA NM (2408)",-4.21874938254934,0.0145035885167464,0.0119003436054739,0.0176661215585114,"baggage","swine products/by-products","smuggled commercial products",0.0160116448326055,0.000232226308128399,0.000190544075196817,0.000282863663964521
"295","Land Border - Truck - Conveyance - CBP SB","TECATE, CA (2505)",-4.48023664630287,0.0112037843893937,0.00912106339394247,0.0137554759230022,"baggage","swine products/by-products","smuggled commercial products",0.0160116448326055,0.000179391016424063,0.000146043227559486,0.000220247794982568
"296","Land Border - Truck - Conveyance - CBP SB","YSLETA, TX (2401)",-5.21975504404494,0.0053795576808129,0.00412236407246492,0.00701745481052608,"baggage","swine products/by-products","smuggled commercial products",0.0160116448326055,8.61355669416913e-05,6.60058293990016e-05,0.000112360994055003
"297","Land Border - Truck - Conveyance - CBP SB","BROWNSVILLE, TX (2301)",-4.59392681461847,0.0100118179588378,0.00913114151857511,0.0109764925793805,"conveyance","fomite","plant based feed",0.000242600679281902,2.42887383766078e-06,2.2152211350255e-06,2.66290455589046e-06
"298","Land Border - Truck - Conveyance - CBP SB","CALEXICO-EAST (2507)",-4.61602845225863,0.00979511143062545,0.00812469949656533,0.0118048672852957,"conveyance","fomite","plant based feed",0.000242600679281902,2.37630068671166e-06,1.97105761682808e-06,2.86386882224544e-06
"299","Land Border - Truck - Conveyance - CBP SB","CALEXICO, CA (2503)",-4.41699209708142,0.0119265256376774,0.010096148615771,0.014084018821517,"conveyance","fomite","plant based feed",0.000242600679281902,2.89338322117355e-06,2.44933251231707e-06,3.41679253311911e-06
"300","Land Border - Truck - Conveyance - CBP SB","COLUMBUS, NM (2406)",-2.58366648141447,0.0701970443349754,0.0545317959833498,0.089934360797078,"conveyance","fomite","plant based feed",0.000242600679281902,1.70298506392468e-05,1.32294507480228e-05,2.18181370201548e-05
"301","Land Border - Truck - Conveyance - CBP SB","DOUGLAS, AZ (2601)",-4.14238650338618,0.01563651248465,0.0135820766633015,0.0179960345473211,"conveyance","fomite","plant based feed",0.000242600679281902,3.79342855037603e-06,3.29502102457581e-06,4.36585020556068e-06
"302","Land Border - Truck - Conveyance - CBP SB","EAGLE PASS, TX (2303)",-4.293771586919,0.0134694307060928,0.0119251950135756,0.0152105565991126,"conveyance","fomite","plant based feed",0.000242600679281902,3.26769303883862e-06,2.89306041086258e-06,3.69009136320054e-06
"303","Land Border - Truck - Conveyance - CBP SB","EL PASO, TX (2402)",-4.71807762355307,0.00885325315292742,0.00774224780147146,0.0101220604042792,"conveyance","fomite","plant based feed",0.000242600679281902,2.14780522875483e-06,1.87827457580579e-06,2.45561872981057e-06
"304","Land Border - Truck - Conveyance - CBP SB","HIDALGO, TX (2305)",-4.06425021837366,0.0168858338314405,0.0154096880845613,0.0185007274956539,"conveyance","fomite","plant based feed",0.000242600679281902,4.09651475774879e-06,3.7384007968368e-06,4.488289057655e-06
"305","Land Border - Truck - Conveyance - CBP SB","LAREDO, TX (2304)",-4.52038772807042,0.0107675993147891,0.00908584884868771,0.0127566270080542,"conveyance","fomite","plant based feed",0.000242600679281902,2.61222690800318e-06,2.20423310254432e-06,3.0947663774998e-06
"306","Land Border - Truck - Conveyance - CBP SB","NOGALES, AZ (2604)",-3.76773487786671,0.0225825825825826,0.0208115961093257,0.0245005023639066,"conveyance","fomite","plant based feed",0.000242600679281902,5.47854987447418e-06,5.048907353063e-06,5.94383851623159e-06
"307","Land Border - Truck - Conveyance - CBP SB","OTAY MESA (2506)",-3.23510036955621,0.037865990990991,0.0348493823196274,0.0411325928736953,"conveyance","fomite","plant based feed",0.000242600679281902,9.18631513609679e-06,8.45448382329632e-06,9.9787949717844e-06
"308","Land Border - Truck - Conveyance - CBP SB","PROGRESO, TX (2309)",-6.50088918995834,0.00149985001499851,0.00090439556140858,0.00248637629474092,"conveyance","fomite","plant based feed",0.000242600679281902,1.23735605262319e-06,1.23735605262319e-06,6.03196578054566e-07
"309","Land Border - Truck - Conveyance - CBP SB","ROMA, TX (2310)",-3.59692079454313,0.0266768292682927,0.0211575421279286,0.033586508803842,"conveyance","fomite","plant based feed",0.000242600679281902,6.47181690157513e-06,5.13283409217095e-06,8.14810985051965e-06
"310","Land Border - Truck - Conveyance - CBP SB","SAN LUIS, AZ (2608)",-4.22888200291763,0.0143594707970313,0.0124088793568549,0.0166115245267404,"conveyance","fomite","plant based feed",0.000242600679281902,3.48361736948843e-06,3.01040256110016e-06,4.02996713409521e-06
"311","Land Border - Truck - Conveyance - CBP SB","SAN YSIDRO (2504)",-3.44015968257264,0.0310636775578345,0.0285427459399033,0.0337995144261142,"conveyance","fomite","plant based feed",0.000242600679281902,7.53606927652462e-06,6.9244895535913e-06,8.19978515917375e-06
"312","Land Border - Truck - Conveyance - CBP SB","SANTA TERESA NM (2408)",-4.21874938254934,0.0145035885167464,0.0119003436054739,0.0176661215585114,"conveyance","fomite","plant based feed",0.000242600679281902,3.51858042618787e-06,2.88703144237601e-06,4.28581309037153e-06
"313","Land Border - Truck - Conveyance - CBP SB","TECATE, CA (2505)",-4.48023664630287,0.0112037843893937,0.00912106339394247,0.0137554759230022,"conveyance","fomite","plant based feed",0.000242600679281902,2.71804570339489e-06,2.21277617514373e-06,3.33708780276618e-06
"314","Land Border - Truck - Conveyance - CBP SB","YSLETA, TX (2401)",-5.21975504404494,0.0053795576808129,0.00412236407246492,0.00701745481052608,"conveyance","fomite","plant based feed",0.000242600679281902,1.30508434760138e-06,1.0000883242273e-06,1.70243930386368e-06
"315","Maritime Port - Vessel - Mail - CBP","CHICAGO, IL (3901)",-31.9755561696467,1.29775407045734e-14,0,1,"package","other products","animal-based feed",0.2,1.06416567528837e-15,1.06416567528837e-15,2.12833135057674e-15
"316","Maritime Port - Vessel - Mail - CBP","JOHN F KENNEDY AIRPORT (4701)",-32.2181735399895,1.01818106108703e-14,0,1,"package","other products","animal-based feed",0.2,1.06416567528837e-15,1.06416567528837e-15,2.12833135057674e-15
"317","Maritime Port - Vessel - Mail - CBP","LOS ANGELES INT AIRPORT (2720)",-32.0521050382239,1.20211951789239e-14,0,1,"package","other products","animal-based feed",0.2,1.06416567528837e-15,1.06416567528837e-15,2.12833135057674e-15
"318","Maritime Port - Vessel - Mail - CBP","MIAMI INTERNATIONAL AIRPORT (5206)",-8.28425179762191,0.000252397778899548,8.14042913250521e-05,0.000782290008240511,"package","other products","animal-based feed",0.2,5.04795557799097e-05,1.62808582650104e-05,0.000156458001648102
"319","Maritime Port - Vessel - Mail - CBP","NEW YORK/NEWARK AREA (4601)",-32.2191221134457,1.01721569948945e-14,0,1,"package","other products","animal-based feed",0.2,1.06416567528837e-15,1.06416567528837e-15,2.12833135057674e-15
"320","Maritime Port - Vessel - Mail - CBP","SAN FRANCISCO, CA (2809)",-5.02194366182511,0.00654853620955327,0.00407468972804138,0.0105084694226744,"package","other products","animal-based feed",0.2,0.00130970724191065,0.000814937945608275,0.00210169388453488
"321","Maritime Port - Vessel - Mail - CBP","CHICAGO, IL (3901)",-31.9755561696467,1.29775407045734e-14,0,1,"package","swine products/by-products","personal use or consumption",0.8,4.25666270115349e-15,4.25666270115349e-15,8.51332540230698e-15
"322","Maritime Port - Vessel - Mail - CBP","JOHN F KENNEDY AIRPORT (4701)",-32.2181735399895,1.01818106108703e-14,0,1,"package","swine products/by-products","personal use or consumption",0.8,4.25666270115349e-15,4.25666270115349e-15,8.51332540230698e-15
"323","Maritime Port - Vessel - Mail - CBP","LOS ANGELES INT AIRPORT (2720)",-32.0521050382239,1.20211951789239e-14,0,1,"package","swine products/by-products","personal use or consumption",0.8,4.25666270115349e-15,4.25666270115349e-15,8.51332540230698e-15
"324","Maritime Port - Vessel - Mail - CBP","MIAMI INTERNATIONAL AIRPORT (5206)",-8.28425179762191,0.000252397778899548,8.14042913250521e-05,0.000782290008240511,"package","swine products/by-products","personal use or consumption",0.8,0.000201918223119639,6.51234330600417e-05,0.000625832006592409
"325","Maritime Port - Vessel - Mail - CBP","NEW YORK/NEWARK AREA (4601)",-32.2191221134457,1.01721569948945e-14,0,1,"package","swine products/by-products","personal use or consumption",0.8,4.25666270115349e-15,4.25666270115349e-15,8.51332540230698e-15
"326","Maritime Port - Vessel - Mail - CBP","SAN FRANCISCO, CA (2809)",-5.02194366182511,0.00654853620955327,0.00407468972804138,0.0105084694226744,"package","swine products/by-products","personal use or consumption",0.8,0.00523882896764261,0.0032597517824331,0.0084067755381395
"327","Pedestrian SB","BROWNSVILLE, TX (2301)",-6.20769061065599,0.00200983536454992,0.00151039320089342,0.00267398593662369,"baggage","other products","unspecified feed",0.0159574468085106,3.2071840923669e-05,2.41020191631929e-05,4.26699883503781e-05
"328","Pedestrian SB","CALEXICO-EAST (2507)",-26.5495327895962,2.94906545819406e-12,0,1,"baggage","other products","unspecified feed",0.0159574468085106,4.92817999027506e-06,4.92817999027506e-06,9.85635998055012e-06
"329","Pedestrian SB","CALEXICO, CA (2503)",-5.75415868198127,0.00315955766192733,0.00255192820099544,0.00391130001833843,"baggage","other products","unspecified feed",0.0159574468085106,5.04184733286276e-05,4.0722258526523e-05,6.24143619947621e-05
"330","Pedestrian SB","DOUGLAS, AZ (2601)",-7.86798086966906,0.000382660033892746,0.000182435208741544,0.00080245762957569,"baggage","other products","unspecified feed",0.0159574468085106,6.10627713658637e-06,2.91120013949272e-06,1.28051749400376e-05
"331","Pedestrian SB","EL PASO, TX (2402)",-7.33416615160576,0.00065242211710977,0.000450504347563347,0.000944754663180587,"baggage","other products","unspecified feed",0.0159574468085106,1.04109912304751e-05,7.18889916324489e-06,1.50758722847966e-05
"332","Pedestrian SB","HIDALGO, TX (2305)",-6.3999805520494,0.00165883328725463,0.00122612908659631,0.00224389687663117,"baggage","other products","unspecified feed",0.0159574468085106,2.64707439455526e-05,1.95658896797284e-05,3.5806865052625e-05
"333","Pedestrian SB","LAREDO, TX (2304)",-5.67415999517363,0.0034218030269796,0.00274160343732927,0.00427003947372066,"baggage","other products","unspecified feed",0.0159574468085106,5.46032397922277e-05,4.37489910212118e-05,6.81389277721382e-05
"334","Pedestrian SB","Nogales - Grand Ave.",-5.92104208281144,0.00267522739432852,0.00209840737814041,0.00341006455601908,"baggage","other products","unspecified feed",0.0159574468085106,4.26897988456678e-05,3.34852241192618e-05,5.4415923766262e-05
"335","Pedestrian SB","OTAY MESA (2506)",-6.06163085919737,0.00232517785875412,0.00183044903616158,0.00295322503997109,"baggage","other products","unspecified feed",0.0159574468085106,3.71039020013956e-05,2.9209293130238e-05,4.71259314889003e-05
"336","Pedestrian SB","SAN LUIS, AZ (2608)",-6.85912760161101,0.00104872841679464,0.000724193727924041,0.0015184766226644,"baggage","other products","unspecified feed",0.0159574468085106,1.6735027927574e-05,1.15562828924049e-05,2.4231009936134e-05
"337","Pedestrian SB","SAN YSIDRO (2504)",-5.6525903897217,0.00349615087235688,0.00288563338243589,0.00423528775434488,"baggage","other products","unspecified feed",0.0159574468085106,5.57896415801629e-05,4.60473412090833e-05,6.75843790586949e-05
"338","Pedestrian SB","TECATE, CA (2505)",-7.38894609761844,0.000617665225447807,0.000358680335779096,0.00106345103996236,"baggage","other products","unspecified feed",0.0159574468085106,9.85635998055012e-06,5.72362237945365e-06,1.69699634036546e-05
"339","Pedestrian SB","YSLETA, TX (2401)",-8.43706714693695,0.000216637781629117,3.05144565504353e-05,0.0015362786202477,"baggage","other products","unspecified feed",0.0159574468085106,3.45698587706037e-06,4.8693281729418e-07,2.45150843656548e-05
"340","Pedestrian SB","BROWNSVILLE, TX (2301)",-6.20769061065599,0.00200983536454992,0.00151039320089342,0.00267398593662369,"baggage","swine products/by-products","personal use or consumption",0.976950354609929,0.00196350937210462,0.00147557917321325,0.00261235150900648
"341","Pedestrian SB","CALEXICO-EAST (2507)",-26.5495327895962,2.94906545819406e-12,0,1,"baggage","swine products/by-products","personal use or consumption",0.976950354609929,0.000301714130515729,0.000301714130515729,0.000603428261031457
"342","Pedestrian SB","CALEXICO, CA (2503)",-5.75415868198127,0.00315955766192733,0.00255192820099544,0.00391130001833843,"baggage","swine products/by-products","personal use or consumption",0.976950354609929,0.00308673097823042,0.00249310716090157,0.00382114593990155
"343","Pedestrian SB","DOUGLAS, AZ (2601)",-7.86798086966906,0.000382660033892746,0.000182435208741544,0.00080245762957569,"baggage","swine products/by-products","personal use or consumption",0.976950354609929,0.000373839855806566,0.000178230141873388,0.000783961265773414
"344","Pedestrian SB","EL PASO, TX (2402)",-7.33416615160576,0.00065242211710977,0.000450504347563347,0.000944754663180587,"baggage","swine products/by-products","personal use or consumption",0.976950354609929,0.000637384018665751,0.000440120382105326,0.000922978403213658
"345","Pedestrian SB","HIDALGO, TX (2305)",-6.3999805520494,0.00165883328725463,0.00122612908659631,0.00224389687663117,"baggage","swine products/by-products","personal use or consumption",0.976950354609929,0.00162059776822217,0.00119786724594782,0.00219217584933293
"346","Pedestrian SB","LAREDO, TX (2304)",-5.67415999517363,0.0034218030269796,0.00274160343732927,0.00427003947372066,"baggage","swine products/by-products","personal use or consumption",0.976950354609929,0.00334293168061305,0.00267841045029863,0.00417161657804979
"347","Pedestrian SB","Nogales - Grand Ave.",-5.92104208281144,0.00267522739432852,0.00209840737814041,0.00341006455601908,"baggage","swine products/by-products","personal use or consumption",0.976950354609929,0.00261356435155144,0.00205003983219036,0.0033314637772456
"348","Pedestrian SB","OTAY MESA (2506)",-6.06163085919737,0.00232517785875412,0.00183044903616158,0.00295322503997109,"baggage","swine products/by-products","personal use or consumption",0.976950354609929,0.002271583333641,0.00178825783497346,0.00288515425004268
"349","Pedestrian SB","SAN LUIS, AZ (2608)",-6.85912760161101,0.00104872841679464,0.000724193727924041,0.0015184766226644,"baggage","swine products/by-products","personal use or consumption",0.976950354609929,0.00102455559867703,0.000707501319301678,0.00148347627497887
"350","Pedestrian SB","SAN YSIDRO (2504)",-5.6525903897217,0.00349615087235688,0.00288563338243589,0.00423528775434488,"baggage","swine products/by-products","personal use or consumption",0.976950354609929,0.00341556583451886,0.00281912055624499,0.00413766587348232
"351","Pedestrian SB","TECATE, CA (2505)",-7.38894609761844,0.000617665225447807,0.000358680335779096,0.00106345103996236,"baggage","swine products/by-products","personal use or consumption",0.976950354609929,0.000603428261031457,0.000350412881230996,0.00103893887060152
"352","Pedestrian SB","YSLETA, TX (2401)",-8.43706714693695,0.000216637781629117,3.05144565504353e-05,0.0015362786202477,"baggage","swine products/by-products","personal use or consumption",0.976950354609929,0.000211644357584474,2.9811109147677e-05,0.00150086794283064
"353","Pedestrian SB","BROWNSVILLE, TX (2301)",-6.20769061065599,0.00200983536454992,0.00151039320089342,0.00267398593662369,"baggage","swine products/by-products","smuggled commercial products",0.00709219858156028,1.42541515216307e-05,1.07120085169746e-05,1.89644392668347e-05
"354","Pedestrian SB","CALEXICO-EAST (2507)",-26.5495327895962,2.94906545819406e-12,0,1,"baggage","swine products/by-products","smuggled commercial products",0.00709219858156028,2.19030221790003e-06,2.19030221790003e-06,4.38060443580005e-06
"355","Pedestrian SB","CALEXICO, CA (2503)",-5.75415868198127,0.00315955766192733,0.00255192820099544,0.00391130001833843,"baggage","swine products/by-products","smuggled commercial products",0.00709219858156028,2.24082103682789e-05,1.80987815673435e-05,2.77397164421165e-05
"356","Pedestrian SB","DOUGLAS, AZ (2601)",-7.86798086966906,0.000382660033892746,0.000182435208741544,0.00080245762957569,"baggage","swine products/by-products","smuggled commercial products",0.00709219858156028,2.71390094959394e-06,1.29386672866343e-06,5.69118886223894e-06
"357","Pedestrian SB","EL PASO, TX (2402)",-7.33416615160576,0.00065242211710977,0.000450504347563347,0.000944754663180587,"baggage","swine products/by-products","smuggled commercial products",0.00709219858156028,4.62710721354447e-06,3.19506629477551e-06,6.70038768213182e-06
"358","Pedestrian SB","HIDALGO, TX (2305)",-6.3999805520494,0.00165883328725463,0.00122612908659631,0.00224389687663117,"baggage","swine products/by-products","smuggled commercial products",0.00709219858156028,1.17647750869123e-05,8.69595096876819e-06,1.59141622456111e-05
"359","Pedestrian SB","LAREDO, TX (2304)",-5.67415999517363,0.0034218030269796,0.00274160343732927,0.00427003947372066,"baggage","swine products/by-products","smuggled commercial products",0.00709219858156028,2.42681065743234e-05,1.94439960094275e-05,3.02839678987281e-05
"360","Pedestrian SB","Nogales - Grand Ave.",-5.92104208281144,0.00267522739432852,0.00209840737814041,0.00341006455601908,"baggage","swine products/by-products","smuggled commercial products",0.00709219858156028,1.89732439314079e-05,1.4882321830783e-05,2.41848550072276e-05
"361","Pedestrian SB","OTAY MESA (2506)",-6.06163085919737,0.00232517785875412,0.00183044903616158,0.00295322503997109,"baggage","swine products/by-products","smuggled commercial products",0.00709219858156028,1.64906231117314e-05,1.29819080578836e-05,2.09448584395113e-05
"362","Pedestrian SB","SAN LUIS, AZ (2608)",-6.85912760161101,0.00104872841679464,0.000724193727924041,0.0015184766226644,"baggage","swine products/by-products","smuggled commercial products",0.00709219858156028,7.43779019003288e-06,5.13612572995774e-06,1.07693377493929e-05
"363","Pedestrian SB","SAN YSIDRO (2504)",-5.6525903897217,0.00349615087235688,0.00288563338243589,0.00423528775434488,"baggage","swine products/by-products","smuggled commercial products",0.00709219858156028,2.47953962578502e-05,2.04654849818148e-05,3.00375018038644e-05
"364","Pedestrian SB","TECATE, CA (2505)",-7.38894609761844,0.000617665225447807,0.000358680335779096,0.00106345103996236,"baggage","swine products/by-products","smuggled commercial products",0.00709219858156028,4.38060443580005e-06,2.54383216864607e-06,7.54220595717983e-06
"365","Pedestrian SB","YSLETA, TX (2401)",-8.43706714693695,0.000216637781629117,3.05144565504353e-05,0.0015362786202477,"baggage","swine products/by-products","smuggled commercial products",0.00709219858156028,1.53643816758239e-06,2.1641458546408e-07,1.08955930514021e-05
