"pathway","group","location","estimate","probability","ci_lower","ci_upper","p_value","significant"
"Airport - Aircraft - Passenger - Predeparture","Airport - Aircraft - Passenger - Predeparture;baggage;swine products/by-products;personal use or consumption","Aguada",-26.5660685235433,2.90070146545401e-12,0,1,0.999896907580029,FALSE
"Airport - Aircraft - Passenger - Predeparture","Airport - Aircraft - Passenger - Predeparture;baggage;swine products/by-products;personal use or consumption","Aguadilla Predeparture",-9.33424950996049e-14,2.90070146545374e-12,0,1,1,FALSE
"Airport - Aircraft - Passenger - Predeparture","Airport - Aircraft - Passenger - Predeparture;baggage;swine products/by-products;personal use or consumption","Carolina PIS",3.29865240491585e-19,2.90070146545401e-12,0,1,1,FALSE
"Airport - Aircraft - Passenger - Predeparture","Airport - Aircraft - Passenger - Predeparture;baggage;swine products/by-products;personal use or consumption","Carolina Predeparture",3.29856001938481e-19,2.90070146545401e-12,0,1,1,FALSE
"Airport - Aircraft - Passenger - Predeparture","Airport - Aircraft - Passenger - Predeparture;baggage;swine products/by-products;personal use or consumption","Carolina Predeparture - A",3.29861508444854e-19,2.90070146545401e-12,0,1,1,FALSE
"Airport - Aircraft - Passenger - Predeparture","Airport - Aircraft - Passenger - Predeparture;baggage;swine products/by-products;personal use or consumption","Carolina Predeparture - B",3.29865507626271e-19,2.90070146545401e-12,0,1,1,FALSE
"Airport - Aircraft - Passenger - Predeparture","Airport - Aircraft - Passenger - Predeparture;baggage;swine products/by-products;personal use or consumption","Hilo Predeparture",3.29856392749562e-19,2.90070146545401e-12,0,1,1,FALSE
"Airport - Aircraft - Passenger - Predeparture","Airport - Aircraft - Passenger - Predeparture;baggage;swine products/by-products;personal use or consumption","Honolulu Predeparture",3.29864194851791e-19,2.90070146545401e-12,0,1,1,FALSE
"Airport - Aircraft - Passenger - Predeparture","Airport - Aircraft - Passenger - Predeparture;baggage;swine products/by-products;personal use or consumption","Kahului Predeparture",3.2986099486146e-19,2.90070146545401e-12,0,1,1,FALSE
"Airport - Aircraft - Passenger - Predeparture","Airport - Aircraft - Passenger - Predeparture;baggage;swine products/by-products;personal use or consumption","Kailua-Kona Predeparture",3.29864667711926e-19,2.90070146545401e-12,0,1,1,FALSE
"Airport - Aircraft - Passenger - Predeparture","Airport - Aircraft - Passenger - Predeparture;baggage;swine products/by-products;personal use or consumption","Kailua-Kona Predeparture - AQ",3.29877590256549e-19,2.90070146545401e-12,0,1,1,FALSE
"Airport - Aircraft - Passenger - Predeparture","Airport - Aircraft - Passenger - Predeparture;baggage;swine products/by-products;personal use or consumption","Lihue Predeparture",3.29861069605348e-19,2.90070146545401e-12,0,1,1,FALSE
"Airport - Aircraft - Passenger - Predeparture","Airport - Aircraft - Passenger - Predeparture;baggage;swine products/by-products;personal use or consumption","Ponce Predeparture",3.29863725967757e-19,2.90070146545401e-12,0,1,1,FALSE
"Airport - Aircraft - Passenger - Predeparture","Airport - Aircraft - Passenger - Predeparture;baggage;swine products/by-products;personal use or consumption","Average",NA,0,0,0,NA,NA
"Airport - Aircraft - Passenger - Predeparture","Airport - Aircraft - Passenger - Predeparture;NA;NA;smuggled commercial products","Aguada",-26.5660685235433,2.90070146545401e-12,0,1,0.999896907580029,FALSE
"Airport - Aircraft - Passenger - Predeparture","Airport - Aircraft - Passenger - Predeparture;NA;NA;smuggled commercial products","Aguadilla Predeparture",-9.33424950996049e-14,2.90070146545374e-12,0,1,1,FALSE
"Airport - Aircraft - Passenger - Predeparture","Airport - Aircraft - Passenger - Predeparture;NA;NA;smuggled commercial products","Carolina PIS",3.29865240491585e-19,2.90070146545401e-12,0,1,1,FALSE
"Airport - Aircraft - Passenger - Predeparture","Airport - Aircraft - Passenger - Predeparture;NA;NA;smuggled commercial products","Carolina Predeparture",3.29856001938481e-19,2.90070146545401e-12,0,1,1,FALSE
"Airport - Aircraft - Passenger - Predeparture","Airport - Aircraft - Passenger - Predeparture;NA;NA;smuggled commercial products","Carolina Predeparture - A",3.29861508444854e-19,2.90070146545401e-12,0,1,1,FALSE
"Airport - Aircraft - Passenger - Predeparture","Airport - Aircraft - Passenger - Predeparture;NA;NA;smuggled commercial products","Carolina Predeparture - B",3.29865507626271e-19,2.90070146545401e-12,0,1,1,FALSE
"Airport - Aircraft - Passenger - Predeparture","Airport - Aircraft - Passenger - Predeparture;NA;NA;smuggled commercial products","Hilo Predeparture",3.29856392749562e-19,2.90070146545401e-12,0,1,1,FALSE
"Airport - Aircraft - Passenger - Predeparture","Airport - Aircraft - Passenger - Predeparture;NA;NA;smuggled commercial products","Honolulu Predeparture",3.29864194851791e-19,2.90070146545401e-12,0,1,1,FALSE
"Airport - Aircraft - Passenger - Predeparture","Airport - Aircraft - Passenger - Predeparture;NA;NA;smuggled commercial products","Kahului Predeparture",3.2986099486146e-19,2.90070146545401e-12,0,1,1,FALSE
"Airport - Aircraft - Passenger - Predeparture","Airport - Aircraft - Passenger - Predeparture;NA;NA;smuggled commercial products","Kailua-Kona Predeparture",3.29864667711926e-19,2.90070146545401e-12,0,1,1,FALSE
"Airport - Aircraft - Passenger - Predeparture","Airport - Aircraft - Passenger - Predeparture;NA;NA;smuggled commercial products","Kailua-Kona Predeparture - AQ",3.29877590256549e-19,2.90070146545401e-12,0,1,1,FALSE
"Airport - Aircraft - Passenger - Predeparture","Airport - Aircraft - Passenger - Predeparture;NA;NA;smuggled commercial products","Lihue Predeparture",3.29861069605348e-19,2.90070146545401e-12,0,1,1,FALSE
"Airport - Aircraft - Passenger - Predeparture","Airport - Aircraft - Passenger - Predeparture;NA;NA;smuggled commercial products","Ponce Predeparture",3.29863725967757e-19,2.90070146545401e-12,0,1,1,FALSE
"Airport - Aircraft - Passenger - Predeparture","Airport - Aircraft - Passenger - Predeparture;NA;NA;smuggled commercial products","Average",NA,0,0,0,NA,NA
"Airport - Aircraft - Passenger - Predeparture","Airport - Aircraft - Passenger - Predeparture;baggage;swine products/by-products;smuggled commercial products","Aguada",-26.5660685235433,2.90070146545401e-12,0,1,0.999896907580029,FALSE
"Airport - Aircraft - Passenger - Predeparture","Airport - Aircraft - Passenger - Predeparture;baggage;swine products/by-products;smuggled commercial products","Aguadilla Predeparture",-9.33424950996049e-14,2.90070146545374e-12,0,1,1,FALSE
"Airport - Aircraft - Passenger - Predeparture","Airport - Aircraft - Passenger - Predeparture;baggage;swine products/by-products;smuggled commercial products","Carolina PIS",3.29865240491585e-19,2.90070146545401e-12,0,1,1,FALSE
"Airport - Aircraft - Passenger - Predeparture","Airport - Aircraft - Passenger - Predeparture;baggage;swine products/by-products;smuggled commercial products","Carolina Predeparture",3.29856001938481e-19,2.90070146545401e-12,0,1,1,FALSE
"Airport - Aircraft - Passenger - Predeparture","Airport - Aircraft - Passenger - Predeparture;baggage;swine products/by-products;smuggled commercial products","Carolina Predeparture - A",3.29861508444854e-19,2.90070146545401e-12,0,1,1,FALSE
"Airport - Aircraft - Passenger - Predeparture","Airport - Aircraft - Passenger - Predeparture;baggage;swine products/by-products;smuggled commercial products","Carolina Predeparture - B",3.29865507626271e-19,2.90070146545401e-12,0,1,1,FALSE
"Airport - Aircraft - Passenger - Predeparture","Airport - Aircraft - Passenger - Predeparture;baggage;swine products/by-products;smuggled commercial products","Hilo Predeparture",3.29856392749562e-19,2.90070146545401e-12,0,1,1,FALSE
"Airport - Aircraft - Passenger - Predeparture","Airport - Aircraft - Passenger - Predeparture;baggage;swine products/by-products;smuggled commercial products","Honolulu Predeparture",3.29864194851791e-19,2.90070146545401e-12,0,1,1,FALSE
"Airport - Aircraft - Passenger - Predeparture","Airport - Aircraft - Passenger - Predeparture;baggage;swine products/by-products;smuggled commercial products","Kahului Predeparture",3.2986099486146e-19,2.90070146545401e-12,0,1,1,FALSE
"Airport - Aircraft - Passenger - Predeparture","Airport - Aircraft - Passenger - Predeparture;baggage;swine products/by-products;smuggled commercial products","Kailua-Kona Predeparture",3.29864667711926e-19,2.90070146545401e-12,0,1,1,FALSE
"Airport - Aircraft - Passenger - Predeparture","Airport - Aircraft - Passenger - Predeparture;baggage;swine products/by-products;smuggled commercial products","Kailua-Kona Predeparture - AQ",3.29877590256549e-19,2.90070146545401e-12,0,1,1,FALSE
"Airport - Aircraft - Passenger - Predeparture","Airport - Aircraft - Passenger - Predeparture;baggage;swine products/by-products;smuggled commercial products","Lihue Predeparture",3.29861069605348e-19,2.90070146545401e-12,0,1,1,FALSE
"Airport - Aircraft - Passenger - Predeparture","Airport - Aircraft - Passenger - Predeparture;baggage;swine products/by-products;smuggled commercial products","Ponce Predeparture",3.29863725967757e-19,2.90070146545401e-12,0,1,1,FALSE
"Airport - Aircraft - Passenger - Predeparture","Airport - Aircraft - Passenger - Predeparture;baggage;swine products/by-products;smuggled commercial products","Average",NA,0,0,0,NA,NA
"Airport - Aircraft - Person - CBP","Airport - Aircraft - Person - CBP;baggage;swine products/by-products;personal use or consumption","Aruba (7424)",-16.5660634700937,6.38925204045332e-08,1.95342997202061e-269,1,0.956998327124239,FALSE
"Airport - Aircraft - Person - CBP","Airport - Aircraft - Person - CBP;baggage;swine products/by-products;personal use or consumption","ATLANTA, GA (1704)",12.3438818015292,0.0144546117092751,0,1,0.96795123099268,FALSE
"Airport - Aircraft - Person - CBP","Airport - Aircraft - Person - CBP;baggage;swine products/by-products;personal use or consumption","BALTIMORE, MD (1303)",-4.96748886532091e-06,6.3892203019958e-08,0,1,0.999999996799732,FALSE
"Airport - Aircraft - Person - CBP","Airport - Aircraft - Person - CBP;baggage;swine products/by-products;personal use or consumption","BOSTON - LOGAN AIRPORT, MA (0417)",12.1280264232643,0.0116810563736481,0,1,0.968511369763774,FALSE
"Airport - Aircraft - Person - CBP","Airport - Aircraft - Person - CBP;baggage;swine products/by-products;personal use or consumption","BOSTON, MA (0401)",-4.95253147449877e-06,6.38922039756188e-08,0,1,0.999999993165612,FALSE
"Airport - Aircraft - Person - CBP","Airport - Aircraft - Person - CBP;baggage;swine products/by-products;personal use or consumption","BUFFALO-NIAGARA FALLS (0901)",-4.9534141178455e-06,6.38922039192248e-08,0,1,0.999999998366253,FALSE
"Airport - Aircraft - Person - CBP","Airport - Aircraft - Person - CBP;baggage;swine products/by-products;personal use or consumption","BWI AIRPORT (1305)",10.3803693818162,0.0020544427323679,0,1,0.973047037475924,FALSE
"Airport - Aircraft - Person - CBP","Airport - Aircraft - Person - CBP;baggage;swine products/by-products;personal use or consumption","CHARLOTTE, NC (1512)",11.1234052882284,0.00430931290391852,0,1,0.971118536453215,FALSE
"Airport - Aircraft - Person - CBP","Airport - Aircraft - Person - CBP;baggage;swine products/by-products;personal use or consumption","CHICAGO, IL (3901)",11.0238715634145,0.00390263941661104,0,1,0.971376855824889,FALSE
"Airport - Aircraft - Person - CBP","Airport - Aircraft - Person - CBP;baggage;swine products/by-products;personal use or consumption","DALLAS/FT WORTH TX (5501)",11.6198149471153,0.0070598364183073,0,1,0.969830223601675,FALSE
"Airport - Aircraft - Person - CBP","Airport - Aircraft - Person - CBP;baggage;swine products/by-products;personal use or consumption","DENVER, CO (3307)",12.9944916211999,0.027342976025549,0,1,0.966263016989458,FALSE
"Airport - Aircraft - Person - CBP","Airport - Aircraft - Person - CBP;baggage;swine products/by-products;personal use or consumption","DETROIT METROPLTN AIRPRT (3807)",11.3866146337892,0.00559957739033358,0,1,0.970435427706917,FALSE
"Airport - Aircraft - Person - CBP","Airport - Aircraft - Person - CBP;baggage;swine products/by-products;personal use or consumption","DULLES - WASHINGTON, DC (5401)",11.3506019040295,0.00540257929585368,0,1,0.970528889283742,FALSE
"Airport - Aircraft - Person - CBP","Airport - Aircraft - Person - CBP;baggage;swine products/by-products;personal use or consumption","FORT MYERS (1822)",-4.95254931527892e-06,6.38922039744788e-08,0,1,0.999999998366538,FALSE
"Airport - Aircraft - Person - CBP","Airport - Aircraft - Person - CBP;baggage;swine products/by-products;personal use or consumption","FT LAUDERDALE INTL AIRPT (5210)",11.0070025849686,0.00383760856389832,0,1,0.971420640856212,FALSE
"Airport - Aircraft - Person - CBP","Airport - Aircraft - Person - CBP;baggage;swine products/by-products;personal use or consumption","HONOLULU AIRPORT (3205)",11.4467284142314,0.00594445013827257,0,1,0.970279418116664,FALSE
"Airport - Aircraft - Person - CBP","Airport - Aircraft - Person - CBP;baggage;swine products/by-products;personal use or consumption","HOUSTON GEO. BUSH INTERC (5309)",11.2115986675419,0.00470475930715442,0,1,0.97088964085307,FALSE
"Airport - Aircraft - Person - CBP","Airport - Aircraft - Person - CBP;baggage;swine products/by-products;personal use or consumption","JOHN F KENNEDY AIRPORT (4701)",11.6139311465985,0.00701871040430674,0,1,0.969845491531354,FALSE
"Airport - Aircraft - Person - CBP","Airport - Aircraft - Person - CBP;baggage;swine products/by-products;personal use or consumption","LOS ANGELES INT AIRPORT (2720)",11.3240519397351,0.00526177321746062,0,1,0.970597793400646,FALSE
"Airport - Aircraft - Person - CBP","Airport - Aircraft - Person - CBP;baggage;swine products/by-products;personal use or consumption","Los Angeles PIS",-4.95247345998259e-06,6.38922039793253e-08,0,1,0.999999998366563,FALSE
"Airport - Aircraft - Person - CBP","Airport - Aircraft - Person - CBP;baggage;swine products/by-products;personal use or consumption","LOS ANGELES, CA (2704)",-4.95293703386087e-06,6.38922039497067e-08,0,1,0.999999996459603,FALSE
"Airport - Aircraft - Person - CBP","Airport - Aircraft - Person - CBP;baggage;swine products/by-products;personal use or consumption","MIAMI INTERNATIONAL AIRPORT (5206)",10.4412783083517,0.00218318440284681,0,1,0.972888942346212,FALSE
"Airport - Aircraft - Person - CBP","Airport - Aircraft - Person - CBP;baggage;swine products/by-products;personal use or consumption","MINNEAPOLIS-ST. PAUL, MN (3501)",10.3818114916799,0.00205740150188978,0,1,0.973043294416329,FALSE
"Airport - Aircraft - Person - CBP","Airport - Aircraft - Person - CBP;baggage;swine products/by-products;personal use or consumption","Nassau (7423)",-4.95277016405658e-06,6.38922039603682e-08,0,1,0.999999991367274,FALSE
"Airport - Aircraft - Person - CBP","Airport - Aircraft - Person - CBP;baggage;swine products/by-products;personal use or consumption","NEW ORLEANS, LA (2002)",-4.91912526614661e-06,6.38922061100148e-08,0,1,0.999999997723809,FALSE
"Airport - Aircraft - Person - CBP","Airport - Aircraft - Person - CBP;baggage;swine products/by-products;personal use or consumption","NEW YORK, NY (1001)",-4.9049172000077e-06,6.38922070177994e-08,0,1,0.999999997730383,FALSE
"Airport - Aircraft - Person - CBP","Airport - Aircraft - Person - CBP;baggage;swine products/by-products;personal use or consumption","NEW YORK/NEWARK AREA (4601)",11.8324693892749,0.00871813067024381,0,1,0.969278355422773,FALSE
"Airport - Aircraft - Person - CBP","Airport - Aircraft - Person - CBP;baggage;swine products/by-products;personal use or consumption","ORLANDO SANFORD AIRPORT (1809)",-4.9492641364558e-06,6.3892204184376e-08,0,1,0.999999987570675,FALSE
"Airport - Aircraft - Person - CBP","Airport - Aircraft - Person - CBP;baggage;swine products/by-products;personal use or consumption","ORLANDO, FL (1808)",11.1469701351528,0.00441161382984992,0,1,0.971057373143046,FALSE
"Airport - Aircraft - Person - CBP","Airport - Aircraft - Person - CBP;baggage;swine products/by-products;personal use or consumption","PHILA. INTERNATIONAL AIR (1108)",12.048879831813,0.0108017817370394,0,1,0.96871675679766,FALSE
"Airport - Aircraft - Person - CBP","Airport - Aircraft - Person - CBP;baggage;swine products/by-products;personal use or consumption","PHILADELPHIA, PA (1101)",12.4071803867022,0.0153846153841323,0,1,0.967787148905017,FALSE
"Airport - Aircraft - Person - CBP","Airport - Aircraft - Person - CBP;baggage;swine products/by-products;personal use or consumption","PHOENIX, AZ (2605)",9.15551473901664,0.000604473100931172,0,1,0.976226443276344,FALSE
"Airport - Aircraft - Person - CBP","Airport - Aircraft - Person - CBP;baggage;swine products/by-products;personal use or consumption","PORT EVERGLADES, FL (5203)",-4.95262477404469e-06,6.38922039696575e-08,0,1,0.999999993860481,FALSE
"Airport - Aircraft - Person - CBP","Airport - Aircraft - Person - CBP;baggage;swine products/by-products;personal use or consumption","SAN ANTONIO, TX (5507)",9.13496128677201,0.000592183181985849,0,1,0.97627979740596,FALSE
"Airport - Aircraft - Person - CBP","Airport - Aircraft - Person - CBP;baggage;swine products/by-products;personal use or consumption","SAN FRANCISCO INTL AIRPORT (2801)",13.1255467608035,0.0310529333076136,0,1,0.965922969892143,FALSE
"Airport - Aircraft - Person - CBP","Airport - Aircraft - Person - CBP;baggage;swine products/by-products;personal use or consumption","SAN JUAN INTL AIRPORT (4913)",11.896286830453,0.0092873006255164,0,1,0.969112745984229,FALSE
"Airport - Aircraft - Person - CBP","Airport - Aircraft - Person - CBP;baggage;swine products/by-products;personal use or consumption","SAN JUAN, PR (4909)",-4.94933092068424e-06,6.3892204180109e-08,0,1,0.999999998367599,FALSE
"Airport - Aircraft - Person - CBP","Airport - Aircraft - Person - CBP;baggage;swine products/by-products;personal use or consumption","SEATTLE-TACOMA INTL ARPT (3029)",12.7833012522855,0.0222532588447032,0,1,0.966811001025876,FALSE
"Airport - Aircraft - Person - CBP","Airport - Aircraft - Person - CBP;baggage;swine products/by-products;personal use or consumption","SEATTLE, WA (3001)",13.6216244909092,0.04999999999914,0,1,0.964636059337042,FALSE
"Airport - Aircraft - Person - CBP","Airport - Aircraft - Person - CBP;baggage;swine products/by-products;personal use or consumption","TACOMA, WA (3002)",15.4674511814693,0.250000000008196,0,1,0.959847718361297,FALSE
"Airport - Aircraft - Person - CBP","Airport - Aircraft - Person - CBP;baggage;swine products/by-products;personal use or consumption","TAMPA, FL (1801)",9.74314012660029,0.00108735048927732,0,1,0.974701055431136,FALSE
"Airport - Aircraft - Person - CBP","Airport - Aircraft - Person - CBP;baggage;swine products/by-products;personal use or consumption","Toronto (7926)",-4.94706008150304e-06,6.38922043251981e-08,0,1,0.999999998368348,FALSE
"Airport - Aircraft - Person - CBP","Airport - Aircraft - Person - CBP;baggage;swine products/by-products;personal use or consumption","Average",NA,0.00806638149814467,0.00775037220681994,0.00836610165074132,NA,NA
"Airport - Aircraft - Person - CBP","Airport - Aircraft - Person - CBP;NA;NA;smuggled commercial products","Aruba (7424)",-16.5660634700937,6.38925204045332e-08,1.95342997202061e-269,1,0.956998327124239,FALSE
"Airport - Aircraft - Person - CBP","Airport - Aircraft - Person - CBP;NA;NA;smuggled commercial products","ATLANTA, GA (1704)",12.3438818015292,0.0144546117092751,0,1,0.96795123099268,FALSE
"Airport - Aircraft - Person - CBP","Airport - Aircraft - Person - CBP;NA;NA;smuggled commercial products","BALTIMORE, MD (1303)",-4.96748886532091e-06,6.3892203019958e-08,0,1,0.999999996799732,FALSE
"Airport - Aircraft - Person - CBP","Airport - Aircraft - Person - CBP;NA;NA;smuggled commercial products","BOSTON - LOGAN AIRPORT, MA (0417)",12.1280264232643,0.0116810563736481,0,1,0.968511369763774,FALSE
"Airport - Aircraft - Person - CBP","Airport - Aircraft - Person - CBP;NA;NA;smuggled commercial products","BOSTON, MA (0401)",-4.95253147449877e-06,6.38922039756188e-08,0,1,0.999999993165612,FALSE
"Airport - Aircraft - Person - CBP","Airport - Aircraft - Person - CBP;NA;NA;smuggled commercial products","BUFFALO-NIAGARA FALLS (0901)",-4.9534141178455e-06,6.38922039192248e-08,0,1,0.999999998366253,FALSE
"Airport - Aircraft - Person - CBP","Airport - Aircraft - Person - CBP;NA;NA;smuggled commercial products","BWI AIRPORT (1305)",10.3803693818162,0.0020544427323679,0,1,0.973047037475924,FALSE
"Airport - Aircraft - Person - CBP","Airport - Aircraft - Person - CBP;NA;NA;smuggled commercial products","CHARLOTTE, NC (1512)",11.1234052882284,0.00430931290391852,0,1,0.971118536453215,FALSE
"Airport - Aircraft - Person - CBP","Airport - Aircraft - Person - CBP;NA;NA;smuggled commercial products","CHICAGO, IL (3901)",11.0238715634145,0.00390263941661104,0,1,0.971376855824889,FALSE
"Airport - Aircraft - Person - CBP","Airport - Aircraft - Person - CBP;NA;NA;smuggled commercial products","DALLAS/FT WORTH TX (5501)",11.6198149471153,0.0070598364183073,0,1,0.969830223601675,FALSE
"Airport - Aircraft - Person - CBP","Airport - Aircraft - Person - CBP;NA;NA;smuggled commercial products","DENVER, CO (3307)",12.9944916211999,0.027342976025549,0,1,0.966263016989458,FALSE
"Airport - Aircraft - Person - CBP","Airport - Aircraft - Person - CBP;NA;NA;smuggled commercial products","DETROIT METROPLTN AIRPRT (3807)",11.3866146337892,0.00559957739033358,0,1,0.970435427706917,FALSE
"Airport - Aircraft - Person - CBP","Airport - Aircraft - Person - CBP;NA;NA;smuggled commercial products","DULLES - WASHINGTON, DC (5401)",11.3506019040295,0.00540257929585368,0,1,0.970528889283742,FALSE
"Airport - Aircraft - Person - CBP","Airport - Aircraft - Person - CBP;NA;NA;smuggled commercial products","FORT MYERS (1822)",-4.95254931527892e-06,6.38922039744788e-08,0,1,0.999999998366538,FALSE
"Airport - Aircraft - Person - CBP","Airport - Aircraft - Person - CBP;NA;NA;smuggled commercial products","FT LAUDERDALE INTL AIRPT (5210)",11.0070025849686,0.00383760856389832,0,1,0.971420640856212,FALSE
"Airport - Aircraft - Person - CBP","Airport - Aircraft - Person - CBP;NA;NA;smuggled commercial products","HONOLULU AIRPORT (3205)",11.4467284142314,0.00594445013827257,0,1,0.970279418116664,FALSE
"Airport - Aircraft - Person - CBP","Airport - Aircraft - Person - CBP;NA;NA;smuggled commercial products","HOUSTON GEO. BUSH INTERC (5309)",11.2115986675419,0.00470475930715442,0,1,0.97088964085307,FALSE
"Airport - Aircraft - Person - CBP","Airport - Aircraft - Person - CBP;NA;NA;smuggled commercial products","JOHN F KENNEDY AIRPORT (4701)",11.6139311465985,0.00701871040430674,0,1,0.969845491531354,FALSE
"Airport - Aircraft - Person - CBP","Airport - Aircraft - Person - CBP;NA;NA;smuggled commercial products","LOS ANGELES INT AIRPORT (2720)",11.3240519397351,0.00526177321746062,0,1,0.970597793400646,FALSE
"Airport - Aircraft - Person - CBP","Airport - Aircraft - Person - CBP;NA;NA;smuggled commercial products","Los Angeles PIS",-4.95247345998259e-06,6.38922039793253e-08,0,1,0.999999998366563,FALSE
"Airport - Aircraft - Person - CBP","Airport - Aircraft - Person - CBP;NA;NA;smuggled commercial products","LOS ANGELES, CA (2704)",-4.95293703386087e-06,6.38922039497067e-08,0,1,0.999999996459603,FALSE
"Airport - Aircraft - Person - CBP","Airport - Aircraft - Person - CBP;NA;NA;smuggled commercial products","MIAMI INTERNATIONAL AIRPORT (5206)",10.4412783083517,0.00218318440284681,0,1,0.972888942346212,FALSE
"Airport - Aircraft - Person - CBP","Airport - Aircraft - Person - CBP;NA;NA;smuggled commercial products","MINNEAPOLIS-ST. PAUL, MN (3501)",10.3818114916799,0.00205740150188978,0,1,0.973043294416329,FALSE
"Airport - Aircraft - Person - CBP","Airport - Aircraft - Person - CBP;NA;NA;smuggled commercial products","Nassau (7423)",-4.95277016405658e-06,6.38922039603682e-08,0,1,0.999999991367274,FALSE
"Airport - Aircraft - Person - CBP","Airport - Aircraft - Person - CBP;NA;NA;smuggled commercial products","NEW ORLEANS, LA (2002)",-4.91912526614661e-06,6.38922061100148e-08,0,1,0.999999997723809,FALSE
"Airport - Aircraft - Person - CBP","Airport - Aircraft - Person - CBP;NA;NA;smuggled commercial products","NEW YORK, NY (1001)",-4.9049172000077e-06,6.38922070177994e-08,0,1,0.999999997730383,FALSE
"Airport - Aircraft - Person - CBP","Airport - Aircraft - Person - CBP;NA;NA;smuggled commercial products","NEW YORK/NEWARK AREA (4601)",11.8324693892749,0.00871813067024381,0,1,0.969278355422773,FALSE
"Airport - Aircraft - Person - CBP","Airport - Aircraft - Person - CBP;NA;NA;smuggled commercial products","ORLANDO SANFORD AIRPORT (1809)",-4.9492641364558e-06,6.3892204184376e-08,0,1,0.999999987570675,FALSE
"Airport - Aircraft - Person - CBP","Airport - Aircraft - Person - CBP;NA;NA;smuggled commercial products","ORLANDO, FL (1808)",11.1469701351528,0.00441161382984992,0,1,0.971057373143046,FALSE
"Airport - Aircraft - Person - CBP","Airport - Aircraft - Person - CBP;NA;NA;smuggled commercial products","PHILA. INTERNATIONAL AIR (1108)",12.048879831813,0.0108017817370394,0,1,0.96871675679766,FALSE
"Airport - Aircraft - Person - CBP","Airport - Aircraft - Person - CBP;NA;NA;smuggled commercial products","PHILADELPHIA, PA (1101)",12.4071803867022,0.0153846153841323,0,1,0.967787148905017,FALSE
"Airport - Aircraft - Person - CBP","Airport - Aircraft - Person - CBP;NA;NA;smuggled commercial products","PHOENIX, AZ (2605)",9.15551473901664,0.000604473100931172,0,1,0.976226443276344,FALSE
"Airport - Aircraft - Person - CBP","Airport - Aircraft - Person - CBP;NA;NA;smuggled commercial products","PORT EVERGLADES, FL (5203)",-4.95262477404469e-06,6.38922039696575e-08,0,1,0.999999993860481,FALSE
"Airport - Aircraft - Person - CBP","Airport - Aircraft - Person - CBP;NA;NA;smuggled commercial products","SAN ANTONIO, TX (5507)",9.13496128677201,0.000592183181985849,0,1,0.97627979740596,FALSE
"Airport - Aircraft - Person - CBP","Airport - Aircraft - Person - CBP;NA;NA;smuggled commercial products","SAN FRANCISCO INTL AIRPORT (2801)",13.1255467608035,0.0310529333076136,0,1,0.965922969892143,FALSE
"Airport - Aircraft - Person - CBP","Airport - Aircraft - Person - CBP;NA;NA;smuggled commercial products","SAN JUAN INTL AIRPORT (4913)",11.896286830453,0.0092873006255164,0,1,0.969112745984229,FALSE
"Airport - Aircraft - Person - CBP","Airport - Aircraft - Person - CBP;NA;NA;smuggled commercial products","SAN JUAN, PR (4909)",-4.94933092068424e-06,6.3892204180109e-08,0,1,0.999999998367599,FALSE
"Airport - Aircraft - Person - CBP","Airport - Aircraft - Person - CBP;NA;NA;smuggled commercial products","SEATTLE-TACOMA INTL ARPT (3029)",12.7833012522855,0.0222532588447032,0,1,0.966811001025876,FALSE
"Airport - Aircraft - Person - CBP","Airport - Aircraft - Person - CBP;NA;NA;smuggled commercial products","SEATTLE, WA (3001)",13.6216244909092,0.04999999999914,0,1,0.964636059337042,FALSE
"Airport - Aircraft - Person - CBP","Airport - Aircraft - Person - CBP;NA;NA;smuggled commercial products","TACOMA, WA (3002)",15.4674511814693,0.250000000008196,0,1,0.959847718361297,FALSE
"Airport - Aircraft - Person - CBP","Airport - Aircraft - Person - CBP;NA;NA;smuggled commercial products","TAMPA, FL (1801)",9.74314012660029,0.00108735048927732,0,1,0.974701055431136,FALSE
"Airport - Aircraft - Person - CBP","Airport - Aircraft - Person - CBP;NA;NA;smuggled commercial products","Toronto (7926)",-4.94706008150304e-06,6.38922043251981e-08,0,1,0.999999998368348,FALSE
"Airport - Aircraft - Person - CBP","Airport - Aircraft - Person - CBP;NA;NA;smuggled commercial products","Average",NA,0.00806638149814467,0.00774068148892764,0.00838556585187046,NA,NA
"Airport - Aircraft - Person - CBP","Airport - Aircraft - Person - CBP;baggage;swine products/by-products;smuggled commercial products","Aruba (7424)",-16.5660634700937,6.38925204045332e-08,1.95342997202061e-269,1,0.956998327124239,FALSE
"Airport - Aircraft - Person - CBP","Airport - Aircraft - Person - CBP;baggage;swine products/by-products;smuggled commercial products","ATLANTA, GA (1704)",12.3438818015292,0.0144546117092751,0,1,0.96795123099268,FALSE
"Airport - Aircraft - Person - CBP","Airport - Aircraft - Person - CBP;baggage;swine products/by-products;smuggled commercial products","BALTIMORE, MD (1303)",-4.96748886532091e-06,6.3892203019958e-08,0,1,0.999999996799732,FALSE
"Airport - Aircraft - Person - CBP","Airport - Aircraft - Person - CBP;baggage;swine products/by-products;smuggled commercial products","BOSTON - LOGAN AIRPORT, MA (0417)",12.1280264232643,0.0116810563736481,0,1,0.968511369763774,FALSE
"Airport - Aircraft - Person - CBP","Airport - Aircraft - Person - CBP;baggage;swine products/by-products;smuggled commercial products","BOSTON, MA (0401)",-4.95253147449877e-06,6.38922039756188e-08,0,1,0.999999993165612,FALSE
"Airport - Aircraft - Person - CBP","Airport - Aircraft - Person - CBP;baggage;swine products/by-products;smuggled commercial products","BUFFALO-NIAGARA FALLS (0901)",-4.9534141178455e-06,6.38922039192248e-08,0,1,0.999999998366253,FALSE
"Airport - Aircraft - Person - CBP","Airport - Aircraft - Person - CBP;baggage;swine products/by-products;smuggled commercial products","BWI AIRPORT (1305)",10.3803693818162,0.0020544427323679,0,1,0.973047037475924,FALSE
"Airport - Aircraft - Person - CBP","Airport - Aircraft - Person - CBP;baggage;swine products/by-products;smuggled commercial products","CHARLOTTE, NC (1512)",11.1234052882284,0.00430931290391852,0,1,0.971118536453215,FALSE
"Airport - Aircraft - Person - CBP","Airport - Aircraft - Person - CBP;baggage;swine products/by-products;smuggled commercial products","CHICAGO, IL (3901)",11.0238715634145,0.00390263941661104,0,1,0.971376855824889,FALSE
"Airport - Aircraft - Person - CBP","Airport - Aircraft - Person - CBP;baggage;swine products/by-products;smuggled commercial products","DALLAS/FT WORTH TX (5501)",11.6198149471153,0.0070598364183073,0,1,0.969830223601675,FALSE
"Airport - Aircraft - Person - CBP","Airport - Aircraft - Person - CBP;baggage;swine products/by-products;smuggled commercial products","DENVER, CO (3307)",12.9944916211999,0.027342976025549,0,1,0.966263016989458,FALSE
"Airport - Aircraft - Person - CBP","Airport - Aircraft - Person - CBP;baggage;swine products/by-products;smuggled commercial products","DETROIT METROPLTN AIRPRT (3807)",11.3866146337892,0.00559957739033358,0,1,0.970435427706917,FALSE
"Airport - Aircraft - Person - CBP","Airport - Aircraft - Person - CBP;baggage;swine products/by-products;smuggled commercial products","DULLES - WASHINGTON, DC (5401)",11.3506019040295,0.00540257929585368,0,1,0.970528889283742,FALSE
"Airport - Aircraft - Person - CBP","Airport - Aircraft - Person - CBP;baggage;swine products/by-products;smuggled commercial products","FORT MYERS (1822)",-4.95254931527892e-06,6.38922039744788e-08,0,1,0.999999998366538,FALSE
"Airport - Aircraft - Person - CBP","Airport - Aircraft - Person - CBP;baggage;swine products/by-products;smuggled commercial products","FT LAUDERDALE INTL AIRPT (5210)",11.0070025849686,0.00383760856389832,0,1,0.971420640856212,FALSE
"Airport - Aircraft - Person - CBP","Airport - Aircraft - Person - CBP;baggage;swine products/by-products;smuggled commercial products","HONOLULU AIRPORT (3205)",11.4467284142314,0.00594445013827257,0,1,0.970279418116664,FALSE
"Airport - Aircraft - Person - CBP","Airport - Aircraft - Person - CBP;baggage;swine products/by-products;smuggled commercial products","HOUSTON GEO. BUSH INTERC (5309)",11.2115986675419,0.00470475930715442,0,1,0.97088964085307,FALSE
"Airport - Aircraft - Person - CBP","Airport - Aircraft - Person - CBP;baggage;swine products/by-products;smuggled commercial products","JOHN F KENNEDY AIRPORT (4701)",11.6139311465985,0.00701871040430674,0,1,0.969845491531354,FALSE
"Airport - Aircraft - Person - CBP","Airport - Aircraft - Person - CBP;baggage;swine products/by-products;smuggled commercial products","LOS ANGELES INT AIRPORT (2720)",11.3240519397351,0.00526177321746062,0,1,0.970597793400646,FALSE
"Airport - Aircraft - Person - CBP","Airport - Aircraft - Person - CBP;baggage;swine products/by-products;smuggled commercial products","Los Angeles PIS",-4.95247345998259e-06,6.38922039793253e-08,0,1,0.999999998366563,FALSE
"Airport - Aircraft - Person - CBP","Airport - Aircraft - Person - CBP;baggage;swine products/by-products;smuggled commercial products","LOS ANGELES, CA (2704)",-4.95293703386087e-06,6.38922039497067e-08,0,1,0.999999996459603,FALSE
"Airport - Aircraft - Person - CBP","Airport - Aircraft - Person - CBP;baggage;swine products/by-products;smuggled commercial products","MIAMI INTERNATIONAL AIRPORT (5206)",10.4412783083517,0.00218318440284681,0,1,0.972888942346212,FALSE
"Airport - Aircraft - Person - CBP","Airport - Aircraft - Person - CBP;baggage;swine products/by-products;smuggled commercial products","MINNEAPOLIS-ST. PAUL, MN (3501)",10.3818114916799,0.00205740150188978,0,1,0.973043294416329,FALSE
"Airport - Aircraft - Person - CBP","Airport - Aircraft - Person - CBP;baggage;swine products/by-products;smuggled commercial products","Nassau (7423)",-4.95277016405658e-06,6.38922039603682e-08,0,1,0.999999991367274,FALSE
"Airport - Aircraft - Person - CBP","Airport - Aircraft - Person - CBP;baggage;swine products/by-products;smuggled commercial products","NEW ORLEANS, LA (2002)",-4.91912526614661e-06,6.38922061100148e-08,0,1,0.999999997723809,FALSE
"Airport - Aircraft - Person - CBP","Airport - Aircraft - Person - CBP;baggage;swine products/by-products;smuggled commercial products","NEW YORK, NY (1001)",-4.9049172000077e-06,6.38922070177994e-08,0,1,0.999999997730383,FALSE
"Airport - Aircraft - Person - CBP","Airport - Aircraft - Person - CBP;baggage;swine products/by-products;smuggled commercial products","NEW YORK/NEWARK AREA (4601)",11.8324693892749,0.00871813067024381,0,1,0.969278355422773,FALSE
"Airport - Aircraft - Person - CBP","Airport - Aircraft - Person - CBP;baggage;swine products/by-products;smuggled commercial products","ORLANDO SANFORD AIRPORT (1809)",-4.9492641364558e-06,6.3892204184376e-08,0,1,0.999999987570675,FALSE
"Airport - Aircraft - Person - CBP","Airport - Aircraft - Person - CBP;baggage;swine products/by-products;smuggled commercial products","ORLANDO, FL (1808)",11.1469701351528,0.00441161382984992,0,1,0.971057373143046,FALSE
"Airport - Aircraft - Person - CBP","Airport - Aircraft - Person - CBP;baggage;swine products/by-products;smuggled commercial products","PHILA. INTERNATIONAL AIR (1108)",12.048879831813,0.0108017817370394,0,1,0.96871675679766,FALSE
"Airport - Aircraft - Person - CBP","Airport - Aircraft - Person - CBP;baggage;swine products/by-products;smuggled commercial products","PHILADELPHIA, PA (1101)",12.4071803867022,0.0153846153841323,0,1,0.967787148905017,FALSE
"Airport - Aircraft - Person - CBP","Airport - Aircraft - Person - CBP;baggage;swine products/by-products;smuggled commercial products","PHOENIX, AZ (2605)",9.15551473901664,0.000604473100931172,0,1,0.976226443276344,FALSE
"Airport - Aircraft - Person - CBP","Airport - Aircraft - Person - CBP;baggage;swine products/by-products;smuggled commercial products","PORT EVERGLADES, FL (5203)",-4.95262477404469e-06,6.38922039696575e-08,0,1,0.999999993860481,FALSE
"Airport - Aircraft - Person - CBP","Airport - Aircraft - Person - CBP;baggage;swine products/by-products;smuggled commercial products","SAN ANTONIO, TX (5507)",9.13496128677201,0.000592183181985849,0,1,0.97627979740596,FALSE
"Airport - Aircraft - Person - CBP","Airport - Aircraft - Person - CBP;baggage;swine products/by-products;smuggled commercial products","SAN FRANCISCO INTL AIRPORT (2801)",13.1255467608035,0.0310529333076136,0,1,0.965922969892143,FALSE
"Airport - Aircraft - Person - CBP","Airport - Aircraft - Person - CBP;baggage;swine products/by-products;smuggled commercial products","SAN JUAN INTL AIRPORT (4913)",11.896286830453,0.0092873006255164,0,1,0.969112745984229,FALSE
"Airport - Aircraft - Person - CBP","Airport - Aircraft - Person - CBP;baggage;swine products/by-products;smuggled commercial products","SAN JUAN, PR (4909)",-4.94933092068424e-06,6.3892204180109e-08,0,1,0.999999998367599,FALSE
"Airport - Aircraft - Person - CBP","Airport - Aircraft - Person - CBP;baggage;swine products/by-products;smuggled commercial products","SEATTLE-TACOMA INTL ARPT (3029)",12.7833012522855,0.0222532588447032,0,1,0.966811001025876,FALSE
"Airport - Aircraft - Person - CBP","Airport - Aircraft - Person - CBP;baggage;swine products/by-products;smuggled commercial products","SEATTLE, WA (3001)",13.6216244909092,0.04999999999914,0,1,0.964636059337042,FALSE
"Airport - Aircraft - Person - CBP","Airport - Aircraft - Person - CBP;baggage;swine products/by-products;smuggled commercial products","TACOMA, WA (3002)",15.4674511814693,0.250000000008196,0,1,0.959847718361297,FALSE
"Airport - Aircraft - Person - CBP","Airport - Aircraft - Person - CBP;baggage;swine products/by-products;smuggled commercial products","TAMPA, FL (1801)",9.74314012660029,0.00108735048927732,0,1,0.974701055431136,FALSE
"Airport - Aircraft - Person - CBP","Airport - Aircraft - Person - CBP;baggage;swine products/by-products;smuggled commercial products","Toronto (7926)",-4.94706008150304e-06,6.38922043251981e-08,0,1,0.999999998368348,FALSE
"Airport - Aircraft - Person - CBP","Airport - Aircraft - Person - CBP;baggage;swine products/by-products;smuggled commercial products","Average",NA,0.00806638149814467,0.00773082524034624,0.00837579236863361,NA,NA
"Airport - Aircraft - Person - Pre-Clearance","Airport - Aircraft - Person - Pre-Clearance;baggage;swine products/by-products;personal use or consumption","Aruba (7424)",-24.566068469291,2.14334470169063e-11,0,1,0.986481569388821,FALSE
"Airport - Aircraft - Person - Pre-Clearance","Airport - Aircraft - Person - Pre-Clearance;baggage;swine products/by-products;personal use or consumption","Bermuda (7421)",-5.41644342116205e-08,2.14334458559758e-11,0,1,0.999999999979394,FALSE
"Airport - Aircraft - Person - Pre-Clearance","Airport - Aircraft - Person - Pre-Clearance;baggage;swine products/by-products;personal use or consumption","Montreal (7925)",15.6189126981524,0.00013008976193394,0,1,0.991404845411281,FALSE
"Airport - Aircraft - Person - Pre-Clearance","Airport - Aircraft - Person - Pre-Clearance;baggage;swine products/by-products;personal use or consumption","Nassau (7423)",-5.52613064948831e-08,2.14334458324661e-11,0,1,0.999999999979121,FALSE
"Airport - Aircraft - Person - Pre-Clearance","Airport - Aircraft - Person - Pre-Clearance;baggage;swine products/by-products;personal use or consumption","Toronto (7926)",16.670446259937,0.000372231528007276,0,1,0.990826205045021,FALSE
"Airport - Aircraft - Person - Pre-Clearance","Airport - Aircraft - Person - Pre-Clearance;baggage;swine products/by-products;personal use or consumption","Vancouver (7922)",18.1225733449221,0.00158831003811092,0,1,0.990027134809716,FALSE
"Airport - Aircraft - Person - Pre-Clearance","Airport - Aircraft - Person - Pre-Clearance;baggage;swine products/by-products;personal use or consumption","Average",NA,0.000393731789904717,0.00023623907394283,0.00057091109536184,NA,NA
"Airport - Aircraft - Person - Pre-Clearance","Airport - Aircraft - Person - Pre-Clearance;NA;NA;smuggled commercial products","Aruba (7424)",-24.566068469291,2.14334470169063e-11,0,1,0.986481569388821,FALSE
"Airport - Aircraft - Person - Pre-Clearance","Airport - Aircraft - Person - Pre-Clearance;NA;NA;smuggled commercial products","Bermuda (7421)",-5.41644342116205e-08,2.14334458559758e-11,0,1,0.999999999979394,FALSE
"Airport - Aircraft - Person - Pre-Clearance","Airport - Aircraft - Person - Pre-Clearance;NA;NA;smuggled commercial products","Montreal (7925)",15.6189126981524,0.00013008976193394,0,1,0.991404845411281,FALSE
"Airport - Aircraft - Person - Pre-Clearance","Airport - Aircraft - Person - Pre-Clearance;NA;NA;smuggled commercial products","Nassau (7423)",-5.52613064948831e-08,2.14334458324661e-11,0,1,0.999999999979121,FALSE
"Airport - Aircraft - Person - Pre-Clearance","Airport - Aircraft - Person - Pre-Clearance;NA;NA;smuggled commercial products","Toronto (7926)",16.670446259937,0.000372231528007276,0,1,0.990826205045021,FALSE
"Airport - Aircraft - Person - Pre-Clearance","Airport - Aircraft - Person - Pre-Clearance;NA;NA;smuggled commercial products","Vancouver (7922)",18.1225733449221,0.00158831003811092,0,1,0.990027134809716,FALSE
"Airport - Aircraft - Person - Pre-Clearance","Airport - Aircraft - Person - Pre-Clearance;NA;NA;smuggled commercial products","Average",NA,0.000393731789904717,0.00023623907394283,0.00057091109536184,NA,NA
"Cruise_ship","Cruise_ship;baggage;swine products/by-products;personal use or consumption","",-26.5660685234763,2.90070146564824e-12,0,1,0.999940479563466,FALSE
"Cruise_ship","Cruise_ship;baggage;swine products/by-products;personal use or consumption","LONG BEACH, CA (2709)",3.50161846209425e-12,2.9007014656584e-12,0,1,1,FALSE
"Cruise_ship","Cruise_ship;baggage;swine products/by-products;personal use or consumption","MIAMI, FL (5201)",1.12173324326632e-19,2.90070146564824e-12,0,1,1,FALSE
"Cruise_ship","Cruise_ship;baggage;swine products/by-products;personal use or consumption","NEW YORK, NY (1001)",1.12176077212827e-19,2.90070146564824e-12,0,1,1,FALSE
"Cruise_ship","Cruise_ship;baggage;swine products/by-products;personal use or consumption","New York/Newark Area Sea",1.12175350226626e-19,2.90070146564824e-12,0,1,1,FALSE
"Cruise_ship","Cruise_ship;baggage;swine products/by-products;personal use or consumption","PORT CANAVERAL, FL (1816)",1.12174190331469e-19,2.90070146564824e-12,0,1,1,FALSE
"Cruise_ship","Cruise_ship;baggage;swine products/by-products;personal use or consumption","PORT EVERGLADES, FL (5203)",1.12173334934835e-19,2.90070146564824e-12,0,1,1,FALSE
"Cruise_ship","Cruise_ship;baggage;swine products/by-products;personal use or consumption","PORT MANATEE, FL (1821)",1.12175125812716e-19,2.90070146564824e-12,0,1,1,FALSE
"Cruise_ship","Cruise_ship;baggage;swine products/by-products;personal use or consumption","SAN JUAN, PR (4909)",1.12175215490832e-19,2.90070146564824e-12,0,1,1,FALSE
"Cruise_ship","Cruise_ship;baggage;swine products/by-products;personal use or consumption","Average",NA,0,0,0,NA,NA
"Cruise_ship","Cruise_ship;NA;NA;smuggled commercial products","",-26.5660685234763,2.90070146564824e-12,0,1,0.999940479563466,FALSE
"Cruise_ship","Cruise_ship;NA;NA;smuggled commercial products","LONG BEACH, CA (2709)",3.50161846209425e-12,2.9007014656584e-12,0,1,1,FALSE
"Cruise_ship","Cruise_ship;NA;NA;smuggled commercial products","MIAMI, FL (5201)",1.12173324326632e-19,2.90070146564824e-12,0,1,1,FALSE
"Cruise_ship","Cruise_ship;NA;NA;smuggled commercial products","NEW YORK, NY (1001)",1.12176077212827e-19,2.90070146564824e-12,0,1,1,FALSE
"Cruise_ship","Cruise_ship;NA;NA;smuggled commercial products","New York/Newark Area Sea",1.12175350226626e-19,2.90070146564824e-12,0,1,1,FALSE
"Cruise_ship","Cruise_ship;NA;NA;smuggled commercial products","PORT CANAVERAL, FL (1816)",1.12174190331469e-19,2.90070146564824e-12,0,1,1,FALSE
"Cruise_ship","Cruise_ship;NA;NA;smuggled commercial products","PORT EVERGLADES, FL (5203)",1.12173334934835e-19,2.90070146564824e-12,0,1,1,FALSE
"Cruise_ship","Cruise_ship;NA;NA;smuggled commercial products","PORT MANATEE, FL (1821)",1.12175125812716e-19,2.90070146564824e-12,0,1,1,FALSE
"Cruise_ship","Cruise_ship;NA;NA;smuggled commercial products","SAN JUAN, PR (4909)",1.12175215490832e-19,2.90070146564824e-12,0,1,1,FALSE
"Cruise_ship","Cruise_ship;NA;NA;smuggled commercial products","Average",NA,0,0,0,NA,NA
"Cruise_ship","Cruise_ship;baggage;swine products/by-products;smuggled commercial products","",-26.5660685234763,2.90070146564824e-12,0,1,0.999940479563466,FALSE
"Cruise_ship","Cruise_ship;baggage;swine products/by-products;smuggled commercial products","LONG BEACH, CA (2709)",3.50161846209425e-12,2.9007014656584e-12,0,1,1,FALSE
"Cruise_ship","Cruise_ship;baggage;swine products/by-products;smuggled commercial products","MIAMI, FL (5201)",1.12173324326632e-19,2.90070146564824e-12,0,1,1,FALSE
"Cruise_ship","Cruise_ship;baggage;swine products/by-products;smuggled commercial products","NEW YORK, NY (1001)",1.12176077212827e-19,2.90070146564824e-12,0,1,1,FALSE
"Cruise_ship","Cruise_ship;baggage;swine products/by-products;smuggled commercial products","New York/Newark Area Sea",1.12175350226626e-19,2.90070146564824e-12,0,1,1,FALSE
"Cruise_ship","Cruise_ship;baggage;swine products/by-products;smuggled commercial products","PORT CANAVERAL, FL (1816)",1.12174190331469e-19,2.90070146564824e-12,0,1,1,FALSE
"Cruise_ship","Cruise_ship;baggage;swine products/by-products;smuggled commercial products","PORT EVERGLADES, FL (5203)",1.12173334934835e-19,2.90070146564824e-12,0,1,1,FALSE
"Cruise_ship","Cruise_ship;baggage;swine products/by-products;smuggled commercial products","PORT MANATEE, FL (1821)",1.12175125812716e-19,2.90070146564824e-12,0,1,1,FALSE
"Cruise_ship","Cruise_ship;baggage;swine products/by-products;smuggled commercial products","SAN JUAN, PR (4909)",1.12175215490832e-19,2.90070146564824e-12,0,1,1,FALSE
"Cruise_ship","Cruise_ship;baggage;swine products/by-products;smuggled commercial products","Average",NA,0,0,0,NA,NA
"Express_courier","Express_courier;NA;NA;smuggled commercial products","",-24.566068510169,2.14334461407498e-11,0,1,0.974749315313537,FALSE
"Express_courier","Express_courier;NA;NA;smuggled commercial products","AGUADILLA, PR (4901)",-1.32533067984558e-08,2.14334458566858e-11,0,1,0.999999999998206,FALSE
"Express_courier","Express_courier;NA;NA;smuggled commercial products","DHL COURIER CINCINNATI (4197)",-1.34068391090151e-08,2.1433445853395e-11,0,1,0.99999999999375,FALSE
"Express_courier","Express_courier;NA;NA;smuggled commercial products","FEDERAL EXPRESS COURIER AK (3195)",16.2224353698801,0.000237849837469753,0,1,0.983323906434556,FALSE
"Express_courier","Express_courier;NA;NA;smuggled commercial products","FEDEX COURIER FACILITY OAKLAND (2895)",-1.33944235668909e-08,2.14334458536612e-11,0,1,0.999999999999784,FALSE
"Express_courier","Express_courier;NA;NA;smuggled commercial products","FEDEX COURIER, MEMPHIS TN (2095)",18.5920998778623,0.00253766851704249,0,1,0.980888405847271,FALSE
"Express_courier","Express_courier;NA;NA;smuggled commercial products","Average",NA,0.000751016080579608,0.000559580609059316,0.000957177357601461,NA,NA
"Express_courier","Express_courier;baggage;swine products/by-products;personal use or consumption","",-24.566068510169,2.14334461407498e-11,0,1,0.974749315313537,FALSE
"Express_courier","Express_courier;baggage;swine products/by-products;personal use or consumption","AGUADILLA, PR (4901)",-1.32533067984558e-08,2.14334458566858e-11,0,1,0.999999999998206,FALSE
"Express_courier","Express_courier;baggage;swine products/by-products;personal use or consumption","DHL COURIER CINCINNATI (4197)",-1.34068391090151e-08,2.1433445853395e-11,0,1,0.99999999999375,FALSE
"Express_courier","Express_courier;baggage;swine products/by-products;personal use or consumption","FEDERAL EXPRESS COURIER AK (3195)",16.2224353698801,0.000237849837469753,0,1,0.983323906434556,FALSE
"Express_courier","Express_courier;baggage;swine products/by-products;personal use or consumption","FEDEX COURIER FACILITY OAKLAND (2895)",-1.33944235668909e-08,2.14334458536612e-11,0,1,0.999999999999784,FALSE
"Express_courier","Express_courier;baggage;swine products/by-products;personal use or consumption","FEDEX COURIER, MEMPHIS TN (2095)",18.5920998778623,0.00253766851704249,0,1,0.980888405847271,FALSE
"Express_courier","Express_courier;baggage;swine products/by-products;personal use or consumption","Average",NA,0.000751016080579608,0.000559580609059316,0.000986254858473148,NA,NA
"Express_courier","Express_courier;baggage;other products;plasma","",-24.566068510169,2.14334461407498e-11,0,1,0.974749315313537,FALSE
"Express_courier","Express_courier;baggage;other products;plasma","AGUADILLA, PR (4901)",-1.32533067984558e-08,2.14334458566858e-11,0,1,0.999999999998206,FALSE
"Express_courier","Express_courier;baggage;other products;plasma","DHL COURIER CINCINNATI (4197)",-1.34068391090151e-08,2.1433445853395e-11,0,1,0.99999999999375,FALSE
"Express_courier","Express_courier;baggage;other products;plasma","FEDERAL EXPRESS COURIER AK (3195)",16.2224353698801,0.000237849837469753,0,1,0.983323906434556,FALSE
"Express_courier","Express_courier;baggage;other products;plasma","FEDEX COURIER FACILITY OAKLAND (2895)",-1.33944235668909e-08,2.14334458536612e-11,0,1,0.999999999999784,FALSE
"Express_courier","Express_courier;baggage;other products;plasma","FEDEX COURIER, MEMPHIS TN (2095)",18.5920998778623,0.00253766851704249,0,1,0.980888405847271,FALSE
"Express_courier","Express_courier;baggage;other products;plasma","Average",NA,0.000751016080579608,0.00054522891368919,0.000971529052971587,NA,NA
"Express_courier","Express_courier;baggage;fomite;unspecified feed","",-24.566068510169,2.14334461407498e-11,0,1,0.974749315313537,FALSE
"Express_courier","Express_courier;baggage;fomite;unspecified feed","AGUADILLA, PR (4901)",-1.32533067984558e-08,2.14334458566858e-11,0,1,0.999999999998206,FALSE
"Express_courier","Express_courier;baggage;fomite;unspecified feed","DHL COURIER CINCINNATI (4197)",-1.34068391090151e-08,2.1433445853395e-11,0,1,0.99999999999375,FALSE
"Express_courier","Express_courier;baggage;fomite;unspecified feed","FEDERAL EXPRESS COURIER AK (3195)",16.2224353698801,0.000237849837469753,0,1,0.983323906434556,FALSE
"Express_courier","Express_courier;baggage;fomite;unspecified feed","FEDEX COURIER FACILITY OAKLAND (2895)",-1.33944235668909e-08,2.14334458536612e-11,0,1,0.999999999999784,FALSE
"Express_courier","Express_courier;baggage;fomite;unspecified feed","FEDEX COURIER, MEMPHIS TN (2095)",18.5920998778623,0.00253766851704249,0,1,0.980888405847271,FALSE
"Express_courier","Express_courier;baggage;fomite;unspecified feed","Average",NA,0.000751016080579608,0.000544854803557755,0.000971903163103022,NA,NA
"Express_courier","Express_courier;baggage;fomite;personal effects","",-24.566068510169,2.14334461407498e-11,0,1,0.974749315313537,FALSE
"Express_courier","Express_courier;baggage;fomite;personal effects","AGUADILLA, PR (4901)",-1.32533067984558e-08,2.14334458566858e-11,0,1,0.999999999998206,FALSE
"Express_courier","Express_courier;baggage;fomite;personal effects","DHL COURIER CINCINNATI (4197)",-1.34068391090151e-08,2.1433445853395e-11,0,1,0.99999999999375,FALSE
"Express_courier","Express_courier;baggage;fomite;personal effects","FEDERAL EXPRESS COURIER AK (3195)",16.2224353698801,0.000237849837469753,0,1,0.983323906434556,FALSE
"Express_courier","Express_courier;baggage;fomite;personal effects","FEDEX COURIER FACILITY OAKLAND (2895)",-1.33944235668909e-08,2.14334458536612e-11,0,1,0.999999999999784,FALSE
"Express_courier","Express_courier;baggage;fomite;personal effects","FEDEX COURIER, MEMPHIS TN (2095)",18.5920998778623,0.00253766851704249,0,1,0.980888405847271,FALSE
"Express_courier","Express_courier;baggage;fomite;personal effects","Average",NA,0.000751016080579608,0.000544854803557755,0.000971903163103022,NA,NA
"Express_courier","Express_courier;baggage;swine products/by-products;smuggled commercial products","",-24.566068510169,2.14334461407498e-11,0,1,0.974749315313537,FALSE
"Express_courier","Express_courier;baggage;swine products/by-products;smuggled commercial products","AGUADILLA, PR (4901)",-1.32533067984558e-08,2.14334458566858e-11,0,1,0.999999999998206,FALSE
"Express_courier","Express_courier;baggage;swine products/by-products;smuggled commercial products","DHL COURIER CINCINNATI (4197)",-1.34068391090151e-08,2.1433445853395e-11,0,1,0.99999999999375,FALSE
"Express_courier","Express_courier;baggage;swine products/by-products;smuggled commercial products","FEDERAL EXPRESS COURIER AK (3195)",16.2224353698801,0.000237849837469753,0,1,0.983323906434556,FALSE
"Express_courier","Express_courier;baggage;swine products/by-products;smuggled commercial products","FEDEX COURIER FACILITY OAKLAND (2895)",-1.33944235668909e-08,2.14334458536612e-11,0,1,0.999999999999784,FALSE
"Express_courier","Express_courier;baggage;swine products/by-products;smuggled commercial products","FEDEX COURIER, MEMPHIS TN (2095)",18.5920998778623,0.00253766851704249,0,1,0.980888405847271,FALSE
"Express_courier","Express_courier;baggage;swine products/by-products;smuggled commercial products","Average",NA,0.000751016080579608,0.000559580609059316,0.0009424515520999,NA,NA
"Express_courier","Express_courier;baggage;fomite;smuggled commercial products","",-24.566068510169,2.14334461407498e-11,0,1,0.974749315313537,FALSE
"Express_courier","Express_courier;baggage;fomite;smuggled commercial products","AGUADILLA, PR (4901)",-1.32533067984558e-08,2.14334458566858e-11,0,1,0.999999999998206,FALSE
"Express_courier","Express_courier;baggage;fomite;smuggled commercial products","DHL COURIER CINCINNATI (4197)",-1.34068391090151e-08,2.1433445853395e-11,0,1,0.99999999999375,FALSE
"Express_courier","Express_courier;baggage;fomite;smuggled commercial products","FEDERAL EXPRESS COURIER AK (3195)",16.2224353698801,0.000237849837469753,0,1,0.983323906434556,FALSE
"Express_courier","Express_courier;baggage;fomite;smuggled commercial products","FEDEX COURIER FACILITY OAKLAND (2895)",-1.33944235668909e-08,2.14334458536612e-11,0,1,0.999999999999784,FALSE
"Express_courier","Express_courier;baggage;fomite;smuggled commercial products","FEDEX COURIER, MEMPHIS TN (2095)",18.5920998778623,0.00253766851704249,0,1,0.980888405847271,FALSE
"Express_courier","Express_courier;baggage;fomite;smuggled commercial products","Average",NA,0.000751016080579608,0.000559580609059316,0.000971903163103022,NA,NA
"Land Border - Truck - Conveyance - CBP NB","Land Border - Truck - Conveyance - CBP NB;baggage;swine products/by-products;personal use or consumption","ALEXANDRIA BAY, NY (0708)",-26.5660700079406,2.90069715966381e-12,0,1,0.995951314153346,FALSE
"Land Border - Truck - Conveyance - CBP NB","Land Border - Truck - Conveyance - CBP NB;baggage;swine products/by-products;personal use or consumption","BLAINE, WA (3004)",17.3437516592584,9.87995850470238e-05,0,1,0.997356794809591,FALSE
"Land Border - Truck - Conveyance - CBP NB","Land Border - Truck - Conveyance - CBP NB;baggage;swine products/by-products;personal use or consumption","BUFFALO-NIAGARA FALLS (0901)",17.1573707014868,8.20008200093456e-05,0,1,0.99738519937655,FALSE
"Land Border - Truck - Conveyance - CBP NB","Land Border - Truck - Conveyance - CBP NB;baggage;swine products/by-products;personal use or consumption","CALAIS, ME (0115)",1.4845053679831e-06,2.90070146576752e-12,0,1,0.999999999837285,FALSE
"Land Border - Truck - Conveyance - CBP NB","Land Border - Truck - Conveyance - CBP NB;baggage;swine products/by-products;personal use or consumption","CHAMPLAIN-ROUSES POINT (0712)",18.6180380173718,0.000353232073496474,0,1,0.99716259307808,FALSE
"Land Border - Truck - Conveyance - CBP NB","Land Border - Truck - Conveyance - CBP NB;baggage;swine products/by-products;personal use or consumption","DERBY LINE, VT (0209)",17.9519316104923,0.000181488203271226,0,1,0.997264107955617,FALSE
"Land Border - Truck - Conveyance - CBP NB","Land Border - Truck - Conveyance - CBP NB;baggage;swine products/by-products;personal use or consumption","DETROIT, MI (3801)",1.48432596989988e-06,2.90070146524714e-12,0,1,0.999999999804824,FALSE
"Land Border - Truck - Conveyance - CBP NB","Land Border - Truck - Conveyance - CBP NB;baggage;swine products/by-products;personal use or consumption","DUNSEITH, ND (3422)",1.48415364792451e-06,2.90070146474728e-12,0,1,0.999999999898942,FALSE
"Land Border - Truck - Conveyance - CBP NB","Land Border - Truck - Conveyance - CBP NB;baggage;swine products/by-products;personal use or consumption","EASTPORT, ID (3302)",1.48413644983521e-06,2.9007014646974e-12,0,1,0.999999999834891,FALSE
"Land Border - Truck - Conveyance - CBP NB","Land Border - Truck - Conveyance - CBP NB;baggage;swine products/by-products;personal use or consumption","FORT FAIRFIELD, ME (0107)",1.4842822057511e-06,2.90070146512018e-12,0,1,0.999999999922631,FALSE
"Land Border - Truck - Conveyance - CBP NB","Land Border - Truck - Conveyance - CBP NB;baggage;swine products/by-products;personal use or consumption","GRAND PORTAGE, MN (3613)",1.48431691505132e-06,2.90070146522087e-12,0,1,0.999999999930128,FALSE
"Land Border - Truck - Conveyance - CBP NB","Land Border - Truck - Conveyance - CBP NB;baggage;swine products/by-products;personal use or consumption","HIGHGATE SPRINGS/ALBURG (0212)",1.48432446928332e-06,2.90070146524278e-12,0,1,0.999999999835843,FALSE
"Land Border - Truck - Conveyance - CBP NB","Land Border - Truck - Conveyance - CBP NB;baggage;swine products/by-products;personal use or consumption","HOULTON, ME (0106)",1.48422554663626e-06,2.90070146495584e-12,0,1,0.999999999850417,FALSE
"Land Border - Truck - Conveyance - CBP NB","Land Border - Truck - Conveyance - CBP NB;baggage;swine products/by-products;personal use or consumption","INTERNATIONAL FALLS, MN (3604)",1.48436527871705e-06,2.90070146536116e-12,0,1,0.999999999836907,FALSE
"Land Border - Truck - Conveyance - CBP NB","Land Border - Truck - Conveyance - CBP NB;baggage;swine products/by-products;personal use or consumption","JACKMAN, ME (0104)",1.48433527703022e-06,2.90070146527414e-12,0,1,0.999999999888184,FALSE
"Land Border - Truck - Conveyance - CBP NB","Land Border - Truck - Conveyance - CBP NB;baggage;swine products/by-products;personal use or consumption","LYNDEN, WA (3023)",1.48403611559101e-06,2.90070146440635e-12,0,1,0.999999999852075,FALSE
"Land Border - Truck - Conveyance - CBP NB","Land Border - Truck - Conveyance - CBP NB;baggage;swine products/by-products;personal use or consumption","OROVILLE, WA (3019)",17.9224203925763,0.000176211453745299,0,1,0.997268605476684,FALSE
"Land Border - Truck - Conveyance - CBP NB","Land Border - Truck - Conveyance - CBP NB;baggage;swine products/by-products;personal use or consumption","PEMBINA, ND (3401)",1.49356682675646e-06,2.9007014920521e-12,0,1,0.999999999835265,FALSE
"Land Border - Truck - Conveyance - CBP NB","Land Border - Truck - Conveyance - CBP NB;baggage;swine products/by-products;personal use or consumption","PORT HURON, MI (3802)",1.48428246174276e-06,2.90070146512093e-12,0,1,0.999999999813321,FALSE
"Land Border - Truck - Conveyance - CBP NB","Land Border - Truck - Conveyance - CBP NB;baggage;swine products/by-products;personal use or consumption","PORTAL, ND (3403)",1.48444487584952e-06,2.90070146559205e-12,0,1,0.999999999836141,FALSE
"Land Border - Truck - Conveyance - CBP NB","Land Border - Truck - Conveyance - CBP NB;baggage;swine products/by-products;personal use or consumption","PORTHILL, ID (3308)",1.48432057587726e-06,2.90070146523149e-12,0,1,0.999999999871844,FALSE
"Land Border - Truck - Conveyance - CBP NB","Land Border - Truck - Conveyance - CBP NB;baggage;swine products/by-products;personal use or consumption","ROOSVILLE, MT (3318)",1.48432433675031e-06,2.9007014652424e-12,0,1,0.999999999834739,FALSE
"Land Border - Truck - Conveyance - CBP NB","Land Border - Truck - Conveyance - CBP NB;baggage;swine products/by-products;personal use or consumption","SUMAS, WA (3009)",1.48431526790813e-06,2.90070146521609e-12,0,1,0.999999999834697,FALSE
"Land Border - Truck - Conveyance - CBP NB","Land Border - Truck - Conveyance - CBP NB;baggage;swine products/by-products;personal use or consumption","SWEETGRASS, MT (3310)",1.48371824072438e-06,2.90070146348429e-12,0,1,0.999999999827235,FALSE
"Land Border - Truck - Conveyance - CBP NB","Land Border - Truck - Conveyance - CBP NB;baggage;swine products/by-products;personal use or consumption","VAN BUREN, ME (0108)",1.48433518498763e-06,2.90070146527387e-12,0,1,0.999999999917592,FALSE
"Land Border - Truck - Conveyance - CBP NB","Land Border - Truck - Conveyance - CBP NB;baggage;swine products/by-products;personal use or consumption","Average",NA,5.04893864096997e-05,1.44255389741999e-05,9.37660033322995e-05,NA,NA
"Land Border - Truck - Conveyance - CBP NB","Land Border - Truck - Conveyance - CBP NB;NA;NA;smuggled commercial products","ALEXANDRIA BAY, NY (0708)",-26.5660700079406,2.90069715966381e-12,0,1,0.995951314153346,FALSE
"Land Border - Truck - Conveyance - CBP NB","Land Border - Truck - Conveyance - CBP NB;NA;NA;smuggled commercial products","BLAINE, WA (3004)",17.3437516592584,9.87995850470238e-05,0,1,0.997356794809591,FALSE
"Land Border - Truck - Conveyance - CBP NB","Land Border - Truck - Conveyance - CBP NB;NA;NA;smuggled commercial products","BUFFALO-NIAGARA FALLS (0901)",17.1573707014868,8.20008200093456e-05,0,1,0.99738519937655,FALSE
"Land Border - Truck - Conveyance - CBP NB","Land Border - Truck - Conveyance - CBP NB;NA;NA;smuggled commercial products","CALAIS, ME (0115)",1.4845053679831e-06,2.90070146576752e-12,0,1,0.999999999837285,FALSE
"Land Border - Truck - Conveyance - CBP NB","Land Border - Truck - Conveyance - CBP NB;NA;NA;smuggled commercial products","CHAMPLAIN-ROUSES POINT (0712)",18.6180380173718,0.000353232073496474,0,1,0.99716259307808,FALSE
"Land Border - Truck - Conveyance - CBP NB","Land Border - Truck - Conveyance - CBP NB;NA;NA;smuggled commercial products","DERBY LINE, VT (0209)",17.9519316104923,0.000181488203271226,0,1,0.997264107955617,FALSE
"Land Border - Truck - Conveyance - CBP NB","Land Border - Truck - Conveyance - CBP NB;NA;NA;smuggled commercial products","DETROIT, MI (3801)",1.48432596989988e-06,2.90070146524714e-12,0,1,0.999999999804824,FALSE
"Land Border - Truck - Conveyance - CBP NB","Land Border - Truck - Conveyance - CBP NB;NA;NA;smuggled commercial products","DUNSEITH, ND (3422)",1.48415364792451e-06,2.90070146474728e-12,0,1,0.999999999898942,FALSE
"Land Border - Truck - Conveyance - CBP NB","Land Border - Truck - Conveyance - CBP NB;NA;NA;smuggled commercial products","EASTPORT, ID (3302)",1.48413644983521e-06,2.9007014646974e-12,0,1,0.999999999834891,FALSE
"Land Border - Truck - Conveyance - CBP NB","Land Border - Truck - Conveyance - CBP NB;NA;NA;smuggled commercial products","FORT FAIRFIELD, ME (0107)",1.4842822057511e-06,2.90070146512018e-12,0,1,0.999999999922631,FALSE
"Land Border - Truck - Conveyance - CBP NB","Land Border - Truck - Conveyance - CBP NB;NA;NA;smuggled commercial products","GRAND PORTAGE, MN (3613)",1.48431691505132e-06,2.90070146522087e-12,0,1,0.999999999930128,FALSE
"Land Border - Truck - Conveyance - CBP NB","Land Border - Truck - Conveyance - CBP NB;NA;NA;smuggled commercial products","HIGHGATE SPRINGS/ALBURG (0212)",1.48432446928332e-06,2.90070146524278e-12,0,1,0.999999999835843,FALSE
"Land Border - Truck - Conveyance - CBP NB","Land Border - Truck - Conveyance - CBP NB;NA;NA;smuggled commercial products","HOULTON, ME (0106)",1.48422554663626e-06,2.90070146495584e-12,0,1,0.999999999850417,FALSE
"Land Border - Truck - Conveyance - CBP NB","Land Border - Truck - Conveyance - CBP NB;NA;NA;smuggled commercial products","INTERNATIONAL FALLS, MN (3604)",1.48436527871705e-06,2.90070146536116e-12,0,1,0.999999999836907,FALSE
"Land Border - Truck - Conveyance - CBP NB","Land Border - Truck - Conveyance - CBP NB;NA;NA;smuggled commercial products","JACKMAN, ME (0104)",1.48433527703022e-06,2.90070146527414e-12,0,1,0.999999999888184,FALSE
"Land Border - Truck - Conveyance - CBP NB","Land Border - Truck - Conveyance - CBP NB;NA;NA;smuggled commercial products","LYNDEN, WA (3023)",1.48403611559101e-06,2.90070146440635e-12,0,1,0.999999999852075,FALSE
"Land Border - Truck - Conveyance - CBP NB","Land Border - Truck - Conveyance - CBP NB;NA;NA;smuggled commercial products","OROVILLE, WA (3019)",17.9224203925763,0.000176211453745299,0,1,0.997268605476684,FALSE
"Land Border - Truck - Conveyance - CBP NB","Land Border - Truck - Conveyance - CBP NB;NA;NA;smuggled commercial products","PEMBINA, ND (3401)",1.49356682675646e-06,2.9007014920521e-12,0,1,0.999999999835265,FALSE
"Land Border - Truck - Conveyance - CBP NB","Land Border - Truck - Conveyance - CBP NB;NA;NA;smuggled commercial products","PORT HURON, MI (3802)",1.48428246174276e-06,2.90070146512093e-12,0,1,0.999999999813321,FALSE
"Land Border - Truck - Conveyance - CBP NB","Land Border - Truck - Conveyance - CBP NB;NA;NA;smuggled commercial products","PORTAL, ND (3403)",1.48444487584952e-06,2.90070146559205e-12,0,1,0.999999999836141,FALSE
"Land Border - Truck - Conveyance - CBP NB","Land Border - Truck - Conveyance - CBP NB;NA;NA;smuggled commercial products","PORTHILL, ID (3308)",1.48432057587726e-06,2.90070146523149e-12,0,1,0.999999999871844,FALSE
"Land Border - Truck - Conveyance - CBP NB","Land Border - Truck - Conveyance - CBP NB;NA;NA;smuggled commercial products","ROOSVILLE, MT (3318)",1.48432433675031e-06,2.9007014652424e-12,0,1,0.999999999834739,FALSE
"Land Border - Truck - Conveyance - CBP NB","Land Border - Truck - Conveyance - CBP NB;NA;NA;smuggled commercial products","SUMAS, WA (3009)",1.48431526790813e-06,2.90070146521609e-12,0,1,0.999999999834697,FALSE
"Land Border - Truck - Conveyance - CBP NB","Land Border - Truck - Conveyance - CBP NB;NA;NA;smuggled commercial products","SWEETGRASS, MT (3310)",1.48371824072438e-06,2.90070146348429e-12,0,1,0.999999999827235,FALSE
"Land Border - Truck - Conveyance - CBP NB","Land Border - Truck - Conveyance - CBP NB;NA;NA;smuggled commercial products","VAN BUREN, ME (0108)",1.48433518498763e-06,2.90070146527387e-12,0,1,0.999999999917592,FALSE
"Land Border - Truck - Conveyance - CBP NB","Land Border - Truck - Conveyance - CBP NB;NA;NA;smuggled commercial products","Average",NA,5.04893864096997e-05,1.44255389741999e-05,9.37660033322995e-05,NA,NA
"Land Border - Truck - Conveyance - CBP NB","Land Border - Truck - Conveyance - CBP NB;baggage;swine products/by-products;smuggled commercial products","ALEXANDRIA BAY, NY (0708)",-26.5660700079406,2.90069715966381e-12,0,1,0.995951314153346,FALSE
"Land Border - Truck - Conveyance - CBP NB","Land Border - Truck - Conveyance - CBP NB;baggage;swine products/by-products;smuggled commercial products","BLAINE, WA (3004)",17.3437516592584,9.87995850470238e-05,0,1,0.997356794809591,FALSE
"Land Border - Truck - Conveyance - CBP NB","Land Border - Truck - Conveyance - CBP NB;baggage;swine products/by-products;smuggled commercial products","BUFFALO-NIAGARA FALLS (0901)",17.1573707014868,8.20008200093456e-05,0,1,0.99738519937655,FALSE
"Land Border - Truck - Conveyance - CBP NB","Land Border - Truck - Conveyance - CBP NB;baggage;swine products/by-products;smuggled commercial products","CALAIS, ME (0115)",1.4845053679831e-06,2.90070146576752e-12,0,1,0.999999999837285,FALSE
"Land Border - Truck - Conveyance - CBP NB","Land Border - Truck - Conveyance - CBP NB;baggage;swine products/by-products;smuggled commercial products","CHAMPLAIN-ROUSES POINT (0712)",18.6180380173718,0.000353232073496474,0,1,0.99716259307808,FALSE
"Land Border - Truck - Conveyance - CBP NB","Land Border - Truck - Conveyance - CBP NB;baggage;swine products/by-products;smuggled commercial products","DERBY LINE, VT (0209)",17.9519316104923,0.000181488203271226,0,1,0.997264107955617,FALSE
"Land Border - Truck - Conveyance - CBP NB","Land Border - Truck - Conveyance - CBP NB;baggage;swine products/by-products;smuggled commercial products","DETROIT, MI (3801)",1.48432596989988e-06,2.90070146524714e-12,0,1,0.999999999804824,FALSE
"Land Border - Truck - Conveyance - CBP NB","Land Border - Truck - Conveyance - CBP NB;baggage;swine products/by-products;smuggled commercial products","DUNSEITH, ND (3422)",1.48415364792451e-06,2.90070146474728e-12,0,1,0.999999999898942,FALSE
"Land Border - Truck - Conveyance - CBP NB","Land Border - Truck - Conveyance - CBP NB;baggage;swine products/by-products;smuggled commercial products","EASTPORT, ID (3302)",1.48413644983521e-06,2.9007014646974e-12,0,1,0.999999999834891,FALSE
"Land Border - Truck - Conveyance - CBP NB","Land Border - Truck - Conveyance - CBP NB;baggage;swine products/by-products;smuggled commercial products","FORT FAIRFIELD, ME (0107)",1.4842822057511e-06,2.90070146512018e-12,0,1,0.999999999922631,FALSE
"Land Border - Truck - Conveyance - CBP NB","Land Border - Truck - Conveyance - CBP NB;baggage;swine products/by-products;smuggled commercial products","GRAND PORTAGE, MN (3613)",1.48431691505132e-06,2.90070146522087e-12,0,1,0.999999999930128,FALSE
"Land Border - Truck - Conveyance - CBP NB","Land Border - Truck - Conveyance - CBP NB;baggage;swine products/by-products;smuggled commercial products","HIGHGATE SPRINGS/ALBURG (0212)",1.48432446928332e-06,2.90070146524278e-12,0,1,0.999999999835843,FALSE
"Land Border - Truck - Conveyance - CBP NB","Land Border - Truck - Conveyance - CBP NB;baggage;swine products/by-products;smuggled commercial products","HOULTON, ME (0106)",1.48422554663626e-06,2.90070146495584e-12,0,1,0.999999999850417,FALSE
"Land Border - Truck - Conveyance - CBP NB","Land Border - Truck - Conveyance - CBP NB;baggage;swine products/by-products;smuggled commercial products","INTERNATIONAL FALLS, MN (3604)",1.48436527871705e-06,2.90070146536116e-12,0,1,0.999999999836907,FALSE
"Land Border - Truck - Conveyance - CBP NB","Land Border - Truck - Conveyance - CBP NB;baggage;swine products/by-products;smuggled commercial products","JACKMAN, ME (0104)",1.48433527703022e-06,2.90070146527414e-12,0,1,0.999999999888184,FALSE
"Land Border - Truck - Conveyance - CBP NB","Land Border - Truck - Conveyance - CBP NB;baggage;swine products/by-products;smuggled commercial products","LYNDEN, WA (3023)",1.48403611559101e-06,2.90070146440635e-12,0,1,0.999999999852075,FALSE
"Land Border - Truck - Conveyance - CBP NB","Land Border - Truck - Conveyance - CBP NB;baggage;swine products/by-products;smuggled commercial products","OROVILLE, WA (3019)",17.9224203925763,0.000176211453745299,0,1,0.997268605476684,FALSE
"Land Border - Truck - Conveyance - CBP NB","Land Border - Truck - Conveyance - CBP NB;baggage;swine products/by-products;smuggled commercial products","PEMBINA, ND (3401)",1.49356682675646e-06,2.9007014920521e-12,0,1,0.999999999835265,FALSE
"Land Border - Truck - Conveyance - CBP NB","Land Border - Truck - Conveyance - CBP NB;baggage;swine products/by-products;smuggled commercial products","PORT HURON, MI (3802)",1.48428246174276e-06,2.90070146512093e-12,0,1,0.999999999813321,FALSE
"Land Border - Truck - Conveyance - CBP NB","Land Border - Truck - Conveyance - CBP NB;baggage;swine products/by-products;smuggled commercial products","PORTAL, ND (3403)",1.48444487584952e-06,2.90070146559205e-12,0,1,0.999999999836141,FALSE
"Land Border - Truck - Conveyance - CBP NB","Land Border - Truck - Conveyance - CBP NB;baggage;swine products/by-products;smuggled commercial products","PORTHILL, ID (3308)",1.48432057587726e-06,2.90070146523149e-12,0,1,0.999999999871844,FALSE
"Land Border - Truck - Conveyance - CBP NB","Land Border - Truck - Conveyance - CBP NB;baggage;swine products/by-products;smuggled commercial products","ROOSVILLE, MT (3318)",1.48432433675031e-06,2.9007014652424e-12,0,1,0.999999999834739,FALSE
"Land Border - Truck - Conveyance - CBP NB","Land Border - Truck - Conveyance - CBP NB;baggage;swine products/by-products;smuggled commercial products","SUMAS, WA (3009)",1.48431526790813e-06,2.90070146521609e-12,0,1,0.999999999834697,FALSE
"Land Border - Truck - Conveyance - CBP NB","Land Border - Truck - Conveyance - CBP NB;baggage;swine products/by-products;smuggled commercial products","SWEETGRASS, MT (3310)",1.48371824072438e-06,2.90070146348429e-12,0,1,0.999999999827235,FALSE
"Land Border - Truck - Conveyance - CBP NB","Land Border - Truck - Conveyance - CBP NB;baggage;swine products/by-products;smuggled commercial products","VAN BUREN, ME (0108)",1.48433518498763e-06,2.90070146527387e-12,0,1,0.999999999917592,FALSE
"Land Border - Truck - Conveyance - CBP NB","Land Border - Truck - Conveyance - CBP NB;baggage;swine products/by-products;smuggled commercial products","Average",NA,5.04893864096997e-05,1.44255389741999e-05,8.65532338451996e-05,NA,NA
"Land Border - Truck - Conveyance - CBP SB","Land Border - Truck - Conveyance - CBP SB;baggage;swine products/by-products;personal use or consumption","BROWNSVILLE, TX (2301)",-26.5660685229092,2.90070146729333e-12,0,1,0.987642296940751,FALSE
"Land Border - Truck - Conveyance - CBP SB","Land Border - Truck - Conveyance - CBP SB;baggage;swine products/by-products;personal use or consumption","CALEXICO-EAST (2507)",4.415402817522e-23,2.90070146729333e-12,0,1,1,FALSE
"Land Border - Truck - Conveyance - CBP SB","Land Border - Truck - Conveyance - CBP SB;baggage;swine products/by-products;personal use or consumption","CALEXICO, CA (2503)",2.76212671947294e-23,2.90070146729333e-12,0,1,1,FALSE
"Land Border - Truck - Conveyance - CBP SB","Land Border - Truck - Conveyance - CBP SB;baggage;swine products/by-products;personal use or consumption","COLUMBUS, NM (2406)",3.13295971307611e-23,2.90070146729333e-12,0,1,1,FALSE
"Land Border - Truck - Conveyance - CBP SB","Land Border - Truck - Conveyance - CBP SB;baggage;swine products/by-products;personal use or consumption","DOUGLAS, AZ (2601)",3.71547684736848e-23,2.90070146729333e-12,0,1,1,FALSE
"Land Border - Truck - Conveyance - CBP SB","Land Border - Truck - Conveyance - CBP SB;baggage;swine products/by-products;personal use or consumption","EAGLE PASS, TX (2303)",2.34585410721014e-23,2.90070146729333e-12,0,1,1,FALSE
"Land Border - Truck - Conveyance - CBP SB","Land Border - Truck - Conveyance - CBP SB;baggage;swine products/by-products;personal use or consumption","EL PASO, TX (2402)",2.52393407987589e-23,2.90070146729333e-12,0,1,1,FALSE
"Land Border - Truck - Conveyance - CBP SB","Land Border - Truck - Conveyance - CBP SB;baggage;swine products/by-products;personal use or consumption","HIDALGO, TX (2305)",1.24260140915962e-11,2.90070146732938e-12,0,1,0.999999999999996,FALSE
"Land Border - Truck - Conveyance - CBP SB","Land Border - Truck - Conveyance - CBP SB;baggage;swine products/by-products;personal use or consumption","LAREDO, TX (2304)",2.97924923533122e-23,2.90070146729333e-12,0,1,1,FALSE
"Land Border - Truck - Conveyance - CBP SB","Land Border - Truck - Conveyance - CBP SB;baggage;swine products/by-products;personal use or consumption","LOS ANGELES INT AIRPORT (2720)",3.38152436782112e-23,2.90070146729333e-12,0,1,1,FALSE
"Land Border - Truck - Conveyance - CBP SB","Land Border - Truck - Conveyance - CBP SB;baggage;swine products/by-products;personal use or consumption","LUKEVILLE, AZ (2602)",4.66787499381243e-23,2.90070146729333e-12,0,1,1,FALSE
"Land Border - Truck - Conveyance - CBP SB","Land Border - Truck - Conveyance - CBP SB;baggage;swine products/by-products;personal use or consumption","NOGALES, AZ (2604)",2.83473019359586e-23,2.90070146729333e-12,0,1,1,FALSE
"Land Border - Truck - Conveyance - CBP SB","Land Border - Truck - Conveyance - CBP SB;baggage;swine products/by-products;personal use or consumption","OTAY MESA (2506)",2.8443045233058e-23,2.90070146729333e-12,0,1,1,FALSE
"Land Border - Truck - Conveyance - CBP SB","Land Border - Truck - Conveyance - CBP SB;baggage;swine products/by-products;personal use or consumption","PRESIDIO, TX (2403)",2.11873635023834e-23,2.90070146729333e-12,0,1,1,FALSE
"Land Border - Truck - Conveyance - CBP SB","Land Border - Truck - Conveyance - CBP SB;baggage;swine products/by-products;personal use or consumption","PROGRESO, TX (2309)",3.56802258646143e-23,2.90070146729333e-12,0,1,1,FALSE
"Land Border - Truck - Conveyance - CBP SB","Land Border - Truck - Conveyance - CBP SB;baggage;swine products/by-products;personal use or consumption","ROMA, TX (2310)",2.94167170940942e-23,2.90070146729333e-12,0,1,1,FALSE
"Land Border - Truck - Conveyance - CBP SB","Land Border - Truck - Conveyance - CBP SB;baggage;swine products/by-products;personal use or consumption","SAN LUIS, AZ (2608)",3.54884085286513e-23,2.90070146729333e-12,0,1,1,FALSE
"Land Border - Truck - Conveyance - CBP SB","Land Border - Truck - Conveyance - CBP SB;baggage;swine products/by-products;personal use or consumption","SAN YSIDRO (2504)",3.79325711733124e-23,2.90070146729333e-12,0,1,1,FALSE
"Land Border - Truck - Conveyance - CBP SB","Land Border - Truck - Conveyance - CBP SB;baggage;swine products/by-products;personal use or consumption","SANTA TERESA NM (2408)",3.15875783442536e-23,2.90070146729333e-12,0,1,1,FALSE
"Land Border - Truck - Conveyance - CBP SB","Land Border - Truck - Conveyance - CBP SB;baggage;swine products/by-products;personal use or consumption","TECATE, CA (2505)",3.23290944915656e-23,2.90070146729333e-12,0,1,1,FALSE
"Land Border - Truck - Conveyance - CBP SB","Land Border - Truck - Conveyance - CBP SB;baggage;swine products/by-products;personal use or consumption","YSLETA, TX (2401)",3.42971533006687e-23,2.90070146729333e-12,0,1,1,FALSE
"Land Border - Truck - Conveyance - CBP SB","Land Border - Truck - Conveyance - CBP SB;baggage;swine products/by-products;personal use or consumption","Average",NA,0,0,0,NA,NA
"Land Border - Truck - Conveyance - CBP SB","Land Border - Truck - Conveyance - CBP SB;NA;NA;smuggled commercial products","BROWNSVILLE, TX (2301)",-26.5660685229092,2.90070146729333e-12,0,1,0.987642296940751,FALSE
"Land Border - Truck - Conveyance - CBP SB","Land Border - Truck - Conveyance - CBP SB;NA;NA;smuggled commercial products","CALEXICO-EAST (2507)",4.415402817522e-23,2.90070146729333e-12,0,1,1,FALSE
"Land Border - Truck - Conveyance - CBP SB","Land Border - Truck - Conveyance - CBP SB;NA;NA;smuggled commercial products","CALEXICO, CA (2503)",2.76212671947294e-23,2.90070146729333e-12,0,1,1,FALSE
"Land Border - Truck - Conveyance - CBP SB","Land Border - Truck - Conveyance - CBP SB;NA;NA;smuggled commercial products","COLUMBUS, NM (2406)",3.13295971307611e-23,2.90070146729333e-12,0,1,1,FALSE
"Land Border - Truck - Conveyance - CBP SB","Land Border - Truck - Conveyance - CBP SB;NA;NA;smuggled commercial products","DOUGLAS, AZ (2601)",3.71547684736848e-23,2.90070146729333e-12,0,1,1,FALSE
"Land Border - Truck - Conveyance - CBP SB","Land Border - Truck - Conveyance - CBP SB;NA;NA;smuggled commercial products","EAGLE PASS, TX (2303)",2.34585410721014e-23,2.90070146729333e-12,0,1,1,FALSE
"Land Border - Truck - Conveyance - CBP SB","Land Border - Truck - Conveyance - CBP SB;NA;NA;smuggled commercial products","EL PASO, TX (2402)",2.52393407987589e-23,2.90070146729333e-12,0,1,1,FALSE
"Land Border - Truck - Conveyance - CBP SB","Land Border - Truck - Conveyance - CBP SB;NA;NA;smuggled commercial products","HIDALGO, TX (2305)",1.24260140915962e-11,2.90070146732938e-12,0,1,0.999999999999996,FALSE
"Land Border - Truck - Conveyance - CBP SB","Land Border - Truck - Conveyance - CBP SB;NA;NA;smuggled commercial products","LAREDO, TX (2304)",2.97924923533122e-23,2.90070146729333e-12,0,1,1,FALSE
"Land Border - Truck - Conveyance - CBP SB","Land Border - Truck - Conveyance - CBP SB;NA;NA;smuggled commercial products","LOS ANGELES INT AIRPORT (2720)",3.38152436782112e-23,2.90070146729333e-12,0,1,1,FALSE
"Land Border - Truck - Conveyance - CBP SB","Land Border - Truck - Conveyance - CBP SB;NA;NA;smuggled commercial products","LUKEVILLE, AZ (2602)",4.66787499381243e-23,2.90070146729333e-12,0,1,1,FALSE
"Land Border - Truck - Conveyance - CBP SB","Land Border - Truck - Conveyance - CBP SB;NA;NA;smuggled commercial products","NOGALES, AZ (2604)",2.83473019359586e-23,2.90070146729333e-12,0,1,1,FALSE
"Land Border - Truck - Conveyance - CBP SB","Land Border - Truck - Conveyance - CBP SB;NA;NA;smuggled commercial products","OTAY MESA (2506)",2.8443045233058e-23,2.90070146729333e-12,0,1,1,FALSE
"Land Border - Truck - Conveyance - CBP SB","Land Border - Truck - Conveyance - CBP SB;NA;NA;smuggled commercial products","PRESIDIO, TX (2403)",2.11873635023834e-23,2.90070146729333e-12,0,1,1,FALSE
"Land Border - Truck - Conveyance - CBP SB","Land Border - Truck - Conveyance - CBP SB;NA;NA;smuggled commercial products","PROGRESO, TX (2309)",3.56802258646143e-23,2.90070146729333e-12,0,1,1,FALSE
"Land Border - Truck - Conveyance - CBP SB","Land Border - Truck - Conveyance - CBP SB;NA;NA;smuggled commercial products","ROMA, TX (2310)",2.94167170940942e-23,2.90070146729333e-12,0,1,1,FALSE
"Land Border - Truck - Conveyance - CBP SB","Land Border - Truck - Conveyance - CBP SB;NA;NA;smuggled commercial products","SAN LUIS, AZ (2608)",3.54884085286513e-23,2.90070146729333e-12,0,1,1,FALSE
"Land Border - Truck - Conveyance - CBP SB","Land Border - Truck - Conveyance - CBP SB;NA;NA;smuggled commercial products","SAN YSIDRO (2504)",3.79325711733124e-23,2.90070146729333e-12,0,1,1,FALSE
"Land Border - Truck - Conveyance - CBP SB","Land Border - Truck - Conveyance - CBP SB;NA;NA;smuggled commercial products","SANTA TERESA NM (2408)",3.15875783442536e-23,2.90070146729333e-12,0,1,1,FALSE
"Land Border - Truck - Conveyance - CBP SB","Land Border - Truck - Conveyance - CBP SB;NA;NA;smuggled commercial products","TECATE, CA (2505)",3.23290944915656e-23,2.90070146729333e-12,0,1,1,FALSE
"Land Border - Truck - Conveyance - CBP SB","Land Border - Truck - Conveyance - CBP SB;NA;NA;smuggled commercial products","YSLETA, TX (2401)",3.42971533006687e-23,2.90070146729333e-12,0,1,1,FALSE
"Land Border - Truck - Conveyance - CBP SB","Land Border - Truck - Conveyance - CBP SB;NA;NA;smuggled commercial products","Average",NA,0,0,0,NA,NA
"Land Border - Truck - Conveyance - CBP SB","Land Border - Truck - Conveyance - CBP SB;baggage;swine products/by-products;smuggled commercial products","BROWNSVILLE, TX (2301)",-26.5660685229092,2.90070146729333e-12,0,1,0.987642296940751,FALSE
"Land Border - Truck - Conveyance - CBP SB","Land Border - Truck - Conveyance - CBP SB;baggage;swine products/by-products;smuggled commercial products","CALEXICO-EAST (2507)",4.415402817522e-23,2.90070146729333e-12,0,1,1,FALSE
"Land Border - Truck - Conveyance - CBP SB","Land Border - Truck - Conveyance - CBP SB;baggage;swine products/by-products;smuggled commercial products","CALEXICO, CA (2503)",2.76212671947294e-23,2.90070146729333e-12,0,1,1,FALSE
"Land Border - Truck - Conveyance - CBP SB","Land Border - Truck - Conveyance - CBP SB;baggage;swine products/by-products;smuggled commercial products","COLUMBUS, NM (2406)",3.13295971307611e-23,2.90070146729333e-12,0,1,1,FALSE
"Land Border - Truck - Conveyance - CBP SB","Land Border - Truck - Conveyance - CBP SB;baggage;swine products/by-products;smuggled commercial products","DOUGLAS, AZ (2601)",3.71547684736848e-23,2.90070146729333e-12,0,1,1,FALSE
"Land Border - Truck - Conveyance - CBP SB","Land Border - Truck - Conveyance - CBP SB;baggage;swine products/by-products;smuggled commercial products","EAGLE PASS, TX (2303)",2.34585410721014e-23,2.90070146729333e-12,0,1,1,FALSE
"Land Border - Truck - Conveyance - CBP SB","Land Border - Truck - Conveyance - CBP SB;baggage;swine products/by-products;smuggled commercial products","EL PASO, TX (2402)",2.52393407987589e-23,2.90070146729333e-12,0,1,1,FALSE
"Land Border - Truck - Conveyance - CBP SB","Land Border - Truck - Conveyance - CBP SB;baggage;swine products/by-products;smuggled commercial products","HIDALGO, TX (2305)",1.24260140915962e-11,2.90070146732938e-12,0,1,0.999999999999996,FALSE
"Land Border - Truck - Conveyance - CBP SB","Land Border - Truck - Conveyance - CBP SB;baggage;swine products/by-products;smuggled commercial products","LAREDO, TX (2304)",2.97924923533122e-23,2.90070146729333e-12,0,1,1,FALSE
"Land Border - Truck - Conveyance - CBP SB","Land Border - Truck - Conveyance - CBP SB;baggage;swine products/by-products;smuggled commercial products","LOS ANGELES INT AIRPORT (2720)",3.38152436782112e-23,2.90070146729333e-12,0,1,1,FALSE
"Land Border - Truck - Conveyance - CBP SB","Land Border - Truck - Conveyance - CBP SB;baggage;swine products/by-products;smuggled commercial products","LUKEVILLE, AZ (2602)",4.66787499381243e-23,2.90070146729333e-12,0,1,1,FALSE
"Land Border - Truck - Conveyance - CBP SB","Land Border - Truck - Conveyance - CBP SB;baggage;swine products/by-products;smuggled commercial products","NOGALES, AZ (2604)",2.83473019359586e-23,2.90070146729333e-12,0,1,1,FALSE
"Land Border - Truck - Conveyance - CBP SB","Land Border - Truck - Conveyance - CBP SB;baggage;swine products/by-products;smuggled commercial products","OTAY MESA (2506)",2.8443045233058e-23,2.90070146729333e-12,0,1,1,FALSE
"Land Border - Truck - Conveyance - CBP SB","Land Border - Truck - Conveyance - CBP SB;baggage;swine products/by-products;smuggled commercial products","PRESIDIO, TX (2403)",2.11873635023834e-23,2.90070146729333e-12,0,1,1,FALSE
"Land Border - Truck - Conveyance - CBP SB","Land Border - Truck - Conveyance - CBP SB;baggage;swine products/by-products;smuggled commercial products","PROGRESO, TX (2309)",3.56802258646143e-23,2.90070146729333e-12,0,1,1,FALSE
"Land Border - Truck - Conveyance - CBP SB","Land Border - Truck - Conveyance - CBP SB;baggage;swine products/by-products;smuggled commercial products","ROMA, TX (2310)",2.94167170940942e-23,2.90070146729333e-12,0,1,1,FALSE
"Land Border - Truck - Conveyance - CBP SB","Land Border - Truck - Conveyance - CBP SB;baggage;swine products/by-products;smuggled commercial products","SAN LUIS, AZ (2608)",3.54884085286513e-23,2.90070146729333e-12,0,1,1,FALSE
"Land Border - Truck - Conveyance - CBP SB","Land Border - Truck - Conveyance - CBP SB;baggage;swine products/by-products;smuggled commercial products","SAN YSIDRO (2504)",3.79325711733124e-23,2.90070146729333e-12,0,1,1,FALSE
"Land Border - Truck - Conveyance - CBP SB","Land Border - Truck - Conveyance - CBP SB;baggage;swine products/by-products;smuggled commercial products","SANTA TERESA NM (2408)",3.15875783442536e-23,2.90070146729333e-12,0,1,1,FALSE
"Land Border - Truck - Conveyance - CBP SB","Land Border - Truck - Conveyance - CBP SB;baggage;swine products/by-products;smuggled commercial products","TECATE, CA (2505)",3.23290944915656e-23,2.90070146729333e-12,0,1,1,FALSE
"Land Border - Truck - Conveyance - CBP SB","Land Border - Truck - Conveyance - CBP SB;baggage;swine products/by-products;smuggled commercial products","YSLETA, TX (2401)",3.42971533006687e-23,2.90070146729333e-12,0,1,1,FALSE
"Land Border - Truck - Conveyance - CBP SB","Land Border - Truck - Conveyance - CBP SB;baggage;swine products/by-products;smuggled commercial products","Average",NA,0,0,0,NA,NA
"Land Border - Truck - Conveyance - CBP SB","Land Border - Truck - Conveyance - CBP SB;conveyance;fomite;plant based feed","BROWNSVILLE, TX (2301)",-26.5660685229092,2.90070146729333e-12,0,1,0.987642296940751,FALSE
"Land Border - Truck - Conveyance - CBP SB","Land Border - Truck - Conveyance - CBP SB;conveyance;fomite;plant based feed","CALEXICO-EAST (2507)",4.415402817522e-23,2.90070146729333e-12,0,1,1,FALSE
"Land Border - Truck - Conveyance - CBP SB","Land Border - Truck - Conveyance - CBP SB;conveyance;fomite;plant based feed","CALEXICO, CA (2503)",2.76212671947294e-23,2.90070146729333e-12,0,1,1,FALSE
"Land Border - Truck - Conveyance - CBP SB","Land Border - Truck - Conveyance - CBP SB;conveyance;fomite;plant based feed","COLUMBUS, NM (2406)",3.13295971307611e-23,2.90070146729333e-12,0,1,1,FALSE
"Land Border - Truck - Conveyance - CBP SB","Land Border - Truck - Conveyance - CBP SB;conveyance;fomite;plant based feed","DOUGLAS, AZ (2601)",3.71547684736848e-23,2.90070146729333e-12,0,1,1,FALSE
"Land Border - Truck - Conveyance - CBP SB","Land Border - Truck - Conveyance - CBP SB;conveyance;fomite;plant based feed","EAGLE PASS, TX (2303)",2.34585410721014e-23,2.90070146729333e-12,0,1,1,FALSE
"Land Border - Truck - Conveyance - CBP SB","Land Border - Truck - Conveyance - CBP SB;conveyance;fomite;plant based feed","EL PASO, TX (2402)",2.52393407987589e-23,2.90070146729333e-12,0,1,1,FALSE
"Land Border - Truck - Conveyance - CBP SB","Land Border - Truck - Conveyance - CBP SB;conveyance;fomite;plant based feed","HIDALGO, TX (2305)",1.24260140915962e-11,2.90070146732938e-12,0,1,0.999999999999996,FALSE
"Land Border - Truck - Conveyance - CBP SB","Land Border - Truck - Conveyance - CBP SB;conveyance;fomite;plant based feed","LAREDO, TX (2304)",2.97924923533122e-23,2.90070146729333e-12,0,1,1,FALSE
"Land Border - Truck - Conveyance - CBP SB","Land Border - Truck - Conveyance - CBP SB;conveyance;fomite;plant based feed","LOS ANGELES INT AIRPORT (2720)",3.38152436782112e-23,2.90070146729333e-12,0,1,1,FALSE
"Land Border - Truck - Conveyance - CBP SB","Land Border - Truck - Conveyance - CBP SB;conveyance;fomite;plant based feed","LUKEVILLE, AZ (2602)",4.66787499381243e-23,2.90070146729333e-12,0,1,1,FALSE
"Land Border - Truck - Conveyance - CBP SB","Land Border - Truck - Conveyance - CBP SB;conveyance;fomite;plant based feed","NOGALES, AZ (2604)",2.83473019359586e-23,2.90070146729333e-12,0,1,1,FALSE
"Land Border - Truck - Conveyance - CBP SB","Land Border - Truck - Conveyance - CBP SB;conveyance;fomite;plant based feed","OTAY MESA (2506)",2.8443045233058e-23,2.90070146729333e-12,0,1,1,FALSE
"Land Border - Truck - Conveyance - CBP SB","Land Border - Truck - Conveyance - CBP SB;conveyance;fomite;plant based feed","PRESIDIO, TX (2403)",2.11873635023834e-23,2.90070146729333e-12,0,1,1,FALSE
"Land Border - Truck - Conveyance - CBP SB","Land Border - Truck - Conveyance - CBP SB;conveyance;fomite;plant based feed","PROGRESO, TX (2309)",3.56802258646143e-23,2.90070146729333e-12,0,1,1,FALSE
"Land Border - Truck - Conveyance - CBP SB","Land Border - Truck - Conveyance - CBP SB;conveyance;fomite;plant based feed","ROMA, TX (2310)",2.94167170940942e-23,2.90070146729333e-12,0,1,1,FALSE
"Land Border - Truck - Conveyance - CBP SB","Land Border - Truck - Conveyance - CBP SB;conveyance;fomite;plant based feed","SAN LUIS, AZ (2608)",3.54884085286513e-23,2.90070146729333e-12,0,1,1,FALSE
"Land Border - Truck - Conveyance - CBP SB","Land Border - Truck - Conveyance - CBP SB;conveyance;fomite;plant based feed","SAN YSIDRO (2504)",3.79325711733124e-23,2.90070146729333e-12,0,1,1,FALSE
"Land Border - Truck - Conveyance - CBP SB","Land Border - Truck - Conveyance - CBP SB;conveyance;fomite;plant based feed","SANTA TERESA NM (2408)",3.15875783442536e-23,2.90070146729333e-12,0,1,1,FALSE
"Land Border - Truck - Conveyance - CBP SB","Land Border - Truck - Conveyance - CBP SB;conveyance;fomite;plant based feed","TECATE, CA (2505)",3.23290944915656e-23,2.90070146729333e-12,0,1,1,FALSE
"Land Border - Truck - Conveyance - CBP SB","Land Border - Truck - Conveyance - CBP SB;conveyance;fomite;plant based feed","YSLETA, TX (2401)",3.42971533006687e-23,2.90070146729333e-12,0,1,1,FALSE
"Land Border - Truck - Conveyance - CBP SB","Land Border - Truck - Conveyance - CBP SB;conveyance;fomite;plant based feed","Average",NA,0,0,0,NA,NA
"Maritime Port - Vessel - Cargo - CBP","Maritime Port - Vessel - Cargo - CBP;container;swine products/by-products;commercial","BALTIMORE, MD (1303)",-25.5660686906794,7.88492276543372e-12,0,1,0.998228174362686,FALSE
"Maritime Port - Vessel - Cargo - CBP","Maritime Port - Vessel - Cargo - CBP;container;swine products/by-products;commercial","BOSTON - LOGAN AIRPORT, MA (0417)",1.67122442824549e-07,7.88492408318139e-12,0,1,0.999999999999129,FALSE
"Maritime Port - Vessel - Cargo - CBP","Maritime Port - Vessel - Cargo - CBP;container;swine products/by-products;commercial","BOSTON, MA (0401)",20.2309373510109,0.00479616306955514,0,1,0.998597918794474,FALSE
"Maritime Port - Vessel - Cargo - CBP","Maritime Port - Vessel - Cargo - CBP;container;swine products/by-products;commercial","CHARLESTON, SC (1601)",1.6716267020999e-07,7.88492408349858e-12,0,1,0.99999999999145,FALSE
"Maritime Port - Vessel - Cargo - CBP","Maritime Port - Vessel - Cargo - CBP;container;swine products/by-products;commercial","CHARLOTTE AMALIE, VI (5101)",1.67154869112455e-07,7.88492408343706e-12,0,1,0.999999999998935,FALSE
"Maritime Port - Vessel - Cargo - CBP","Maritime Port - Vessel - Cargo - CBP;container;swine products/by-products;commercial","FREEPORT, TX (5311)",1.67156202599376e-07,7.88492408344757e-12,0,1,0.999999999998935,FALSE
"Maritime Port - Vessel - Cargo - CBP","Maritime Port - Vessel - Cargo - CBP;container;swine products/by-products;commercial","FT LAUDERDALE INTL AIRPT (5210)",1.6709740008128e-07,7.88492408298393e-12,0,1,0.999999999999384,FALSE
"Maritime Port - Vessel - Cargo - CBP","Maritime Port - Vessel - Cargo - CBP;container;swine products/by-products;commercial","GALVESTON, TX (5310)",1.67159858280746e-07,7.88492408347639e-12,0,1,0.999999999997897,FALSE
"Maritime Port - Vessel - Cargo - CBP","Maritime Port - Vessel - Cargo - CBP;container;swine products/by-products;commercial","Gulfport (1902)",1.67168106193652e-07,7.88492408354144e-12,0,1,0.999999999991712,FALSE
"Maritime Port - Vessel - Cargo - CBP","Maritime Port - Vessel - Cargo - CBP;container;swine products/by-products;commercial","HONOLULU, HI (3201)",1.67155398384647e-07,7.88492408344124e-12,0,1,0.999999999991632,FALSE
"Maritime Port - Vessel - Cargo - CBP","Maritime Port - Vessel - Cargo - CBP;container;swine products/by-products;commercial","HOUSTON, TX (5301)",1.67152322992383e-07,7.88492408341698e-12,0,1,0.999999999990282,FALSE
"Maritime Port - Vessel - Cargo - CBP","Maritime Port - Vessel - Cargo - CBP;container;swine products/by-products;commercial","LONG BEACH, CA (2709)",1.67158947251751e-07,7.88492408346922e-12,0,1,0.999999999990319,FALSE
"Maritime Port - Vessel - Cargo - CBP","Maritime Port - Vessel - Cargo - CBP;container;swine products/by-products;commercial","LOS ANGELES INT AIRPORT (2720)",1.67151569056262e-07,7.88492408341104e-12,0,1,0.999999999998935,FALSE
"Maritime Port - Vessel - Cargo - CBP","Maritime Port - Vessel - Cargo - CBP;container;swine products/by-products;commercial","LOS ANGELES, CA (2704)",1.43900656085451e-07,7.88492390007936e-12,0,1,0.999999999997581,FALSE
"Maritime Port - Vessel - Cargo - CBP","Maritime Port - Vessel - Cargo - CBP;container;swine products/by-products;commercial","MIAMI, FL (5201)",1.67145648319671e-07,7.88492408336434e-12,0,1,0.999999999989804,FALSE
"Maritime Port - Vessel - Cargo - CBP","Maritime Port - Vessel - Cargo - CBP;container;swine products/by-products;commercial","NEW ORLEANS, LA (2002)",19.5426210977254,0.00241545893721515,0,1,0.998645621694932,FALSE
"Maritime Port - Vessel - Cargo - CBP","Maritime Port - Vessel - Cargo - CBP;container;swine products/by-products;commercial","NEW YORK, NY (1001)",1.67156271137045e-07,7.88492408344813e-12,0,1,0.99999999999025,FALSE
"Maritime Port - Vessel - Cargo - CBP","Maritime Port - Vessel - Cargo - CBP;container;swine products/by-products;commercial","NEW YORK/NEWARK AREA (4601)",1.67206141668469e-07,7.88492408384135e-12,0,1,0.999999999989915,FALSE
"Maritime Port - Vessel - Cargo - CBP","Maritime Port - Vessel - Cargo - CBP;container;swine products/by-products;commercial","NORFOLK-NEWPORT NEWS, VA (1401)",1.69768046147226e-07,7.88492410404177e-12,0,1,0.999999999990025,FALSE
"Maritime Port - Vessel - Cargo - CBP","Maritime Port - Vessel - Cargo - CBP;container;swine products/by-products;commercial","OAKLAND, CA (2811)",1.67150822462185e-07,7.88492408340516e-12,0,1,0.999999999996804,FALSE
"Maritime Port - Vessel - Cargo - CBP","Maritime Port - Vessel - Cargo - CBP;container;swine products/by-products;commercial","PHILADELPHIA, PA (1101)",1.68739992395187e-07,7.88492409593563e-12,0,1,0.999999999990113,FALSE
"Maritime Port - Vessel - Cargo - CBP","Maritime Port - Vessel - Cargo - CBP;container;swine products/by-products;commercial","PORT ARTHUR, TX (2101)",1.67146986274524e-07,7.8849240833749e-12,0,1,0.999999999997251,FALSE
"Maritime Port - Vessel - Cargo - CBP","Maritime Port - Vessel - Cargo - CBP;container;swine products/by-products;commercial","PORT EVERGLADES, FL (5203)",1.67133874489287e-07,7.88492408327151e-12,0,1,0.999999999990084,FALSE
"Maritime Port - Vessel - Cargo - CBP","Maritime Port - Vessel - Cargo - CBP;container;swine products/by-products;commercial","SAN FRANCISCO INTL AIRPORT (2801)",1.67144631115127e-07,7.88492408335633e-12,0,1,0.999999999997734,FALSE
"Maritime Port - Vessel - Cargo - CBP","Maritime Port - Vessel - Cargo - CBP;container;swine products/by-products;commercial","SAN FRANCISCO, CA (2809)",1.67142531156062e-07,7.88492408333977e-12,0,1,0.999999999991484,FALSE
"Maritime Port - Vessel - Cargo - CBP","Maritime Port - Vessel - Cargo - CBP;container;swine products/by-products;commercial","SAN JUAN CMC (4900)",1.67149810822627e-07,7.88492408339717e-12,0,1,0.999999999999383,FALSE
"Maritime Port - Vessel - Cargo - CBP","Maritime Port - Vessel - Cargo - CBP;container;swine products/by-products;commercial","SAN JUAN, PR (4909)",1.67140774200212e-07,7.88492408332594e-12,0,1,0.999999999991654,FALSE
"Maritime Port - Vessel - Cargo - CBP","Maritime Port - Vessel - Cargo - CBP;container;swine products/by-products;commercial","SAN YSIDRO (2504)",1.67392995999053e-07,7.88492408531468e-12,0,1,0.999999999999382,FALSE
"Maritime Port - Vessel - Cargo - CBP","Maritime Port - Vessel - Cargo - CBP;container;swine products/by-products;commercial","SAVANNAH, GA (1703)",1.6714669695672e-07,7.88492408337263e-12,0,1,0.999999999989982,FALSE
"Maritime Port - Vessel - Cargo - CBP","Maritime Port - Vessel - Cargo - CBP;container;swine products/by-products;commercial","SEATTLE-TACOMA INTL ARPT (3029)",1.67146160615487e-07,7.88492408336840e-12,0,1,0.999999999999129,FALSE
"Maritime Port - Vessel - Cargo - CBP","Maritime Port - Vessel - Cargo - CBP;container;swine products/by-products;commercial","SEATTLE, WA (3001)",1.67148222479897e-07,7.88492408338465e-12,0,1,0.999999999992135,FALSE
"Maritime Port - Vessel - Cargo - CBP","Maritime Port - Vessel - Cargo - CBP;container;swine products/by-products;commercial","TACOMA, WA (3002)",1.67150879185172e-07,7.88492408340561e-12,0,1,0.999999999991718,FALSE
"Maritime Port - Vessel - Cargo - CBP","Maritime Port - Vessel - Cargo - CBP;container;swine products/by-products;commercial","WEST PALM BEACH, FL (5204)",19.6444902710436,0.00267379679146548,0,1,0.998638561778863,FALSE
"Maritime Port - Vessel - Cargo - CBP","Maritime Port - Vessel - Cargo - CBP;container;swine products/by-products;commercial","WILMINGTON, DE (1103)",1.67147164169123e-07,7.88492408337630e-12,0,1,0.999999999992066,FALSE
"Maritime Port - Vessel - Cargo - CBP","Maritime Port - Vessel - Cargo - CBP;container;swine products/by-products;commercial","Average",NA,0.000302411733575263,7.56029333938157e-05,0.000604823467150526,NA,NA
"Maritime Port - Vessel - Mail - CBP","Maritime Port - Vessel - Mail - CBP;baggage;swine products/by-products;personal use or consumption","CHARLOTTE AMALIE, VI (5101)",-13.5660662511932,1.28331044378365e-06,0,1,0.979785637465474,FALSE
"Maritime Port - Vessel - Mail - CBP","Maritime Port - Vessel - Mail - CBP;baggage;swine products/by-products;personal use or consumption","CHICAGO, IL (3901)",6.49638110505839,0.00084977811348666,0,1,0.990319153406962,FALSE
"Maritime Port - Vessel - Mail - CBP","Maritime Port - Vessel - Mail - CBP;baggage;swine products/by-products;personal use or consumption","JOHN F KENNEDY AIRPORT (4701)",5.16893368718038,0.000225462197505549,0,1,0.992297236819282,FALSE
"Maritime Port - Vessel - Mail - CBP","Maritime Port - Vessel - Mail - CBP;baggage;swine products/by-products;personal use or consumption","LOS ANGELES INT AIRPORT (2720)",6.02836986754731,0.000532339632681594,0,1,0.991016549647846,FALSE
"Maritime Port - Vessel - Mail - CBP","Maritime Port - Vessel - Mail - CBP;baggage;swine products/by-products;personal use or consumption","MIAMI INTERNATIONAL AIRPORT (5206)",5.99090904140285,0.000512776685753274,0,1,0.991072371269722,FALSE
"Maritime Port - Vessel - Mail - CBP","Maritime Port - Vessel - Mail - CBP;baggage;swine products/by-products;personal use or consumption","NEW YORK/NEWARK AREA (4601)",9.06867825602708,0.0110153615586197,0,1,0.986486252268468,FALSE
"Maritime Port - Vessel - Mail - CBP","Maritime Port - Vessel - Mail - CBP;baggage;swine products/by-products;personal use or consumption","SAN FRANCISCO INTL AIRPORT (2801)",-2.51628082232832e-07,1.28331012086716e-06,0,1,0.999999999734847,FALSE
"Maritime Port - Vessel - Mail - CBP","Maritime Port - Vessel - Mail - CBP;baggage;swine products/by-products;personal use or consumption","SAN FRANCISCO, CA (2809)",8.0107837848571,0.00385208012327281,0,1,0.988062556894451,FALSE
"Maritime Port - Vessel - Mail - CBP","Maritime Port - Vessel - Mail - CBP;baggage;swine products/by-products;personal use or consumption","Average",NA,0.00288161497802968,0.00246768133477679,0.00327922363448377,NA,NA
"Pedestrian SB","Pedestrian SB;NA;NA;smuggled commercial products","BROWNSVILLE, TX (2301)",-26.5660685239454,2.9007014642877e-12,0,1,0.990929819806664,FALSE
"Pedestrian SB","Pedestrian SB;NA;NA;smuggled commercial products","CALEXICO-EAST (2507)",-1.48346910446423e-22,2.9007014642877e-12,0,1,1,FALSE
"Pedestrian SB","Pedestrian SB;NA;NA;smuggled commercial products","CALEXICO, CA (2503)",-1.44376201377267e-22,2.9007014642877e-12,0,1,1,FALSE
"Pedestrian SB","Pedestrian SB;NA;NA;smuggled commercial products","DOUGLAS, AZ (2601)",-1.43389718396597e-22,2.9007014642877e-12,0,1,1,FALSE
"Pedestrian SB","Pedestrian SB;NA;NA;smuggled commercial products","EL PASO, TX (2402)",-1.54405905151199e-22,2.9007014642877e-12,0,1,1,FALSE
"Pedestrian SB","Pedestrian SB;NA;NA;smuggled commercial products","HIDALGO, TX (2305)",-1.49642414733352e-22,2.9007014642877e-12,0,1,1,FALSE
"Pedestrian SB","Pedestrian SB;NA;NA;smuggled commercial products","LAREDO, TX (2304)",-1.49993649218459e-22,2.9007014642877e-12,0,1,1,FALSE
"Pedestrian SB","Pedestrian SB;NA;NA;smuggled commercial products","Nogales - Grand Ave.",-1.5134232148415e-22,2.9007014642877e-12,0,1,1,FALSE
"Pedestrian SB","Pedestrian SB;NA;NA;smuggled commercial products","OTAY MESA (2506)",-7.67089834344734e-12,2.90070146426545e-12,0,1,0.999999999999998,FALSE
"Pedestrian SB","Pedestrian SB;NA;NA;smuggled commercial products","Pharr",-1.60077975462819e-22,2.9007014642877e-12,0,1,1,FALSE
"Pedestrian SB","Pedestrian SB;NA;NA;smuggled commercial products","SAN LUIS, AZ (2608)",-1.55260485292788e-22,2.9007014642877e-12,0,1,1,FALSE
"Pedestrian SB","Pedestrian SB;NA;NA;smuggled commercial products","SAN YSIDRO (2504)",-1.550089500965e-22,2.9007014642877e-12,0,1,1,FALSE
"Pedestrian SB","Pedestrian SB;NA;NA;smuggled commercial products","TECATE, CA (2505)",-1.5456082909184e-22,2.9007014642877e-12,0,1,1,FALSE
"Pedestrian SB","Pedestrian SB;NA;NA;smuggled commercial products","YSLETA, TX (2401)",-1.51947882449959e-22,2.9007014642877e-12,0,1,1,FALSE
"Pedestrian SB","Pedestrian SB;NA;NA;smuggled commercial products","Average",NA,0,0,0,NA,NA
"Pedestrian SB","Pedestrian SB;baggage;swine products/by-products;personal use or consumption","BROWNSVILLE, TX (2301)",-26.5660685239454,2.9007014642877e-12,0,1,0.990929819806664,FALSE
"Pedestrian SB","Pedestrian SB;baggage;swine products/by-products;personal use or consumption","CALEXICO-EAST (2507)",-1.48346910446423e-22,2.9007014642877e-12,0,1,1,FALSE
"Pedestrian SB","Pedestrian SB;baggage;swine products/by-products;personal use or consumption","CALEXICO, CA (2503)",-1.44376201377267e-22,2.9007014642877e-12,0,1,1,FALSE
"Pedestrian SB","Pedestrian SB;baggage;swine products/by-products;personal use or consumption","DOUGLAS, AZ (2601)",-1.43389718396597e-22,2.9007014642877e-12,0,1,1,FALSE
"Pedestrian SB","Pedestrian SB;baggage;swine products/by-products;personal use or consumption","EL PASO, TX (2402)",-1.54405905151199e-22,2.9007014642877e-12,0,1,1,FALSE
"Pedestrian SB","Pedestrian SB;baggage;swine products/by-products;personal use or consumption","HIDALGO, TX (2305)",-1.49642414733352e-22,2.9007014642877e-12,0,1,1,FALSE
"Pedestrian SB","Pedestrian SB;baggage;swine products/by-products;personal use or consumption","LAREDO, TX (2304)",-1.49993649218459e-22,2.9007014642877e-12,0,1,1,FALSE
"Pedestrian SB","Pedestrian SB;baggage;swine products/by-products;personal use or consumption","Nogales - Grand Ave.",-1.5134232148415e-22,2.9007014642877e-12,0,1,1,FALSE
"Pedestrian SB","Pedestrian SB;baggage;swine products/by-products;personal use or consumption","OTAY MESA (2506)",-7.67089834344734e-12,2.90070146426545e-12,0,1,0.999999999999998,FALSE
"Pedestrian SB","Pedestrian SB;baggage;swine products/by-products;personal use or consumption","Pharr",-1.60077975462819e-22,2.9007014642877e-12,0,1,1,FALSE
"Pedestrian SB","Pedestrian SB;baggage;swine products/by-products;personal use or consumption","SAN LUIS, AZ (2608)",-1.55260485292788e-22,2.9007014642877e-12,0,1,1,FALSE
"Pedestrian SB","Pedestrian SB;baggage;swine products/by-products;personal use or consumption","SAN YSIDRO (2504)",-1.550089500965e-22,2.9007014642877e-12,0,1,1,FALSE
"Pedestrian SB","Pedestrian SB;baggage;swine products/by-products;personal use or consumption","TECATE, CA (2505)",-1.5456082909184e-22,2.9007014642877e-12,0,1,1,FALSE
"Pedestrian SB","Pedestrian SB;baggage;swine products/by-products;personal use or consumption","YSLETA, TX (2401)",-1.51947882449959e-22,2.9007014642877e-12,0,1,1,FALSE
"Pedestrian SB","Pedestrian SB;baggage;swine products/by-products;personal use or consumption","Average",NA,0,0,0,NA,NA
"Pedestrian SB","Pedestrian SB;baggage;fomite;unspecified feed","BROWNSVILLE, TX (2301)",-26.5660685239454,2.9007014642877e-12,0,1,0.990929819806664,FALSE
"Pedestrian SB","Pedestrian SB;baggage;fomite;unspecified feed","CALEXICO-EAST (2507)",-1.48346910446423e-22,2.9007014642877e-12,0,1,1,FALSE
"Pedestrian SB","Pedestrian SB;baggage;fomite;unspecified feed","CALEXICO, CA (2503)",-1.44376201377267e-22,2.9007014642877e-12,0,1,1,FALSE
"Pedestrian SB","Pedestrian SB;baggage;fomite;unspecified feed","DOUGLAS, AZ (2601)",-1.43389718396597e-22,2.9007014642877e-12,0,1,1,FALSE
"Pedestrian SB","Pedestrian SB;baggage;fomite;unspecified feed","EL PASO, TX (2402)",-1.54405905151199e-22,2.9007014642877e-12,0,1,1,FALSE
"Pedestrian SB","Pedestrian SB;baggage;fomite;unspecified feed","HIDALGO, TX (2305)",-1.49642414733352e-22,2.9007014642877e-12,0,1,1,FALSE
"Pedestrian SB","Pedestrian SB;baggage;fomite;unspecified feed","LAREDO, TX (2304)",-1.49993649218459e-22,2.9007014642877e-12,0,1,1,FALSE
"Pedestrian SB","Pedestrian SB;baggage;fomite;unspecified feed","Nogales - Grand Ave.",-1.5134232148415e-22,2.9007014642877e-12,0,1,1,FALSE
"Pedestrian SB","Pedestrian SB;baggage;fomite;unspecified feed","OTAY MESA (2506)",-7.67089834344734e-12,2.90070146426545e-12,0,1,0.999999999999998,FALSE
"Pedestrian SB","Pedestrian SB;baggage;fomite;unspecified feed","Pharr",-1.60077975462819e-22,2.9007014642877e-12,0,1,1,FALSE
"Pedestrian SB","Pedestrian SB;baggage;fomite;unspecified feed","SAN LUIS, AZ (2608)",-1.55260485292788e-22,2.9007014642877e-12,0,1,1,FALSE
"Pedestrian SB","Pedestrian SB;baggage;fomite;unspecified feed","SAN YSIDRO (2504)",-1.550089500965e-22,2.9007014642877e-12,0,1,1,FALSE
"Pedestrian SB","Pedestrian SB;baggage;fomite;unspecified feed","TECATE, CA (2505)",-1.5456082909184e-22,2.9007014642877e-12,0,1,1,FALSE
"Pedestrian SB","Pedestrian SB;baggage;fomite;unspecified feed","YSLETA, TX (2401)",-1.51947882449959e-22,2.9007014642877e-12,0,1,1,FALSE
"Pedestrian SB","Pedestrian SB;baggage;fomite;unspecified feed","Average",NA,0,0,0,NA,NA
"Pedestrian SB","Pedestrian SB;baggage;swine products/by-products;smuggled commercial products","BROWNSVILLE, TX (2301)",-26.5660685239454,2.9007014642877e-12,0,1,0.990929819806664,FALSE
"Pedestrian SB","Pedestrian SB;baggage;swine products/by-products;smuggled commercial products","CALEXICO-EAST (2507)",-1.48346910446423e-22,2.9007014642877e-12,0,1,1,FALSE
"Pedestrian SB","Pedestrian SB;baggage;swine products/by-products;smuggled commercial products","CALEXICO, CA (2503)",-1.44376201377267e-22,2.9007014642877e-12,0,1,1,FALSE
"Pedestrian SB","Pedestrian SB;baggage;swine products/by-products;smuggled commercial products","DOUGLAS, AZ (2601)",-1.43389718396597e-22,2.9007014642877e-12,0,1,1,FALSE
"Pedestrian SB","Pedestrian SB;baggage;swine products/by-products;smuggled commercial products","EL PASO, TX (2402)",-1.54405905151199e-22,2.9007014642877e-12,0,1,1,FALSE
"Pedestrian SB","Pedestrian SB;baggage;swine products/by-products;smuggled commercial products","HIDALGO, TX (2305)",-1.49642414733352e-22,2.9007014642877e-12,0,1,1,FALSE
"Pedestrian SB","Pedestrian SB;baggage;swine products/by-products;smuggled commercial products","LAREDO, TX (2304)",-1.49993649218459e-22,2.9007014642877e-12,0,1,1,FALSE
"Pedestrian SB","Pedestrian SB;baggage;swine products/by-products;smuggled commercial products","Nogales - Grand Ave.",-1.5134232148415e-22,2.9007014642877e-12,0,1,1,FALSE
"Pedestrian SB","Pedestrian SB;baggage;swine products/by-products;smuggled commercial products","OTAY MESA (2506)",-7.67089834344734e-12,2.90070146426545e-12,0,1,0.999999999999998,FALSE
"Pedestrian SB","Pedestrian SB;baggage;swine products/by-products;smuggled commercial products","Pharr",-1.60077975462819e-22,2.9007014642877e-12,0,1,1,FALSE
"Pedestrian SB","Pedestrian SB;baggage;swine products/by-products;smuggled commercial products","SAN LUIS, AZ (2608)",-1.55260485292788e-22,2.9007014642877e-12,0,1,1,FALSE
"Pedestrian SB","Pedestrian SB;baggage;swine products/by-products;smuggled commercial products","SAN YSIDRO (2504)",-1.550089500965e-22,2.9007014642877e-12,0,1,1,FALSE
"Pedestrian SB","Pedestrian SB;baggage;swine products/by-products;smuggled commercial products","TECATE, CA (2505)",-1.5456082909184e-22,2.9007014642877e-12,0,1,1,FALSE
"Pedestrian SB","Pedestrian SB;baggage;swine products/by-products;smuggled commercial products","YSLETA, TX (2401)",-1.51947882449959e-22,2.9007014642877e-12,0,1,1,FALSE
"Pedestrian SB","Pedestrian SB;baggage;swine products/by-products;smuggled commercial products","Average",NA,0,0,0,NA,NA
