task,owner,sub_category,start_date,completion_comments,Animal.kg,Plant.kg,lat,lon,PATHWAY,how_many,entry_type,aqim_based,COMMODITY_DISPLAY_NAME
TK:9925:25,Puerto Rico,IBL 25-063,2025-08-10T23:00:00Z,"Animal: 0.0 pounds
Plant: 0.0 pounds",0,0,17.93761,-66.14427,IBL,,passenger,NA,Animal_IBL
TK:9914:25,Puerto Rico,IBL 25-062,2025-08-10T23:00:00Z,"Animal #24 lbs.
Plant #5 lbs.",10.886208,2.26796,17.97802,-66.61869,IBL,,passenger,NA,Animal_IBL
TK:9910:25,Puerto Rico,IBL 25-061,2025-08-06T23:00:00Z,"Animal# 0
Plant# 0",0,0,18.48842,-66.42261,IBL,,passenger,NA,Animal_IBL
TK:9851:25,Puerto Rico,IBL 25-060,2025-08-05T23:00:00Z,"Animal # 14,0 pounds
Plant # 2.5 pounds",6.350288,1.13398,18.01295,-67.17002,IBL,,passenger,NA,Animal_IBL
TK:9800:25,Puerto Rico,IBL 25-059,2025-08-02T23:00:00Z,"ANIMAL #0
PLANT #16",0,7.257472,18.43642,-65.87024,IBL,,passenger,NA,Animal_IBL
TK:9148:25,Puerto Rico,IBL 25-058,2025-07-20T23:00:00Z,"Animal #6.8 lbs.
Plant #2 lbs.",3.0844256,0.907184,18.01297,-67.16994,IBL,,passenger,NA,Animal_IBL
TK:9088:25,Puerto Rico,IBL 25-057,2025-07-08T23:00:00Z,No product recovered.    I kept in touch for a week with the agencies taking care of this case and they are going to leave the boat at the reef. They don't have a way to tow it out of the reef.,NA,NA,17.92733,-66.366,IBL,,passenger,NA,Animal_IBL
TK:8971:25,Puerto Rico,IBL 25-056,2025-07-10T23:00:00Z,"Animal #11.3 lbs.
Plant #0 lbs.",5.1255896000000005,0,18.0063,-65.86647,IBL,,passenger,NA,Animal_IBL
TK:8970:25,Puerto Rico,IBL 25-055,2025-07-10T23:00:00Z,"Animal #7.1 lbs.
Plant #2 lbs.",3.2205032,0.907184,18.11902,-65.78039,IBL,,passenger,NA,Animal_IBL
TK:8610:25,Puerto Rico,IBL 25-054,2025-06-26T23:00:00Z,"Animal # 35.0 pounds
Plant # 21.0 pounds",15.87572,9.525432,17.92949,-66.15754,IBL,,passenger,NA,Animal_IBL
TK:8593:25,Puerto Rico,IBL 25-053,2025-06-24T23:00:00Z,"Animal # 4.0
Plants # 1.0",1.814368,0.453592,18.50986,-67.021,IBL,,passenger,NA,Animal_IBL
TK:8528:25,Puerto Rico,IBL 25-052,2025-06-24T23:00:00Z,"Animal #13.4 lbs.
Plant #0 lbs.",6.0781328,0,18.01298,-67.17002,IBL,,passenger,NA,Animal_IBL
TK:8478:25,Puerto Rico,IBL 25-051,2025-06-20T23:00:00Z,"Animal # 0 lbs.
Plant # 0 lbs.",0,0,18.49948,-67.14789,IBL,,passenger,NA,Animal_IBL
TK:8468:25,Puerto Rico,IBL 25-050,2025-06-20T23:00:00Z,"Animal #5.5 lbs.
Plant #0 lbs.",2.4947559999999998,0,18.33288,-67.25325,IBL,,passenger,NA,Animal_IBL
TK:8361:25,Puerto Rico,IBL 25-049,2025-06-16T23:00:00Z,"Animal #30 pounds
Plants #5 pounds",13.607759999999999,2.26796,18.49042,-66.86783,IBL,,passenger,NA,Animal_IBL
TK:8320:25,Puerto Rico,IBL 25-048,2025-06-15T23:00:00Z,"ANIMAL #0
PLANT #3",0,1.360776,18.43685,-65.87281,IBL,,passenger,NA,Animal_IBL
TK:7876:25,Puerto Rico,IBL 25-047,2025-05-26T23:00:00Z,"Animal # 7.25 pounds
Plant # 0.0 pounds",3.288542,0,17.96669,-65.98429,IBL,,passenger,NA,Animal_IBL
TK:7854:25,Puerto Rico,IBL 25-046,2025-05-25T23:00:00Z,"ANIMAL #0
PLANT #34",0,15.422128,18.43688,-65.87416,IBL,,passenger,NA,Animal_IBL
TK:7306:25,Puerto Rico,IBL 25-045,2025-05-06T23:00:00Z,"Animal # 18.0 pounds
Plants # 10.5 pounds",8.164656,4.762716,17.95544,-67.15035,IBL,,passenger,NA,Animal_IBL
TK:6848:25,Puerto Rico,IBL 25-044,2025-04-16T23:00:00Z,"ANIMAL #0
PLANT #0",0,0,18.02559,-65.83282,IBL,,passenger,NA,Animal_IBL
TK:6708:25,Puerto Rico,IBL 25-043,2025-04-11T23:00:00Z,"Animal 0.0 pounds
Plant 0.0 pounds",0,0,18.42903,-65.83292,IBL,,passenger,NA,Animal_IBL
TK:5940:25,Puerto Rico,IBL 25-042,2025-03-19T23:00:00Z,"Animal # 8.00 pounds
Plant # 4.00 pounds",3.628736,1.814368,18.01292,-67.17001,IBL,,passenger,NA,Animal_IBL
TK:5784:25,Puerto Rico,IBL 25-041,2025-03-13T23:00:00Z,"Animal # 0.0 pounds
Plant # 15.6 pounds",0,7.0760352,17.96015,-67.21373,IBL,,passenger,NA,Animal_IBL
TK:5783:25,Puerto Rico,IBL 25-040,2025-03-13T23:00:00Z,"Animal # 0.0 pounds
Plant # 0.0 pounds",0,0,18.05422,-67.88819,IBL,,passenger,NA,Animal_IBL
TK:5448:25,Puerto Rico,IBL 25-039,2025-03-10T23:00:00Z,"Animal #50
Plant #0",22.6796,0,18.48531,-66.38508,IBL,,passenger,NA,Animal_IBL
TK:5276:25,Puerto Rico,IBL 25-038,2025-03-02T22:00:00Z,"Animal #2
Plant #0",0.907184,0,18.48859,-66.88284,IBL,,passenger,NA,Animal_IBL
TK:4842:25,Puerto Rico,IBL 25-037,2025-02-18T23:00:00Z,"Animal #7
Plant #3",3.175144,1.360776,18.5028,-67.0011,IBL,,passenger,NA,Animal_IBL
TK:4158:25,Puerto Rico,IBL 25-036,2025-01-30T22:00:00Z,"Animal# 32.0 pounds
Plant# 20.0 pounds",14.514944,9.07184,18.0129,-67.16993,IBL,,passenger,NA,Animal_IBL
TK:4156:25,Puerto Rico,IBL 25-035,2025-01-29T23:00:00Z,"Animal #7
Plant #2",3.175144,0.907184,18.46743,-66.22745,IBL,,passenger,NA,Animal_IBL
TK:4076:25,Puerto Rico,IBL 25-034,2025-01-28T22:00:00Z,"Animal: 4.0 pounds
Plant: 1.0 pounds",1.814368,0.453592,18.01289,-67.16979,IBL,,passenger,NA,Animal_IBL
TK:3633:25,Puerto Rico,IBL 25-033,2025-01-08T22:00:00Z,"Animal # 0.1 pounds
Plant # 0.0 pounds",0.0453592,0,18.48852,-66.84034,IBL,,passenger,NA,Animal_IBL
TK:3629:25,Puerto Rico,IBL 25-032,2025-01-08T22:00:00Z,"Animal # 17.0 pounds
Plant # 0.5 pounds",7.711064,0.226796,18.35673,-67.26918,IBL,,passenger,NA,Animal_IBL
TK:3630:25,Puerto Rico,IBL 25-031,2025-01-08T23:00:00Z,"Animal #15
Plant #5",6.8038799999999995,2.26796,18.48713,-66.55412,IBL,,passenger,NA,Animal_IBL
TK:3541:25,Puerto Rico,IBL 25-030,2025-01-04T23:00:00Z,"Animal # 1lbs
Plant # 2 lbs",0.453592,0.907184,18.42675,-65.83203,IBL,,passenger,NA,Animal_IBL
TK:3538:25,Puerto Rico,IBL 25-029,2025-01-03T22:00:00Z,"Animal #0
Plant #0",0,0,18.50798,-67.13487,IBL,,passenger,NA,Animal_IBL
TK:3526:25,Puerto Rico,IBL 25-028,2025-01-02T22:00:00Z,"Animal #3
Plant #0.5",1.360776,0.226796,18.33691,-67.25406,IBL,,passenger,NA,Animal_IBL
TK:8835:25,Florida,IBL 25-028,2025-06-16T23:00:00Z,Unknown embarkation,NA,NA,25.98812,-80.11731,IBL,,passenger,NA,Animal_IBL
TK:3485:25,Puerto Rico,IBL 25-027,2024-12-31T23:00:00Z,"Animal # 5.0 pounds
Plant # 0.5 pounds",2.26796,0.226796,18.48788,-66.66892,IBL,,passenger,NA,Animal_IBL
TK:8830:25,Florida,IBL 25-027,2025-05-10T23:00:00Z,Unknown embarkation. Irish and UK migrants,NA,NA,27.47126,-80.29405,IBL,,passenger,NA,Animal_IBL
TK:8824:25,Florida,IBL 25-026,2025-05-08T23:00:00Z,"Bahamas, multiple nationalities migrants",NA,NA,26.71547,-80.0329,IBL,,passenger,NA,Animal_IBL
TK:3308:25,Puerto Rico,IBL 25-026,2024-12-26T22:00:00Z,"Animal # 52.00
Plant # 10.00",23.586784,4.53592,17.97802,-66.61869,IBL,,passenger,NA,Animal_IBL
TK:8821:25,Florida,IBL 25-026,2025-05-08T23:00:00Z,Data provided by CBP,NA,NA,26.71547,-80.0329,IBL,,passenger,NA,Animal_IBL
TK:3237:25,Puerto Rico,IBL 25-025,2024-12-21T22:00:00Z,"Animal # 5.30
Plant # 0.0",2.4040376,0,18.06163,-65.82183,IBL,,passenger,NA,Animal_IBL
TK:5944:25,Florida,IBL 25-025,2025-02-02T23:45:00Z,Data provided by CBP,NA,NA,26.89186,-80.0563,IBL,,passenger,NA,Animal_IBL
TK:3220:25,Puerto Rico,IBL 25-024,2024-12-21T22:00:00Z,"Animal # 4.50
Plant # 1.50",2.041164,0.680388,18.09176,-67.19871,IBL,,passenger,NA,Animal_IBL
TK:5942:25,Florida,IBL 25-024,2025-01-31T06:30:00Z,Data provided by CBP,NA,NA,26.63908,-80.03713,IBL,,passenger,NA,Animal_IBL
TK:3084:25,Puerto Rico,IBL 25-023,2024-12-16T22:00:00Z,"Animal #1.5
Plant #0",0.680388,0,17.96111,-67.21402,IBL,,passenger,NA,Animal_IBL
TK:5935:25,Florida,IBL 25-023,2025-01-28T07:40:00Z,Data provided by CBP,NA,NA,25.69016,-80.26988,IBL,,passenger,NA,Animal_IBL
TK:3037:25,Puerto Rico,IBL 25-022,2024-12-16T23:00:00Z,"Animal# 2.0 pounds
Plant# 0.0 pounds",0.907184,0,18.01286,-67.16998,IBL,,passenger,NA,Animal_IBL
TK:5934:25,Florida,IBL 25-022,2025-01-18T14:00:00Z,Data provided by CBP,NA,NA,24.55225,-81.75298,IBL,,passenger,NA,Animal_IBL
TK:2995:25,Puerto Rico,IBL 25-021,2024-12-14T22:00:00Z,"Animal #7
Plant #4",3.175144,1.814368,18.48578,-66.59198,IBL,,passenger,NA,Animal_IBL
TK:5933:25,Florida,IBL 25-021,2025-01-17T14:15:00Z,Data provided by CBP,NA,NA,25.81078,-80.12159,IBL,,passenger,NA,Animal_IBL
TK:5932:25,Florida,IBL 25-020,2025-01-17T09:18:00Z,Data provided by CBP,NA,NA,25.70831,-80.2473,IBL,,passenger,NA,Animal_IBL
TK:2819:25,Puerto Rico,IBL 25-020,2024-12-08T22:00:00Z,"Animal #0
Plant #14",0,6.350288,17.97455,-66.54152,IBL,,passenger,NA,Animal_IBL
TK:5947:25,Florida,IBL 25-020,2025-01-16T23:00:00Z,NA,NA,NA,25.70831,-80.2473,IBL,,passenger,NA,Animal_IBL
TK:5931:25,Florida,IBL 25-019,NA,Data provided by CBP,NA,NA,24.55056,-81.77639,IBL,,passenger,NA,Animal_IBL
TK:2568:25,Puerto Rico,IBL 25-019,2024-12-01T23:00:00Z,"Animal #6.5 pounds
Plant # 0.0 pounds",2.948348,0,18.51367,-67.08047,IBL,,passenger,NA,Animal_IBL
TK:5928:25,Florida,IBL 25-018,2025-01-14T07:40:00Z,Data provided by CBP,NA,NA,24.81339,-81.79768,IBL,,passenger,NA,Animal_IBL
TK:2542:25,Puerto Rico,IBL 25-018,2024-11-30T23:00:00Z,"Animal# 5.0 pounds
Plant# 20.0 pounds",2.26796,9.07184,18.48395,-66.54066,IBL,,passenger,NA,Animal_IBL
TK:5927:25,Florida,IBL 25-017,NA,Data provided by CBP,NA,NA,24.54566,-81.80546,IBL,,passenger,NA,Animal_IBL
TK:2532:25,Puerto Rico,IBL 25-017,2024-11-29T23:00:00Z,"Animal # 5.00
Plant #20.00",2.26796,9.07184,18.49078,-66.60923,IBL,,passenger,NA,Animal_IBL
TK:1940:25,Puerto Rico,IBL 25-016,2024-11-12T23:00:00Z,"Animal# 13.0 pounds
Plant# 2.0 pounds",5.896696,0.907184,18.49065,-66.60759,IBL,,passenger,NA,Animal_IBL
TK:5926:25,Florida,IBL 25-016,2025-01-06T08:00:00Z,Data provided by CBP,NA,NA,25.78184,-80.12917,IBL,,passenger,NA,Animal_IBL
TK:5925:25,Florida,IBL 25-015,2025-01-06T08:11:00Z,Data provided by CBP,NA,NA,24.52746,-81.92488,IBL,,passenger,NA,Animal_IBL
TK:1818:25,Puerto Rico,IBL 25-015,2024-11-10T22:00:00Z,"Animal # 0.7
Plant # 0.0",0.3175144,0,18.48931,-66.60411,IBL,,passenger,NA,Animal_IBL
TK:1783:25,Puerto Rico,IBL 25-014,2024-11-09T22:00:00Z,"Animal # 0.0
Plants # 0.0",0,0,18.49231,-66.97936,IBL,,passenger,NA,Animal_IBL
TK:3792:25,Florida,IBL 25-014,2024-12-31T05:00:00Z,Data provided by CBP,NA,NA,25.28595,-80.28945,IBL,,passenger,NA,Animal_IBL
TK:1430:25,Puerto Rico,IBL 25-013,2024-10-27T23:00:00Z,"ANIMAL # 5
PLANT # 1",2.26796,0.453592,18.4476,-65.93655,IBL,,passenger,NA,Animal_IBL
TK:3791:25,Florida,IBL 25-013,2024-12-29T21:00:00Z,Data provided by CBP,NA,NA,24.55205,-81.7565,IBL,,passenger,NA,Animal_IBL
TK:3790:25,Florida,IBL 25-012,2024-12-27T23:00:00Z,Data provided by CBP,NA,NA,26.20451,-80.09377,IBL,,passenger,NA,Animal_IBL
TK:1403:25,Puerto Rico,IBL 25-012,2024-10-23T23:00:00Z,"Animal # 30.70
Plant # 0.00",13.9252744,0,18.48789,-66.88491,IBL,,passenger,NA,Animal_IBL
TK:3789:25,Florida,IBL 25-011,2024-12-26T09:20:00Z,Data provided by CBP,NA,NA,24.55196,-81.76866,IBL,,passenger,NA,Animal_IBL
TK:1349:25,Puerto Rico,IBL 25-011,2024-10-20T23:00:00Z,"Animal # 0.0
Plant # 0.5",0,0.226796,18.01284,-67.17008,IBL,,passenger,NA,Animal_IBL
TK:3787:25,Florida,IBL 25-010,2024-12-10T23:00:00Z,Data provided by CBP,NA,NA,25.90689,-80.12461,IBL,,passenger,NA,Animal_IBL
TK:1348:25,Puerto Rico,IBL 25-010,2024-10-19T23:00:00Z,"Animal # 0.0
Plant # 0.0",0,0,18.01276,-67.17018,IBL,,passenger,NA,Animal_IBL
TK:1347:25,Puerto Rico,IBL 25-009,2024-10-16T23:00:00Z,"Animal # 0.0 
Plant # 0.0",0,0,18.2921,-67.19836,IBL,,passenger,NA,Animal_IBL
TK:3785:25,Florida,IBL 25-009,2024-11-25T17:30:00Z,Data provided by CBP,NA,NA,26.80788,-80.03378,IBL,,passenger,NA,Animal_IBL
TK:1012:25,Puerto Rico,IBL 25-008,2024-10-15T04:00:00Z,"Animal # 12.60
Plant # 11.00",5.7152592,4.9895119999999995,17.9785,-66.6186,IBL,,passenger,NA,Animal_IBL
TK:3783:25,Florida,IBL 25-008,2024-11-24T21:00:00Z,Data provided by CBP,NA,NA,26.54751,-80.04196,IBL,,passenger,NA,Animal_IBL
TK:1322:25,Puerto Rico,IBL 25-007,2024-10-11T23:00:00Z,"Animal # 14.3
Plant # 5",6.4863656,2.26796,18.01292,-67.16993,IBL,,passenger,NA,Animal_IBL
TK:3782:25,Florida,IBL 25-007,2024-11-19T06:00:00Z,Data provided by CBP,NA,NA,26.2606,-80.0963,IBL,,passenger,NA,Animal_IBL
TK:1558:25,Puerto Rico,IBL 25-006,2024-10-09T23:00:00Z,"Animal # 0
Plant # 0",0,0,18.01277,-67.17009,IBL,,passenger,NA,Animal_IBL
TK:3781:25,Florida,IBL 25-006,2024-11-18T19:00:00Z,Data provided by CBP,NA,NA,25.90076,-80.12127,IBL,,passenger,NA,Animal_IBL
TK:3780:25,Florida,IBL 25-006,2024-11-18T19:00:00Z,Data provided by CBP,NA,NA,25.90076,-80.12127,IBL,,passenger,NA,Animal_IBL
TK:1157:25,Puerto Rico,IBL 25-005,2024-10-08T19:00:00Z,"Animal: 0.0 pounds
Plant: 0.0 pounds",0,0,17.95408,-67.14497,IBL,,passenger,NA,Animal_IBL
TK:3779:25,Florida,IBL 25-005,2024-11-11T18:30:00Z,Data provided by CBP,NA,NA,26.25786,-80.0806,IBL,,passenger,NA,Animal_IBL
TK:1155:25,Puerto Rico,IBL 25-004,2024-10-08T03:00:00Z,"Animal# 11
Plant# 0.5",4.9895119999999995,0.226796,17.95309,-67.21272,IBL,,passenger,NA,Animal_IBL
TK:3778:25,Florida,IBL 25-004,2024-11-11T18:30:00Z,Data provided by CBP,NA,NA,26.51449,-80.05295,IBL,,passenger,NA,Animal_IBL
TK:1095:25,Puerto Rico,IBL 25-003,2024-10-05T03:00:00Z,"Animal # 0.0 pounds
Plant # 0.0 pounds",0,0,18.36626,-67.26914,IBL,,passenger,NA,Animal_IBL
TK:3777:25,Florida,IBL 25-003,2024-10-26T10:45:00Z,Data provided by CBP,NA,NA,26.80788,-80.03378,IBL,,passenger,NA,Animal_IBL
TK:1039:25,Puerto Rico,IBL 25-002,2024-10-02T03:00:00Z,"Animal# 2
Plant# 0.8",0.907184,0.3628736,18.01287,-67.17,IBL,,passenger,NA,Animal_IBL
TK:3776:25,Florida,IBL 25-002,2024-10-15T05:30:00Z,Data provided by CBP,NA,NA,26.51449,-80.05295,IBL,,passenger,NA,Animal_IBL
TK:1028:25,Puerto Rico,IBL 25-001,2024-10-02T03:00:00Z,"Animal #0.0 pounds
Plant #0.0 pounds",0,0,18.09412,-67.93755,IBL,,passenger,NA,Animal_IBL
TK:3725:25,Florida,IBL 25-001,2024-10-08T23:00:00Z,Data provided by CBP,NA,NA,26.50322,-80.05137,IBL,,passenger,NA,Animal_IBL
TK:8631:24,Puerto Rico,IBL 24-092,2024-09-30T03:00:00Z,"Animal# 0
Plant# 0",0,0,18.15822,-67.94834,IBL,,passenger,NA,Animal_IBL
TK:8608:24,Puerto Rico,IBL 24-091,2024-09-28T03:00:00Z,"ANIMAL #0
PLANT #0",0,0,18.44169,-65.88425,IBL,,passenger,NA,Animal_IBL
TK:8553:24,Puerto Rico,IBL 24-090,2024-09-26T03:00:00Z,"ANIMAL #1
PLANT #1",0.453592,0.453592,18.46215,-66.09456,IBL,,passenger,NA,Animal_IBL
TK:8516:24,Puerto Rico,IBL 24-089,2024-09-25T03:00:00Z,"Animal# 7
Plant# 0",3.175144,0,18.08985,-67.1993,IBL,,passenger,NA,Animal_IBL
TK:8489:24,Puerto Rico,IBL 24-088,2024-09-24T03:00:00Z,"Animal# 10.0 pounds
Plant# 3.5 pounds",4.53592,1.587572,17.97796,-66.61871,IBL,,passenger,NA,Animal_IBL
TK:8469:24,Puerto Rico,IBL 24-087,2024-09-21T03:00:00Z,"Animal# 0
Plant# 0",0,0,18.51274,-67.03988,IBL,,passenger,NA,Animal_IBL
TK:8468:24,Puerto Rico,IBL 24-086,2024-09-21T03:00:00Z,"Animal# 15.2
Plant# 1",6.8945984,0.453592,18.35976,-67.27043,IBL,,passenger,NA,Animal_IBL
TK:8449:24,Puerto Rico,IBL 24-085,2024-09-20T03:00:00Z,"ANIMAL #0
PLANT #0",0,0,18.49217,-66.63136,IBL,,passenger,NA,Animal_IBL
TK:8414:24,Puerto Rico,IBL 24-084,2024-09-18T19:00:00Z,"ANIMAL # 5
PLANT # 4",2.26796,1.814368,18.42985,-65.8336,IBL,,passenger,NA,Animal_IBL
TK:8369:24,Puerto Rico,IBL 24-083,2024-09-17T03:00:00Z,"Animal# 9
Plant# 0.8",4.082328,0.3628736,18.51471,-67.10181,IBL,,passenger,NA,Animal_IBL
TK:8360:24,Puerto Rico,IBl 24-082,2024-09-17T03:00:00Z,"Animal: 0.0 pounds
Plant: 0.0 pounds",0,0,18.47776,-67.16881,IBL,,passenger,NA,Animal_IBL
TK:8354:24,Puerto Rico,IBL 24-081,2024-09-16T03:00:00Z,"Animal: 0.0 pounds
Plants: 0.0 pounds",0,0,18.15962,-67.9488,IBL,,passenger,NA,Animal_IBL
TK:8197:24,Puerto Rico,IBL 24-080,2024-09-10T03:00:00Z,"Animal: 24.0 pounds
Plant: 0.25 pounds",10.886208,0.113398,18.37673,-67.23615,IBL,,passenger,NA,Animal_IBL
TK:8088:24,Puerto Rico,IBL 24-079,2024-09-02T03:00:00Z,"Animal# 0
Plant# 0",0,0,18.2885,-65.28083,IBL,,passenger,NA,Animal_IBL
TK:8044:24,Puerto Rico,IBL 24-078,2024-08-28T03:00:00Z,"Animal# 0
Plant# 0",0,0,18.13901,-65.51243,IBL,,passenger,NA,Animal_IBL
TK:8031:24,Puerto Rico,IBL 24-077,2024-08-29T03:00:00Z,"Animal # 18.0 pounds
Plants # 8.0 pounds",8.164656,3.628736,17.96941,-66.61238,IBL,,passenger,NA,Animal_IBL
TK:7986:24,Puerto Rico,IBL 24-076,2024-08-26T03:00:00Z,"Animal# 7
Plant# 0",3.175144,0,18.28738,-67.19408,IBL,,passenger,NA,Animal_IBL
TK:7961:24,Puerto Rico,IBL 24-075,2024-08-22T03:00:00Z,"Animal# 11
Plant# 3.5",4.9895119999999995,1.587572,18.4839,-67.16662,IBL,,passenger,NA,Animal_IBL
TK:7821:24,Puerto Rico,IBL 24-074,2024-08-11T03:00:00Z,"ANIMAL # 5
PLANT #0",2.26796,0,18.40694,-65.79757,IBL,,passenger,NA,Animal_IBL
TK:7817:24,Puerto Rico,IBL 24-073,2024-08-11T03:00:00Z,"ANIMAL #0
PLANT #0",0,0,18.51347,-67.04283,IBL,,passenger,NA,Animal_IBL
TK:7816:24,Puerto Rico,IBL 24-072,2024-08-10T03:00:00Z,"ANIMAL # 0
PLANT # 14",0,6.350288,18.23185,-65.62201,IBL,,passenger,NA,Animal_IBL
TK:7629:24,Puerto Rico,IBL 24-071,2024-08-06T03:00:00Z,"Animal: 3.75 pounds
Plants: 0.0 pounds",1.7009699999999999,0,18.37264,-67.25038,IBL,,passenger,NA,Animal_IBL
TK:7585:24,Puerto Rico,IBL 24-070,2024-07-31T03:00:00Z,"Animal# 2
Plant# 0.7",0.907184,0.3175144,18.01291,-67.16989,IBL,,passenger,NA,Animal_IBL
TK:7545:24,Puerto Rico,IBL 24-069,2024-07-28T03:00:00Z,"Animal# 6
Plant# 4.2",2.721552,1.9050864,18.40083,-67.18666,IBL,,passenger,NA,Animal_IBL
TK:7430:24,Puerto Rico,IBL 24-068,2024-07-17T03:00:00Z,"ANIMAL #20
PLANT #9",9.07184,4.082328,17.99441,-65.8803,IBL,,passenger,NA,Animal_IBL
TK:7343:24,Puerto Rico,IBL 24-067,2024-07-14T03:00:00Z,"Animal# 3.5pounds
Plant#0.0 pounds",1.587572,0,18.38957,-67.20295,IBL,,passenger,NA,Animal_IBL
TK:7274:24,Puerto Rico,IBL 24-066,2024-07-07T03:00:00Z,"Animal#0
Plant#0",0,0,18.13811,-65.51233,IBL,,passenger,NA,Animal_IBL
TK:7160:24,Puerto Rico,IBL 24-065,2024-06-28T03:00:00Z,"Animal# 0.75 pounds
Plant# 2.0 pounds",0.340194,0.907184,18.50679,-67.13912,IBL,,passenger,NA,Animal_IBL
TK:6949:24,Puerto Rico,IBL 24-064,2024-06-17T03:00:00Z,"Animal#0
Plant#0",0,0,18.51062,-67.03236,IBL,,passenger,NA,Animal_IBL
TK:6877:24,Puerto Rico,IBL 24-063,2024-06-14T03:00:00Z,"Animal# 0
Plant# 0",0,0,18.08906,-67.93813,IBL,,passenger,NA,Animal_IBL
TK:6852:24,Puerto Rico,IBL 24-062,2024-06-13T03:00:00Z,"Animal# 26
Plant# 3",11.793392,1.360776,18.49006,-67.1572,IBL,,passenger,NA,Animal_IBL
TK:6767:24,Puerto Rico,IBL 24-061,2024-06-10T03:00:00Z,"Animal # 9.0 pounds
Plant # 1.2 pounds",4.082328,0.5443104,18.51304,-67.11352,IBL,,passenger,NA,Animal_IBL
TK:6750:24,Puerto Rico,IBL 24-060,2024-06-07T03:00:00Z,"Animal# 0
Plant# 0",0,0,18.23202,-65.62184,IBL,,passenger,NA,Animal_IBL
TK:6487:24,Puerto Rico,IBL 24-059,2024-05-27T03:00:00Z,"Animal# 27
Plant# 3",12.246984,1.360776,18.36372,-67.27043,IBL,,passenger,NA,Animal_IBL
TK:6480:24,Puerto Rico,IBL 24-058,2024-05-25T03:00:00Z,"Animal: 0.0 pounds
Plant 0.0 pounds",0,0,18.34751,-67.26327,IBL,,passenger,NA,Animal_IBL
TK:1082:25,Florida,IBL 24-057,2024-09-24T06:15:00Z,NA,NA,NA,26.77844,-80.0352,IBL,,passenger,NA,Animal_IBL
TK:6353:24,Puerto Rico,IBL 24-057,2024-05-20T03:00:00Z,"Animal# 0
Plant# 0",0,0,18.30491,-65.24473,IBL,,passenger,NA,Animal_IBL
TK:8393:24,Florida,IBL 24-056,2024-09-16T23:40:00Z,NA,NA,NA,24.69211,-81.08721,IBL,,passenger,NA,Animal_IBL
TK:6333:24,Puerto Rico,IBL 24-056,2024-05-18T03:00:00Z,"Animal: 0.0 pounds
Plant: 3.5 pounds",0,1.587572,18.36453,-67.26994,IBL,,passenger,NA,Animal_IBL
TK:6300:24,Puerto Rico,IBL 24-055,2024-05-16T03:00:00Z,"Animal # 25.0 pounds
Plant 0.66 pounds",11.3398,0.29937072000000003,18.509,-67.02768,IBL,,passenger,NA,Animal_IBL
TK:8392:24,Florida,IBL 24-055,2024-09-15T20:15:00Z,NA,NA,NA,26.54215,-80.04382,IBL,,passenger,NA,Animal_IBL
TK:6284:24,Puerto Rico,IBL 24-054,2024-05-14T19:00:00Z,"ANIMAL #30
PLANT #16",13.607759999999999,7.257472,18.51536,-67.09767,IBL,,passenger,NA,Animal_IBL
TK:8391:24,Florida,IBL 24-054,2024-08-30T05:00:00Z,NA,NA,NA,26.44779,-80.05982,IBL,,passenger,NA,Animal_IBL
TK:6246:24,Puerto Rico,IBL 24-053,2024-05-14T03:00:00Z,"Animal# 0
Plant# 0",0,0,18.48595,-66.67685,IBL,,passenger,NA,Animal_IBL
TK:8388:24,Florida,IBL 24-053,2024-08-21T00:00:00Z,NA,NA,NA,24.68092,-81.23107,IBL,,passenger,NA,Animal_IBL
TK:8385:24,Florida,IBL 24-052,2024-08-18T21:00:00Z,NA,NA,NA,25.18728,-80.35281,IBL,,passenger,NA,Animal_IBL
TK:6235:24,Puerto Rico,IBL 24-052,2024-05-12T03:00:00Z,"ANIMAL #25
PLANT #20",11.3398,9.07184,18.23074,-65.62148,IBL,,passenger,NA,Animal_IBL
TK:8383:24,Florida,IBL 24-051,2024-08-11T16:30:00Z,NA,NA,NA,26.77112,-80.03456,IBL,,passenger,NA,Animal_IBL
TK:6175:24,Puerto Rico,IBL 24-051,2024-05-07T03:00:00Z,"Animal# 4.7
Plant# 2",2.1318824,0.907184,17.96114,-67.21398,IBL,,passenger,NA,Animal_IBL
TK:6134:24,Puerto Rico,IBL 24-050,2024-05-03T03:00:00Z,"ANIMAL # 10.00
PLANT # 16.00",4.53592,7.257472,18.48858,-66.42295,IBL,,passenger,NA,Animal_IBL
TK:7960:24,Florida,IBL 24-050,2024-08-10T21:00:00Z,NA,NA,NA,25.96327,-80.11962,IBL,,passenger,NA,Animal_IBL
TK:5981:24,Puerto Rico,IBL 24-049,2024-04-28T03:00:00Z,"Animal: 0.0 pounds
Plant: 0.0 pounds",0,0,18.37385,-67.24577,IBL,,passenger,NA,Animal_IBL
TK:7959:24,Florida,IBL 24-049,2024-08-01T04:15:00Z,NA,NA,NA,24.55028,-81.77625,IBL,,passenger,NA,Animal_IBL
TK:5980:24,Puerto Rico,IBL 24-048,2024-04-27T03:00:00Z,"Animal 2.5 pounds
Plant 0.5 pounds",1.13398,0.226796,18.51306,-67.11471,IBL,,passenger,NA,Animal_IBL
TK:7958:24,Florida,IBL 24-048,2024-07-30T09:30:00Z,NA,NA,NA,24.54517,-81.80703,IBL,,passenger,NA,Animal_IBL
TK:5847:24,Puerto Rico,IBL 24-047,2024-04-19T03:00:00Z,"Animal# 6
Plant #4",2.721552,1.814368,18.5127,-67.04023,IBL,,passenger,NA,Animal_IBL
TK:7927:24,Florida,IBL 24-047,2024-07-07T22:00:00Z,NA,NA,NA,26.75707,-80.03628,IBL,,passenger,NA,Animal_IBL
TK:5466:24,Puerto Rico,IBL 24-046,2024-04-07T03:00:00Z,"Animal: 13.0 pounds
Plant 0.0 pounds",5.896696,0,18.50342,-67.0027,IBL,,passenger,NA,Animal_IBL
TK:7926:24,Florida,IBL 24-046,2024-07-02T22:20:00Z,Vessel landed in South Miami beach and all subjects considered got-aways.,NA,NA,25.76916,-80.13061,IBL,,passenger,NA,Animal_IBL
TK:7268:24,Florida,IBL 24-045,2024-06-30T04:00:00Z,NA,NA,NA,26.53856,-80.05404,IBL,,passenger,NA,Animal_IBL
TK:5455:24,Puerto Rico,IBL 24-045,2024-04-07T03:00:00Z,"Animal: 0.0 pounds
Plants: 0.0 pounds",0,0,18.50846,-67.02472,IBL,,passenger,NA,Animal_IBL
TK:7267:24,Florida,IBL 24-044,2024-06-30T21:00:00Z,NA,NA,NA,24.55302,-81.75211,IBL,,passenger,NA,Animal_IBL
TK:5454:24,Puerto Rico,IBL 24-044,2024-04-07T03:00:00Z,"Animal: 0.0 pounds
Plant 0.0 pounds",0,0,18.4897,-67.15796,IBL,,passenger,NA,Animal_IBL
TK:7266:24,Florida,IBL 24-043,2024-06-27T19:00:00Z,NA,NA,NA,25.328,-80.2592,IBL,,passenger,NA,Animal_IBL
TK:7266:24,Florida,IBL 24-043,2024-06-27T19:00:00Z,NA,NA,NA,25.328,-80.2592,IBL,,passenger,NA,Animal_IBL
TK:7269:24,Florida,IBL 24-043,2024-06-27T19:00:00Z,NA,NA,NA,25.328,-80.2592,IBL,,passenger,NA,Animal_IBL
TK:7269:24,Florida,IBL 24-043,2024-06-27T19:00:00Z,NA,NA,NA,25.328,-80.2592,IBL,,passenger,NA,Animal_IBL
TK:5009:24,Puerto Rico,IBL 24-043,2024-03-24T03:00:00Z,"Animal 10.0 pounds
Plants 7.5 pounds",4.53592,3.4019399999999997,17.96751,-67.21308,IBL,,passenger,NA,Animal_IBL
TK:4991:24,Puerto Rico,IBL 24-042,2024-03-22T03:00:00Z,"ANIMAL # 20
PLANT# 40",9.07184,18.14368,18.23196,-65.62191,IBL,,passenger,NA,Animal_IBL
TK:7265:24,Florida,IBL 24-042,2024-06-26T03:00:00Z,NA,NA,NA,24.54973,-81.78064,IBL,,passenger,NA,Animal_IBL
TK:4967:24,Puerto Rico,IBL 24-041,2024-03-20T03:00:00Z,"Animal# 1
Plant# 1",0.453592,0.453592,17.95781,-67.21223,IBL,,passenger,NA,Animal_IBL
TK:6976:24,Florida,IBL 24-041,2024-06-16T05:00:00Z,NA,NA,NA,26.75501,-80.03619,IBL,,passenger,NA,Animal_IBL
TK:4934:24,Puerto Rico,IBL 24-040,2024-03-19T03:00:00Z,"ANIMAL #2
PLANT #3",0.907184,1.360776,18.49032,-66.60667,IBL,,passenger,NA,Animal_IBL
TK:6975:24,Florida,IBL 24-040,2024-06-10T18:00:00Z,NA,NA,NA,24.54695,-81.78795,IBL,,passenger,NA,Animal_IBL
TK:4709:24,Puerto Rico,IBL 24-039,2024-03-10T03:00:00Z,"ANIMAL #6
PLANT #10",2.721552,4.53592,18.40146,-67.18526,IBL,,passenger,NA,Animal_IBL
TK:6974:24,Florida,IBL 24-039,2024-06-05T23:30:00Z,NA,NA,NA,25.36846,-80.2355,IBL,,passenger,NA,Animal_IBL
TK:4369:24,Puerto Rico,IBL 24-038,2024-02-21T02:00:00Z,"ANIMAL #25
PLANT #5",11.3398,2.26796,18.45804,-65.99002,IBL,,passenger,NA,Animal_IBL
TK:6973:24,Florida,IBL 24-038,2024-05-26T21:20:00Z,NA,NA,NA,26.2582,-80.0803,IBL,,passenger,NA,Animal_IBL
TK:6971:24,Florida,IBL 24-037,2024-05-21T00:00:00Z,NA,NA,NA,25.30935,-80.29615,IBL,,passenger,NA,Animal_IBL
TK:4362:24,Puerto Rico,IBL 24-037,2024-02-20T02:00:00Z,"Animal# 3
Plant# 0.7",1.360776,0.3175144,18.37423,-67.24492,IBL,,passenger,NA,Animal_IBL
TK:4329:24,Puerto Rico,IBL 24-036,2024-02-16T02:00:00Z,"ANIMAL #0
PLANT #0",0,0,18.23243,-65.62168,IBL,,passenger,NA,Animal_IBL
TK:6970:24,Florida,IBL 24-036,2024-05-21T02:45:00Z,NA,NA,NA,26.54273,-80.04496,IBL,,passenger,NA,Animal_IBL
TK:4308:24,Puerto Rico,IBL 24-035,2024-02-15T09:00:00Z,"Animal # 5.00
Plant # 2.60",2.26796,1.1793392,17.98953,-67.21358,IBL,,passenger,NA,Animal_IBL
TK:6968:24,Florida,IBL 24-035,2024-05-18T06:45:00Z,NA,NA,NA,25.18222,-80.22224,IBL,,passenger,NA,Animal_IBL
TK:4104:24,Puerto Rico,IBL 24-034,2024-02-06T09:00:00Z,"Animal # 0.00
Plant # 0.10",0,0.0453592,18.48861,-67.16225,IBL,,passenger,NA,Animal_IBL
TK:6967:24,Florida,IBL 24-034,2024-05-13T03:20:00Z,NA,NA,NA,25.17405,-80.3687,IBL,,passenger,NA,Animal_IBL
TK:4057:24,Puerto Rico,IBL 24-033,2024-02-05T02:00:00Z,"Animal# 14.0
Plant# 5.0",6.350288,2.26796,18.23196,-65.62192,IBL,,passenger,NA,Animal_IBL
TK:6966:24,Florida,IBL 24-033,2024-05-09T16:45:00Z,NA,NA,NA,25.90657,-80.12133,IBL,,passenger,NA,Animal_IBL
TK:6573:24,Florida,IBL 24-032,2024-05-04T07:00:00Z,NA,NA,NA,26.01676,-80.1146,IBL,,passenger,NA,Animal_IBL
TK:3927:24,Puerto Rico,IBL 24-032,2024-02-01T02:00:00Z,"Animal: 2.0 pounds
Plant: 0.3 pounds",0.907184,0.1360776,18.4922,-66.97414,IBL,,passenger,NA,Animal_IBL
TK:3922:24,Puerto Rico,IBL 24-031,2024-01-31T02:00:00Z,"Animal: 2.0 pounds
Plant 0.1 pounds",0.907184,0.0453592,18.48367,-66.9019,IBL,,passenger,NA,Animal_IBL
TK:6572:24,Florida,IBL 24-031,2024-04-23T13:15:00Z,NA,NA,NA,25.06775,-80.46493,IBL,,passenger,NA,Animal_IBL
TK:3767:24,Puerto Rico,IBL 24-030,2024-01-30T02:00:00Z,"Animal #12 pounds
Plant # 11 pounds",5.443104,4.9895119999999995,18.48843,-66.42319,IBL,,passenger,NA,Animal_IBL
TK:6570:24,Florida,IBL 24-030,2024-04-20T14:00:00Z,NA,NA,NA,24.54941,-82.15903,IBL,,passenger,NA,Animal_IBL
TK:3766:24,Puerto Rico,IBL 24-029,2024-01-30T09:00:00Z,"Animal # 0.00
Plant # 0.00",0,0,18.43283,-67.15547,IBL,,passenger,NA,Animal_IBL
TK:6569:24,Florida,IBL 24-029,2024-04-10T06:00:00Z,NA,NA,NA,24.62689,-82.87279,IBL,,passenger,NA,Animal_IBL
TK:3735:24,Puerto Rico,IBL 24-028,2024-01-30T02:00:00Z,"Animal# 5.6
Plant# 1",2.5401152,0.453592,18.51359,-67.04652,IBL,,passenger,NA,Animal_IBL
TK:6568:24,Florida,IBL 24-028,2024-04-04T07:30:00Z,NA,NA,NA,25.00844,-80.51552,IBL,,passenger,NA,Animal_IBL
TK:3414:24,Puerto Rico,IBL 24-027,2024-01-16T02:00:00Z,"Animal# 1.7
Plant# 0",0.7711064,0,18.49145,-66.61584,IBL,,passenger,NA,Animal_IBL
TK:6528:24,Florida,IBL 24-027,2024-01-15T10:25:00Z,NA,NA,NA,25.44173,-80.19995,IBL,,passenger,NA,Animal_IBL
TK:3297:24,Puerto Rico,IBL 24-026,2024-01-11T02:00:00Z,"Animal: 2.0 pounds
Plants: 4.0 pounds",0.907184,1.814368,18.01833,-67.17006,IBL,,passenger,NA,Animal_IBL
TK:5259:24,Florida,IBL 24-026,2024-03-30T19:00:00Z,NA,NA,NA,26.72755,-80.11851,IBL,,passenger,NA,Animal_IBL
TK:2986:24,Puerto Rico,IBL 24-025,2024-01-02T02:00:00Z,"Animal # 8 pounds
Plant # 2 pounds",3.628736,0.907184,18.48091,-67.16716,IBL,,passenger,NA,Animal_IBL
TK:5258:24,Florida,IBL 24-025,2024-03-18T20:21:00Z,NA,NA,NA,24.77285,-80.90784,IBL,,passenger,NA,Animal_IBL
TK:2970:24,Puerto Rico,IBL 24-024,2024-01-01T02:00:00Z,"Animal# 1
Plant# 0.5",0.453592,0.226796,18.51197,-67.10727,IBL,,passenger,NA,Animal_IBL
TK:5257:24,Florida,IBL 24-024,2024-03-02T19:30:00Z,NA,NA,NA,26.97011,-80.08079,IBL,,passenger,NA,Animal_IBL
TK:5256:24,Florida,IBL 24-023,2024-02-29T06:30:00Z,NA,NA,NA,24.81457,-80.82056,IBL,,passenger,NA,Animal_IBL
TK:2969:24,Puerto Rico,IBL 24-023,2023-12-31T02:00:00Z,"ANIMAL #8
PLANT #2",3.628736,0.907184,18.45283,-66.17511,IBL,,passenger,NA,Animal_IBL
TK:2967:24,Puerto Rico,IBL 24-022,2023-12-29T02:00:00Z,"Animal# 16.5
Plant# 0.5",7.484268,0.226796,18.0129,-67.17034,IBL,,passenger,NA,Animal_IBL
TK:4395:24,Florida,IBL 24-022,2024-02-16T20:10:00Z,NA,NA,NA,25.74074,-80.17116,IBL,,passenger,NA,Animal_IBL
TK:4394:24,Florida,IBL 24-021,2024-02-03T09:35:00Z,NA,NA,NA,27.46558,-80.30596,IBL,,passenger,NA,Animal_IBL
TK:2909:24,Puerto Rico,IBL 24-021,2023-12-29T02:00:00Z,"Animal# 0.0 pounds
Plant# 0.0 pounds",0,0,17.97179,-66.92694,IBL,,passenger,NA,Animal_IBL
TK:4393:24,Florida,IBL 24-020,2024-02-01T23:45:00Z,NA,NA,NA,25.2894,-80.379,IBL,,passenger,NA,Animal_IBL
TK:2844:24,Puerto Rico,IBL 24-020,2023-12-28T02:00:00Z,"Animal# 24.2
Plant# 1",10.9769264,0.453592,17.95176,-67.13414,IBL,,passenger,NA,Animal_IBL
TK:2839:24,Puerto Rico,IBL 24-019,2023-12-28T02:00:00Z,"Animal #: 2.00
Plants #: 0.00",0.907184,0,18.45325,-65.96719,IBL,,passenger,NA,Animal_IBL
TK:3628:24,Florida,IBL 24-019,2024-01-19T21:01:00Z,NA,NA,NA,25.17249,-80.37388,IBL,,passenger,NA,Animal_IBL
TK:2788:24,Puerto Rico,IBL 24-018,2023-12-25T02:00:00Z,"Animal# 0
Plant# 0",0,0,18.41984,-65.82397,IBL,,passenger,NA,Animal_IBL
TK:3627:24,Florida,IBL 24-018,2024-01-16T09:25:00Z,NA,NA,NA,25.04824,-80.45968,IBL,,passenger,NA,Animal_IBL
TK:2429:24,Puerto Rico,IBL 24-017,2023-12-08T02:00:00Z,"Animal# 7.3
Plant# 1",3.3112216,0.453592,18.01302,-67.17053,IBL,,passenger,NA,Animal_IBL
TK:3626:24,Florida,IBL 24-017,2024-01-10T18:25:00Z,NA,NA,NA,25.89899,-80.1215,IBL,,passenger,NA,Animal_IBL
TK:2272:24,Puerto Rico,IBL 24-016,2023-12-05T02:00:00Z,"Animal 0.0 pounds
Plant 0.0 pounds",0,0,18.08536,-67.94367,IBL,,passenger,NA,Animal_IBL
TK:3625:24,Florida,IBL 24-016,2024-01-10T20:35:00Z,NA,NA,NA,24.5975,-82.12664,IBL,,passenger,NA,Animal_IBL
TK:3624:24,Florida,IBL 24-015,2024-01-02T14:45:00Z,NA,NA,NA,24.5975,-82.12664,IBL,,passenger,NA,Animal_IBL
TK:2246:24,Puerto Rico,IBL 24-015,2023-12-01T02:00:00Z,"Animal# 4.5
Plant# 0",2.041164,0,18.01302,-67.17053,IBL,,passenger,NA,Animal_IBL
TK:2231:24,Puerto Rico,IBL 24-014,2023-12-01T02:00:00Z,"Animal: 0.0 pounds
plant: 0.0 pounds",0,0,18.50536,-67.14183,IBL,,passenger,NA,Animal_IBL
TK:3351:24,Florida,IBL 24-014,2023-12-31T02:32:00Z,NA,NA,NA,25.1724,-80.37357,IBL,,passenger,NA,Animal_IBL
TK:2210:24,Puerto Rico,IBL 24-013,2023-11-29T02:00:00Z,"Animal: 1.0 pounds
Plants: 0.0 pounds",0.453592,0,17.96529,-67.21397,IBL,,passenger,NA,Animal_IBL
TK:3350:24,Florida,IBL 24-013,2023-12-29T22:30:00Z,NA,NA,NA,26.09256,-80.10764,IBL,,passenger,NA,Animal_IBL
TK:3349:24,Florida,IBL 24-012,2023-12-04T07:00:00Z,NA,NA,NA,25.66629,-80.15592,IBL,,passenger,NA,Animal_IBL
TK:1655:24,Puerto Rico,IBL 24-012,2023-11-03T03:00:00Z,"Animal# 0
Plant# 0",0,0,18.47082,-67.16866,IBL,,passenger,NA,Animal_IBL
TK:1433:24,Puerto Rico,IBL 24-011,2023-10-24T03:00:00Z,"ANIMAL #0
PLANT #0",0,0,18.47348,-66.73478,IBL,,passenger,NA,Animal_IBL
TK:3348:24,Florida,IBL 24-011,2023-12-01T18:00:00Z,NA,NA,NA,25.8992,-80.12487,IBL,,passenger,NA,Animal_IBL
TK:3347:24,Florida,IBL 24-010,2023-11-28T23:45:00Z,NA,NA,NA,24.52178,-81.96297,IBL,,passenger,NA,Animal_IBL
TK:1344:24,Puerto Rico,IBL 24-010,2023-10-23T03:00:00Z,"ANIMAL #0
PLANT #5",0,2.26796,18.48675,-66.43638,IBL,,passenger,NA,Animal_IBL
TK:1331:24,Puerto Rico,IBL 24-009,2023-10-21T03:00:00Z,"ANIMAL #20
PLANT# 7",9.07184,3.175144,18.47761,-66.2744,IBL,,passenger,NA,Animal_IBL
TK:3345:24,Florida,IBL 24-009,2023-11-20T16:30:00Z,NA,NA,NA,26.05946,-80.12786,IBL,,passenger,NA,Animal_IBL
TK:3344:24,Florida,IBL 24-008,2023-11-14T13:15:00Z,NA,NA,NA,25.9255,-80.1208,IBL,,passenger,NA,Animal_IBL
TK:1200:24,Puerto Rico,IBL 24-008,2023-10-16T03:00:00Z,"ANIMAL #3
PLANT #2",1.360776,0.907184,18.51589,-67.09145,IBL,,passenger,NA,Animal_IBL
TK:1198:24,Puerto Rico,IBL 24-007,2023-10-14T19:00:00Z,"Animal # 0.5
Plant # 0.5",0.226796,0.226796,18.35525,-67.26899,IBL,,passenger,NA,Animal_IBL
TK:3343:24,Florida,IBL 24-007,2023-11-08T12:00:00Z,NA,NA,NA,25.90306,-80.12305,IBL,,passenger,NA,Animal_IBL
TK:1151:24,Puerto Rico,IBL 24-006,2023-10-12T03:00:00Z,"Animal: 4.00 pounds
Plant: 1.5 pounds",1.814368,0.680388,17.96806,-65.98171,IBL,,passenger,NA,Animal_IBL
TK:3342:24,Florida,IBL 24-006,2023-10-22T21:30:00Z,NA,NA,NA,25.21801,-80.42744,IBL,,passenger,NA,Animal_IBL
TK:1117:24,Puerto Rico,IBL 24-005,2023-10-07T09:00:00Z,"Animal # 0.00
Plant # 0.00",0,0,18.09385,-67.19616,IBL,,passenger,NA,Animal_IBL
TK:3341:24,Florida,IBL 24-005,2023-10-21T01:30:00Z,NA,NA,NA,24.93774,-80.61239,IBL,,passenger,NA,Animal_IBL
TK:1111:24,Puerto Rico,IBL 24-004,2023-10-06T03:00:00Z,"Animal# 17.2
Plant# 0",7.8017824,0,18.51074,-67.12834,IBL,,passenger,NA,Animal_IBL
TK:3340:24,Florida,IBL 24-004,2023-10-20T07:00:00Z,NA,NA,NA,25.84765,-80.16805,IBL,,passenger,NA,Animal_IBL
TK:1110:24,Puerto Rico,IBL 24-003,2023-10-08T03:00:00Z,"ANIMAL# 28
PLANT# 10",12.700576,4.53592,18.45808,-65.98995,IBL,,passenger,NA,Animal_IBL
TK:1075:24,Puerto Rico,IBL 24-002,2023-10-04T03:00:00Z,"Animal# 7
Plant# 0.8",3.175144,0.3628736,18.4785,-66.75366,IBL,,passenger,NA,Animal_IBL
TK:3338:24,Florida,IBL 24-002,2023-10-18T09:20:00Z,NA,NA,NA,25.9072,-80.1251,IBL,,passenger,NA,Animal_IBL
TK:1053:24,Puerto Rico,IBL 24-001,2023-10-03T03:00:00Z,"Animal 0.0 pounds
Plant 10.0 pounds",0,4.53592,17.9542,-67.14461,IBL,,passenger,NA,Animal_IBL
TK:3216:24,Florida,IBL 24-001,2023-10-11T08:30:00Z,NA,NA,NA,26.55514,-80.0413,IBL,,passenger,NA,Animal_IBL
TK:1205:24,Florida,IBL 23-252,2023-09-10T04:12:00Z,NA,NA,NA,25.17164,-80.37418,IBL,,passenger,NA,Animal_IBL
TK:1204:24,Florida,IBL 23-251,2023-09-09T06:45:00Z,NA,NA,NA,24.63227,-82.9204,IBL,,passenger,NA,Animal_IBL
TK:1203:24,Florida,IBL 23-250,2023-09-07T06:30:00Z,NA,NA,NA,25.11353,-80.42312,IBL,,passenger,NA,Animal_IBL
TK:1202:24,Florida,IBL 23-249,2023-09-01T21:45:00Z,NA,NA,NA,26.83969,-80.04431,IBL,,passenger,NA,Animal_IBL
TK:1118:24,Florida,IBL 23-248,2023-08-25T08:20:00Z,NA,NA,NA,26.89964,-80.05793,IBL,,passenger,NA,Animal_IBL
TK:1116:24,Florida,IBL 23-247,2023-08-22T07:00:00Z,NA,NA,NA,24.62355,-81.40176,IBL,,passenger,NA,Animal_IBL
TK:8392:23,Florida,IBL 23-246,2023-08-05T07:30:00Z,NA,NA,NA,25.90196,-80.12464,IBL,,passenger,NA,Animal_IBL
TK:8261:23,Florida,IBL 23-245,2023-07-22T19:00:00Z,NA,NA,NA,25.72489,-80.15661,IBL,,passenger,NA,Animal_IBL
TK:8260:23,Florida,IBL 23-244,2023-07-05T22:15:00Z,NA,NA,NA,24.8039,-80.84806,IBL,,passenger,NA,Animal_IBL
TK:8259:23,Florida,IBL 23-243,2023-07-04T03:18:00Z,NA,NA,NA,24.71337,-81.07843,IBL,,passenger,NA,Animal_IBL
TK:8258:23,Florida,IBL 23-242,2023-07-02T06:45:00Z,NA,NA,NA,24.54455,-81.803,IBL,,passenger,NA,Animal_IBL
TK:8256:23,Florida,IBL 23-241,2023-06-24T13:17:00Z,4 GOTAWAYS,NA,NA,26.77933,-80.05139,IBL,,passenger,NA,Animal_IBL
TK:7945:23,Florida,IBL 23-240,2023-06-25T07:00:00Z,NA,NA,NA,25.7922,-80.1348,IBL,,passenger,NA,Animal_IBL
TK:7372:23,Florida,IBL 23-239,2023-05-29T17:30:00Z,NA,NA,NA,24.62522,-82.86361,IBL,,passenger,NA,Animal_IBL
TK:7371:23,Florida,IBL 23-238,2023-05-28T12:20:00Z,NA,NA,NA,26.2573,-80.0924,IBL,,passenger,NA,Animal_IBL
TK:7370:23,Florida,IBL 23-237,2023-05-20T11:42:00Z,NA,NA,NA,25.23775,-80.31547,IBL,,passenger,NA,Animal_IBL
TK:7369:23,Florida,IBL 23-236,2023-05-18T04:15:00Z,NA,NA,NA,24.91331,-80.63521,IBL,,passenger,NA,Animal_IBL
TK:6835:23,Florida,IBL 23-235,2023-05-15T12:30:00Z,Chinese migrants,NA,NA,25.9312,-80.12099,IBL,,passenger,NA,Animal_IBL
TK:6780:23,Florida,IBL 23-234,2023-05-13T04:45:00Z,NA,NA,NA,24.57953,-81.65267,IBL,,passenger,NA,Animal_IBL
TK:6779:23,Florida,IBL 23-233,2023-05-11T00:00:00Z,NA,NA,NA,25.90268,-80.12601,IBL,,passenger,NA,Animal_IBL
TK:6778:23,Florida,IBL 23-232,2023-05-10T21:00:00Z,NA,NA,NA,25.90268,-80.12601,IBL,,passenger,NA,Animal_IBL
TK:6777:23,Florida,IBL 23-231,2023-05-10T09:30:00Z,NA,NA,NA,26.54646,-80.0531,IBL,,passenger,NA,Animal_IBL
TK:6762:23,Florida,IBL 23-230,2023-05-04T06:30:00Z,Jet ski - 16 migrants got away.,NA,NA,26.33921,-80.0728,IBL,,passenger,NA,Animal_IBL
TK:6328:23,Florida,IBL 23-229,2023-04-28T02:00:00Z,NA,NA,NA,25.7976,-80.1254,IBL,,passenger,NA,Animal_IBL
TK:6326:23,Florida,IBL 23-228,2023-04-27T22:45:00Z,NA,NA,NA,25.90065,-80.12117,IBL,,passenger,NA,Animal_IBL
TK:6308:23,Florida,IBL 23-227,2023-04-25T13:50:00Z,NA,NA,NA,24.6312,-82.9217,IBL,,passenger,NA,Animal_IBL
TK:6305:23,Florida,IBL 23-226,2023-04-21T06:10:00Z,NA,NA,NA,24.5653,-81.7987,IBL,,passenger,NA,Animal_IBL
TK:6105:23,Florida,IBL 23-225,2023-04-15T14:30:00Z,NA,NA,NA,26.8349,-80.0578,IBL,,passenger,NA,Animal_IBL
TK:5866:23,Florida,IBL 23-224,2023-03-05T18:46:00Z,NA,NA,NA,25.90343,-80.12563,IBL,,passenger,NA,Animal_IBL
TK:5865:23,Florida,IBL 23-223,2023-03-04T06:00:00Z,NA,NA,NA,24.6275,-82.8723,IBL,,passenger,NA,Animal_IBL
TK:5864:23,Florida,IBL 23-222,2023-02-28T07:00:00Z,NA,NA,NA,26.09254,-80.10601,IBL,,passenger,NA,Animal_IBL
TK:5863:23,Florida,IBL 23-221,2023-02-14T02:00:00Z,NA,NA,NA,26.2589,-80.0853,IBL,,passenger,NA,Animal_IBL
TK:5862:23,Florida,IBL 23-220,2023-02-14T17:30:00Z,NA,NA,NA,26.83632,-80.05725,IBL,,passenger,NA,Animal_IBL
TK:5861:23,Florida,IBL 23-219,2023-02-03T14:00:00Z,NA,NA,NA,26.94934,-80.07391,IBL,,passenger,NA,Animal_IBL
TK:5860:23,Florida,IBL 23-218,2023-02-02T00:20:00Z,NA,NA,NA,24.5653,-81.7986,IBL,,passenger,NA,Animal_IBL
TK:5859:23,Florida,IBL 23-217,2023-02-01T04:30:00Z,NA,NA,NA,25.90292,-80.12506,IBL,,passenger,NA,Animal_IBL
TK:5858:23,Florida,IBL 23-216,2023-01-30T17:00:00Z,NA,NA,NA,25.90135,-80.12178,IBL,,passenger,NA,Animal_IBL
TK:5857:23,Florida,IBL 23-215,2023-01-11T17:00:00Z,NA,NA,NA,24.5754,-82.1033,IBL,,passenger,NA,Animal_IBL
TK:5856:23,Florida,IBL 23-214,2023-01-10T17:00:00Z,NA,NA,NA,26.11138,-80.1058,IBL,,passenger,NA,Animal_IBL
TK:5855:23,Florida,IBL 23-213,2023-01-02T20:00:00Z,NA,NA,NA,24.771,-80.912,IBL,,passenger,NA,Animal_IBL
TK:5854:23,Florida,IBL 23-212,2022-12-26T21:20:00Z,NA,NA,NA,26.77549,-80.0308,IBL,,passenger,NA,Animal_IBL
TK:5853:23,Florida,IBL 23-211,2022-12-18T22:50:00Z,NA,NA,NA,26.2673,-80.0836,IBL,,passenger,NA,Animal_IBL
TK:5852:23,Florida,IBL 23-210,2022-12-18T22:30:00Z,NA,NA,NA,25.68302,-80.15523,IBL,,passenger,NA,Animal_IBL
TK:5851:23,Florida,IBL 23-209,2022-12-15T07:30:00Z,NA,NA,NA,24.7131,-81.0904,IBL,,passenger,NA,Animal_IBL
TK:5850:23,Florida,IBL 23-208,2022-12-14T13:20:00Z,NA,NA,NA,26.7711,-80.0456,IBL,,passenger,NA,Animal_IBL
TK:5849:23,Florida,IBL 23-207,2022-12-09T07:00:00Z,NA,NA,NA,26.6197,-80.0377,IBL,,passenger,NA,Animal_IBL
TK:5848:23,Florida,IBL 23-206,2022-12-06T13:30:00Z,NA,NA,NA,24.81558,-80.82335,IBL,,passenger,NA,Animal_IBL
TK:5847:23,Florida,IBL 23-205,2022-11-25T19:30:00Z,NA,NA,NA,26.0141,-80.1156,IBL,,passenger,NA,Animal_IBL
TK:5846:23,Florida,IBL 23-204,2022-11-25T08:45:00Z,NA,NA,NA,26.0039,-80.1158,IBL,,passenger,NA,Animal_IBL
TK:5845:23,Florida,IBL 23-203,2022-11-24T23:30:00Z,NA,NA,NA,27.8537,-80.4552,IBL,,passenger,NA,Animal_IBL
TK:5844:23,Florida,IBL 23-202,2022-11-17T04:50:00Z,NA,NA,NA,27.4612,-80.3158,IBL,,passenger,NA,Animal_IBL
TK:5843:23,Florida,IBL 23-201,2022-11-16T06:15:00Z,NA,NA,NA,24.5653,-81.7986,IBL,,passenger,NA,Animal_IBL
TK:5842:23,Florida,IBL 23-200,2022-11-03T18:15:00Z,NA,NA,NA,25.8506,-80.1187,IBL,,passenger,NA,Animal_IBL
TK:5841:23,Florida,IBL 23-199,2022-10-29T03:00:00Z,NA,NA,NA,24.5888,-82.1162,IBL,,passenger,NA,Animal_IBL
TK:5840:23,Florida,IBL 23-198,2022-10-28T07:30:00Z,NA,NA,NA,24.6142,-82.8739,IBL,,passenger,NA,Animal_IBL
TK:5839:23,Florida,IBL 23-197,2022-10-23T22:00:00Z,NA,NA,NA,25.9338,-80.1201,IBL,,passenger,NA,Animal_IBL
TK:5838:23,Florida,IBL 23-196,2022-10-20T05:00:00Z,NA,NA,NA,24.7725,-80.9338,IBL,,passenger,NA,Animal_IBL
TK:5837:23,Florida,IBL 23-195,2022-10-17T23:30:00Z,NA,NA,NA,24.5626,-81.7993,IBL,,passenger,NA,Animal_IBL
TK:5836:23,Florida,IBL 23-194,2022-10-17T23:30:00Z,NA,NA,NA,24.5625,-81.7993,IBL,,passenger,NA,Animal_IBL
TK:5834:23,Florida,IBL 23-193,2022-10-17T23:30:00Z,NA,NA,NA,24.5626,-81.7993,IBL,,passenger,NA,Animal_IBL
TK:5833:23,Florida,IBL 23-192,2022-10-18T10:00:00Z,NA,NA,NA,24.5626,-81.7993,IBL,,passenger,NA,Animal_IBL
TK:5832:23,Florida,IBL 23-191,2022-10-18T07:00:00Z,NA,NA,NA,24.6282,-82.8739,IBL,,passenger,NA,Animal_IBL
TK:5831:23,Florida,IBL 23-190,2022-10-18T06:50:00Z,NA,NA,NA,24.7237,-81.0811,IBL,,passenger,NA,Animal_IBL
TK:5830:23,Florida,IBL 23-189,2022-10-18T06:30:00Z,NA,NA,NA,24.7237,-81.0811,IBL,,passenger,NA,Animal_IBL
TK:5829:23,Florida,IBL 23-188,2022-10-18T00:50:00Z,NA,NA,NA,24.5544,-81.7489,IBL,,passenger,NA,Animal_IBL
TK:5827:23,Florida,IBL 23-186,2022-10-17T23:30:00Z,NA,NA,NA,24.6333,-82.9187,IBL,,passenger,NA,Animal_IBL
TK:5826:23,Florida,IBL 23-185,2022-10-17T15:30:00Z,NA,NA,NA,24.5626,-81.7993,IBL,,passenger,NA,Animal_IBL
TK:5825:23,Florida,IBL 23-184,2022-10-17T13:00:00Z,NA,NA,NA,24.5626,-81.7993,IBL,,passenger,NA,Animal_IBL
TK:5824:23,Florida,IBL 23-183,2022-10-17T07:45:00Z,NA,NA,NA,24.5461,-81.8685,IBL,,passenger,NA,Animal_IBL
TK:5823:23,Florida,IBL 23-182,2022-10-17T07:00:00Z,NA,NA,NA,24.5626,-81.7993,IBL,,passenger,NA,Animal_IBL
TK:5822:23,Florida,IBL 23-181,2022-10-17T06:00:00Z,NA,NA,NA,24.5544,-81.7489,IBL,,passenger,NA,Animal_IBL
TK:5821:23,Florida,IBL 23-180,2022-10-15T06:00:00Z,NA,NA,NA,24.5481,-82.1588,IBL,,passenger,NA,Animal_IBL
TK:5819:23,Florida,IBL 23-179,2022-10-16T06:45:00Z,NA,NA,NA,24.7664,-80.9151,IBL,,passenger,NA,Animal_IBL
TK:5820:23,Florida,IBL 23-179,2022-10-16T06:45:00Z,NA,NA,NA,24.7664,-80.9151,IBL,,passenger,NA,Animal_IBL
TK:5818:23,Florida,IBL 23-178,2022-10-14T11:00:00Z,NA,NA,NA,25.0865,-80.4473,IBL,,passenger,NA,Animal_IBL
TK:5817:23,Florida,IBL 23-177,2022-10-14T07:20:00Z,NA,NA,NA,24.5181,-82.1588,IBL,,passenger,NA,Animal_IBL
TK:5816:23,Florida,IBL 23-176,2022-10-15T01:30:00Z,NA,NA,NA,24.551,-81.7723,IBL,,passenger,NA,Animal_IBL
TK:5815:23,Florida,IBL 23-175,2022-10-14T14:15:00Z,NA,NA,NA,24.6287,-82.8728,IBL,,passenger,NA,Animal_IBL
TK:5814:23,Florida,IBL 23-174,2022-10-14T10:10:00Z,NA,NA,NA,24.6272,-82.8688,IBL,,passenger,NA,Animal_IBL
TK:5813:23,Florida,IBL 23-173,2022-10-14T09:30:00Z,NA,NA,NA,25.6671,-80.1557,IBL,,passenger,NA,Animal_IBL
TK:5812:23,Florida,IBL 23-172,2022-10-14T07:00:00Z,NA,NA,NA,25.0115,-80.515,IBL,,passenger,NA,Animal_IBL
TK:5811:23,Florida,IBL 23-171,2022-10-14T06:15:00Z,NA,NA,NA,24.9242,-80.6278,IBL,,passenger,NA,Animal_IBL
TK:5810:23,Florida,IBL 23-170,2022-10-12T02:00:00Z,NA,NA,NA,24.7097,-81.1063,IBL,,passenger,NA,Animal_IBL
TK:5809:23,Florida,IBL 23-169,2022-10-10T04:50:00Z,NA,NA,NA,24.7758,-80.9271,IBL,,passenger,NA,Animal_IBL
TK:5808:23,Florida,IBL 23-168,2022-10-08T09:00:00Z,NA,NA,NA,24.5456,-81.8107,IBL,,passenger,NA,Animal_IBL
TK:5807:23,Florida,IBL 23-167,2022-10-07T00:00:00Z,NA,NA,NA,24.5579,-81.787,IBL,,passenger,NA,Animal_IBL
TK:5806:23,Florida,IBL 23-166,2022-10-05T23:00:00Z,NA,NA,NA,24.5626,-81.7993,IBL,,passenger,NA,Animal_IBL
TK:5805:23,Florida,IBL 23-165,2022-10-06T09:46:00Z,NA,NA,NA,24.717,-81.0228,IBL,,passenger,NA,Animal_IBL
TK:5804:23,Florida,IBL 23-164,2022-10-06T01:50:00Z,NA,NA,NA,25.668,-80.1547,IBL,,passenger,NA,Animal_IBL
TK:5803:23,Florida,IBL 23-163,2022-10-05T08:00:00Z,NA,NA,NA,24.6266,-82.8736,IBL,,passenger,NA,Animal_IBL
TK:5802:23,Florida,IBL 23-162,2022-10-05T08:00:00Z,NA,NA,NA,24.6289,-82.9245,IBL,,passenger,NA,Animal_IBL
TK:5801:23,Florida,IBL 23-161,2022-10-03T22:20:00Z,NA,NA,NA,24.7031,-81.1105,IBL,,passenger,NA,Animal_IBL
TK:5800:23,Florida,IBL 23-160,2022-10-03T09:30:00Z,NA,NA,NA,24.5962,-82.1258,IBL,,passenger,NA,Animal_IBL
TK:5799:23,Florida,IBL 23-159,2022-10-03T07:40:00Z,NA,NA,NA,24.5626,-81.7993,IBL,,passenger,NA,Animal_IBL
TK:5725:23,Florida,IBL 23-158,2023-03-31T06:20:00Z,NA,NA,NA,24.58527,-82.11372,IBL,,passenger,NA,Animal_IBL
TK:5719:23,Florida,IBL 23-157,2023-03-30T17:30:00Z,NA,NA,NA,24.72836,-81.00381,IBL,,passenger,NA,Animal_IBL
TK:5456:23,Florida,IBL 23-156,2023-03-25T09:30:00Z,Hang glider,NA,NA,24.55613,-81.75985,IBL,,passenger,NA,Animal_IBL
TK:5252:23,Florida,IBL 23-155,2023-03-14T12:58:00Z,NA,NA,NA,24.6926,-81.08383,IBL,,passenger,NA,Animal_IBL
TK:5223:23,Florida,IBL 23-154,2023-03-11T02:49:00Z,NA,NA,NA,25.09678,-80.42929,IBL,,passenger,NA,Animal_IBL
TK:5186:23,Florida,IBL 23-153,2023-03-10T11:34:00Z,NA,NA,NA,26.54353,-80.04352,IBL,,passenger,NA,Animal_IBL
TK:5183:23,Florida,IBL 23-152,2023-03-07T04:59:00Z,NA,NA,NA,24.80358,-80.84931,IBL,,passenger,NA,Animal_IBL
TK:4856:23,Florida,IBL 23-151,2023-02-22T12:41:00Z,NA,NA,NA,24.62761,-82.87203,IBL,,passenger,NA,Animal_IBL
TK:4705:23,Florida,IBL 23-149,2023-02-09T06:19:00Z,NA,NA,NA,25.01471,-80.50661,IBL,,passenger,NA,Animal_IBL
TK:4704:23,Florida,IBL 23-148,2023-02-08T09:00:00Z,NA,NA,NA,24.57447,-82.09968,IBL,,passenger,NA,Animal_IBL
TK:4702:23,Florida,IBL 23-146,2023-01-30T21:37:00Z,NA,NA,NA,24.71624,-81.0748,IBL,,passenger,NA,Animal_IBL
TK:4701:23,Florida,IBL 23-145,2023-01-27T17:04:00Z,NA,NA,NA,24.5653,-81.7988,IBL,,passenger,NA,Animal_IBL
TK:4700:23,Florida,IBL 23-144,2023-01-21T09:35:00Z,NA,NA,NA,24.62895,-82.9225,IBL,,passenger,NA,Animal_IBL
TK:4699:23,Florida,IBL 23-143,2023-01-18T07:25:00Z,NA,NA,NA,24.6686,-81.254,IBL,,passenger,NA,Animal_IBL
TK:4698:23,Florida,IBL 23-142,2023-01-13T07:54:00Z,NA,NA,NA,24.8161,-80.8231,IBL,,passenger,NA,Animal_IBL
TK:4697:23,Florida,IBL 23-141,2023-01-12T15:03:00Z,NA,NA,NA,24.8161,-80.8231,IBL,,passenger,NA,Animal_IBL
TK:9700:23,Puerto Rico,IBL 23-140,2023-09-28T03:00:00Z,"Animal# 0
Plant# 0",0,0,18.09906,-67.93613,IBL,,passenger,NA,Animal_IBL
TK:4696:23,Florida,IBL 23-140,2023-01-12T13:56:00Z,NA,NA,NA,25.74755,-80.14631,IBL,,passenger,NA,Animal_IBL
TK:4695:23,Florida,IBL 23-139,2023-01-11T17:11:00Z,NA,NA,NA,24.771,-80.912,IBL,,passenger,NA,Animal_IBL
TK:9649:23,Puerto Rico,IBL 23-139,2023-09-26T03:00:00Z,"Animal#0
Plant#0",0,0,18.47714,-67.16876,IBL,,passenger,NA,Animal_IBL
TK:4694:23,Florida,IBL 23-138,2023-01-10T15:55:00Z,NA,NA,NA,24.71113,-81.0947,IBL,,passenger,NA,Animal_IBL
TK:9549:23,Puerto Rico,IBL 23-138,2023-09-25T03:00:00Z,"Animal# 0
Plant# 0",0,0,18.51174,-67.03473,IBL,,passenger,NA,Animal_IBL
TK:4693:23,Florida,IBL 23-137,2023-01-08T12:42:00Z,NA,NA,NA,24.6923,-81.0855,IBL,,passenger,NA,Animal_IBL
TK:9539:23,Puerto Rico,IBL 23-137,2023-09-24T03:00:00Z,"Animal #0.0
Plant #0.0",0,0,18.51025,-67.12948,IBL,,passenger,NA,Animal_IBL
TK:4692:23,Florida,IBL 23-136,2023-01-08T12:31:00Z,NA,NA,NA,25.0865,-80.4473,IBL,,passenger,NA,Animal_IBL
TK:9379:23,Puerto Rico,IBL 23-136,2023-09-18T03:00:00Z,"Animal# 0
Plant# 0",0,0,18.09906,-67.93613,IBL,,passenger,NA,Animal_IBL
TK:4691:23,Florida,IBL 23-135,2023-01-06T09:17:00Z,NA,NA,NA,24.6923,-81.0855,IBL,,passenger,NA,Animal_IBL
TK:9233:23,Puerto Rico,IBL 23-135,2023-09-08T09:00:00Z,"Animal # 1.00
Plant # 2.00",0.453592,0.907184,18.01298,-67.17007,IBL,,passenger,NA,Animal_IBL
TK:4690:23,Florida,IBL 23-134,2023-01-06T09:11:00Z,NA,NA,NA,24.5554,-81.7842,IBL,,passenger,NA,Animal_IBL
TK:9181:23,Puerto Rico,IBL 23-134,2023-09-06T03:00:00Z,"ANIMAL #0
PLANT #10",0,4.53592,18.47056,-66.45035,IBL,,passenger,NA,Animal_IBL
TK:4689:23,Florida,IBL 23-133,2023-01-05T19:18:00Z,NA,NA,NA,24.6613,-81.4449,IBL,,passenger,NA,Animal_IBL
TK:9154:23,Puerto Rico,IBL 23-133,2023-09-04T03:00:00Z,"Animal# 4.1
Plant# 1",1.8597271999999998,0.453592,17.95427,-67.21066,IBL,,passenger,NA,Animal_IBL
TK:9115:23,Puerto Rico,IBL 23-132,2023-08-31T09:00:00Z,"Animal # 0.00
Plant # 0.00",0,0,18.0736,-67.93185,IBL,,passenger,NA,Animal_IBL
TK:4688:23,Florida,IBL 23-132,2023-01-05T19:14:00Z,NA,NA,NA,25.0865,-80.4473,IBL,,passenger,NA,Animal_IBL
TK:4687:23,Florida,IBL 23-131,2023-01-05T19:08:00Z,NA,NA,NA,24.71113,-81.0947,IBL,,passenger,NA,Animal_IBL
TK:9085:23,Puerto Rico,IBL 23-131,2023-08-30T03:00:00Z,"Animal # 28.00
Plant # 12.00",12.700576,5.443104,18.23232,-65.62174,IBL,,passenger,NA,Animal_IBL
TK:4686:23,Florida,IBL 23-130,2023-01-05T18:58:00Z,NA,NA,NA,24.6238,-81.4007,IBL,,passenger,NA,Animal_IBL
TK:8882:23,Puerto Rico,IBL 23-130,2023-08-28T03:00:00Z,"Animal # 10.5 pounds
Plant # 1 pound",4.762716,0.453592,18.51315,-67.11401,IBL,,passenger,NA,Animal_IBL
TK:4685:23,Florida,IBL 23-129,2023-01-04T17:20:00Z,NA,NA,NA,24.6238,-81.4007,IBL,,passenger,NA,Animal_IBL
TK:8875:23,Puerto Rico,IBL 23-129,2023-08-28T09:00:00Z,"Animal # 19.50
Plant # 0.00",8.845044,0,18.01286,-67.16996,IBL,,passenger,NA,Animal_IBL
TK:4684:23,Florida,IBL 23-128,2023-01-04T15:07:00Z,NA,NA,NA,24.8161,-80.8231,IBL,,passenger,NA,Animal_IBL
TK:8874:23,Puerto Rico,IBL 23-128,2023-08-28T03:00:00Z,"Animal #1
Plant #0",0.453592,0,18.5119,-67.10674,IBL,,passenger,NA,Animal_IBL
TK:4683:23,Florida,IBL 23-127,2023-01-04T15:01:00Z,NA,NA,NA,24.9243,-80.6278,IBL,,passenger,NA,Animal_IBL
TK:8873:23,Puerto Rico,IBL 23-127,2023-08-28T03:00:00Z,"Animal #1
Plant #5",0.453592,2.26796,18.51383,-67.06235,IBL,,passenger,NA,Animal_IBL
TK:4682:23,Florida,IBL 23-126,2023-01-04T14:38:00Z,NA,NA,NA,24.7041,-81.1551,IBL,,passenger,NA,Animal_IBL
TK:8858:23,Puerto Rico,IBL 23-126,2023-08-26T03:00:00Z,"Animal # 0.0 pounds
Plant# 0.0 pounds",0,0,18.50832,-67.13287,IBL,,passenger,NA,Animal_IBL
TK:4681:23,Florida,IBL 23-125,2023-01-04T14:14:00Z,NA,NA,NA,25.0865,-80.4473,IBL,,passenger,NA,Animal_IBL
TK:8454:23,Puerto Rico,IBL 23-125,2023-08-09T03:00:00Z,"Animal # 17.00
Plant # 13.00",7.711064,5.896696,18.47185,-66.24832,IBL,,passenger,NA,Animal_IBL
TK:4680:23,Florida,IBL 23-124,2023-01-04T13:59:00Z,NA,NA,NA,24.8161,-80.8231,IBL,,passenger,NA,Animal_IBL
TK:8375:23,Puerto Rico,IBL 23-124,2023-08-04T03:00:00Z,"Animal# 2
Plant# 2",0.907184,0.907184,17.94833,-67.13028,IBL,,passenger,NA,Animal_IBL
TK:4679:23,Florida,IBL 23-123,2023-01-03T20:07:00Z,NA,NA,NA,25.0865,-80.4473,IBL,,passenger,NA,Animal_IBL
TK:8363:23,Puerto Rico,IBL 23-123,2023-08-04T03:00:00Z,"Animal # 3.0 pounds
Plant # 3.0 pounds",1.360776,1.360776,18.51263,-67.11857,IBL,,passenger,NA,Animal_IBL
TK:8353:23,Puerto Rico,IBL 23-122,2023-08-02T03:00:00Z,"Animal# 9
Plant# 4.7",4.082328,2.1318824,18.51051,-67.12892,IBL,,passenger,NA,Animal_IBL
TK:4678:23,Florida,IBL 23-122,2023-01-03T19:58:00Z,NA,NA,NA,25.0865,-80.4473,IBL,,passenger,NA,Animal_IBL
TK:8284:23,Puerto Rico,IBL 23-121,2023-07-31T03:00:00Z,"Animal # 15.00
Plant # 1.00",6.8038799999999995,0.453592,18.48497,-66.76792,IBL,,passenger,NA,Animal_IBL
TK:4677:23,Florida,IBL 23-121,2023-01-03T19:53:00Z,NA,NA,NA,24.824,-80.8137,IBL,,passenger,NA,Animal_IBL
TK:4676:23,Florida,IBL 23-120,2023-01-03T19:47:00Z,NA,NA,NA,24.9855,-80.5466,IBL,,passenger,NA,Animal_IBL
TK:8238:23,Puerto Rico,IBL 23-120,2023-07-26T03:00:00Z,"Animal# 3.7
Plant# 0",1.6782904,0,18.51101,-67.0341,IBL,,passenger,NA,Animal_IBL
TK:8209:23,Puerto Rico,IBL 23-119,2023-07-25T03:00:00Z,"Animal # 0.0 pounds
Plant # 0.0 pounds",0,0,18.1339,-67.18653,IBL,,passenger,NA,Animal_IBL
TK:4675:23,Florida,IBL 23-119,2023-01-03T19:40:00Z,NA,NA,NA,24.771,-80.912,IBL,,passenger,NA,Animal_IBL
TK:8199:23,Puerto Rico,IBL 23-118,2023-07-24T03:00:00Z,"Animal #1.5 pounds
Plant # 2.0 pounds",0.680388,0.907184,18.36691,-67.26836,IBL,,passenger,NA,Animal_IBL
TK:4674:23,Florida,IBL 23-118,2023-01-03T19:33:00Z,NA,NA,NA,24.6246,-81.5432,IBL,,passenger,NA,Animal_IBL
TK:4673:23,Florida,IBL 23-117,2023-01-03T19:26:00Z,NA,NA,NA,24.5554,-81.7842,IBL,,passenger,NA,Animal_IBL
TK:8190:23,Puerto Rico,IBL 23-117,2023-07-24T03:00:00Z,"Animal # 8.0 pounds
Plants # 12.0 pounds",3.628736,5.443104,18.46694,-66.22599,IBL,,passenger,NA,Animal_IBL
TK:4672:23,Florida,IBL 23-116,2023-01-02T17:09:00Z,NA,NA,NA,24.6923,-81.0855,IBL,,passenger,NA,Animal_IBL
TK:8086:23,Puerto Rico,IBL 23-116,2023-07-16T03:00:00Z,"Animal #: 4.0
Plant #: 0.0",1.814368,0,18.50844,-67.13275,IBL,,passenger,NA,Animal_IBL
TK:4671:23,Florida,IBL 23-115,2023-01-02T17:03:00Z,NA,NA,NA,24.771,-80.912,IBL,,passenger,NA,Animal_IBL
TK:7892:23,Puerto Rico,IBL 23-115,2023-07-01T03:00:00Z,"Animal #0
Plant #0",0,0,18.49914,-67.14845,IBL,,passenger,NA,Animal_IBL
TK:4670:23,Florida,IBL 23-114,2022-12-31T07:00:00Z,NA,NA,NA,24.5652,-81.7987,IBL,,passenger,NA,Animal_IBL
TK:7891:23,Puerto Rico,IBL 23-114,2023-07-01T03:00:00Z,"Animal #15
Plant #4.3",6.8038799999999995,1.9504456,18.51361,-67.07102,IBL,,passenger,NA,Animal_IBL
TK:4669:23,Florida,IBL 23-113,2023-01-02T09:50:00Z,NA,NA,NA,25.0115,-80.5151,IBL,,passenger,NA,Animal_IBL
TK:7851:23,Puerto Rico,IBL 23-113,2023-06-29T03:00:00Z,"Animal # 22.00
Plant # 15.00",9.979023999999999,6.8038799999999995,18.4667,-66.19794,IBL,,passenger,NA,Animal_IBL
TK:4668:23,Florida,IBL 23-112,2023-01-02T08:43:00Z,NA,NA,NA,24.721,-81.0187,IBL,,passenger,NA,Animal_IBL
TK:7531:23,Puerto Rico,IBL 23-112,2023-06-22T09:00:00Z,"Animal # 5.50
Plant # 5.00",2.4947559999999998,2.26796,18.36681,-67.26869,IBL,,passenger,NA,Animal_IBL
TK:4667:23,Florida,IBL 23-111,2023-01-01T20:40:00Z,NA,NA,NA,24.9243,-80.6278,IBL,,passenger,NA,Animal_IBL
TK:7528:23,Puerto Rico,IBL 23-111,2023-06-21T09:00:00Z,"Animal # 0.00
Plant # 24.50",0,11.113004,18.0129,-67.16997,IBL,,passenger,NA,Animal_IBL
TK:7460:23,Puerto Rico,IBL 23-110,2023-06-22T03:00:00Z,"Animal # 27.00
Plant # 13.00",12.246984,5.896696,18.49116,-66.61036,IBL,,passenger,NA,Animal_IBL
TK:4666:23,Florida,IBL 23-110,2023-01-01T20:34:00Z,NA,NA,NA,24.721,-81.0187,IBL,,passenger,NA,Animal_IBL
TK:4665:23,Florida,IBL 23-109,2023-01-01T20:27:00Z,NA,NA,NA,24.9243,-80.6278,IBL,,passenger,NA,Animal_IBL
TK:7293:23,Puerto Rico,IBL 23-109,2023-06-19T03:00:00Z,"Animal # 0.00
Plant # 17.00",0,7.711064,18.51526,-67.08767,IBL,,passenger,NA,Animal_IBL
TK:4664:23,Florida,IBL 23-108,2023-01-01T20:18:00Z,NA,NA,NA,24.6923,-81.0855,IBL,,passenger,NA,Animal_IBL
TK:7292:23,Puerto Rico,IBL 23-108,2023-06-17T03:00:00Z,"Animal # 12.00
Plant # 5.00",5.443104,2.26796,18.4794,-66.26772,IBL,,passenger,NA,Animal_IBL
TK:7247:23,Puerto Rico,IBL 23-107,2023-06-15T03:00:00Z,"Animal #0.0 pounds
Plant # 0.0 pounds",0,0,18.06405,-67.86712,IBL,,passenger,NA,Animal_IBL
TK:4663:23,Florida,IBL 23-107,2023-01-01T08:09:00Z,NA,NA,NA,24.726,-81.0446,IBL,,passenger,NA,Animal_IBL
TK:4662:23,Florida,IBL 23-106,2023-01-01T20:02:00Z,NA,NA,NA,24.771,-80.912,IBL,,passenger,NA,Animal_IBL
TK:7175:23,Puerto Rico,IBL 23-106,2023-06-12T03:00:00Z,"Animal # 6.0 pounds
Plant # 11.0 pounds",2.721552,4.9895119999999995,18.4917,-66.94443,IBL,,passenger,NA,Animal_IBL
TK:7043:23,Puerto Rico,IBL 23-105,2023-06-01T03:00:00Z,"Animal #14
Plant #0.3",6.350288,0.1360776,18.37558,-67.23891,IBL,,passenger,NA,Animal_IBL
TK:4661:23,Florida,IBL 23-105,2023-01-01T19:52:00Z,NA,NA,NA,25.0865,-80.4475,IBL,,passenger,NA,Animal_IBL
TK:4660:23,Florida,IBL 23-104,2023-01-01T19:44:00Z,NA,NA,NA,25.0865,-80.4473,IBL,,passenger,NA,Animal_IBL
TK:6937:23,Puerto Rico,IBL 23-104,2023-05-28T03:00:00Z,"Animal # 45.00
Plant # 10.00",20.41164,4.53592,18.23216,-65.62175,IBL,,passenger,NA,Animal_IBL
TK:4659:23,Florida,IBL 23-103,2023-01-01T09:12:00Z,NA,NA,NA,24.55975,-81.7837,IBL,,passenger,NA,Animal_IBL
TK:6655:23,Puerto Rico,IBL 23-103,2023-05-18T03:00:00Z,"Animal # 5.00
Plant # 1.00",2.26796,0.453592,18.47575,-66.31863,IBL,,passenger,NA,Animal_IBL
TK:4658:23,Florida,IBL 23-102,2022-12-31T03:00:00Z,NA,NA,NA,25.01805,-80.5113,IBL,,passenger,NA,Animal_IBL
TK:6336:23,Puerto Rico,IBL 23-102,2023-05-06T03:00:00Z,"Animal #0.0 pounds
Plant #0.0 pounds",0,0,18.51211,-67.10892,IBL,,passenger,NA,Animal_IBL
TK:4657:23,Florida,IBL 23-101,2022-12-31T11:30:00Z,NA,NA,NA,24.72164,-81.0197,IBL,,passenger,NA,Animal_IBL
TK:6319:23,Puerto Rico,IBL 23-101,2023-05-05T03:00:00Z,"Animal # 4.00
Plant # 3.00",1.814368,1.360776,18.47197,-66.28492,IBL,,passenger,NA,Animal_IBL
TK:4656:23,Florida,IBL 23-100,2022-12-31T10:57:00Z,NA,NA,NA,25.018,-80.5113,IBL,,passenger,NA,Animal_IBL
TK:6233:23,Puerto Rico,IBL 23-100,2023-04-29T03:00:00Z,"Animal # 0.00
Plant # 3.00",0,1.360776,18.49083,-66.60811,IBL,,passenger,NA,Animal_IBL
TK:4655:23,Florida,IBL 23-099,2022-12-31T08:36:00Z,NA,NA,NA,24.7704,-80.9075,IBL,,passenger,NA,Animal_IBL
TK:6223:23,Puerto Rico,IBL 23-099,2023-04-28T03:00:00Z,"Animal# 0
Plant# 0",0,0,18.50432,-67.00346,IBL,,passenger,NA,Animal_IBL
TK:4654:23,Florida,IBL 23-098,2022-12-30T09:40:00Z,NA,NA,NA,24.824,-80.8136,IBL,,passenger,NA,Animal_IBL
TK:6169:23,Puerto Rico,IBL 23-098,2023-04-24T03:00:00Z,"Animal 2.0 pounds
Plant 0.0 pounds",0.907184,0,18.47895,-67.16879,IBL,,passenger,NA,Animal_IBL
TK:4653:23,Florida,IBL 23-097,2022-12-26T19:37:00Z,NA,NA,NA,24.5975,-82.1266,IBL,,passenger,NA,Animal_IBL
TK:4651:23,Florida,IBL 23-096,2022-12-25T19:19:00Z,NA,NA,NA,25.1253,-80.4058,IBL,,passenger,NA,Animal_IBL
TK:4650:23,Florida,IBL 23-095,2022-12-25T05:50:00Z,NA,NA,NA,24.7213,-81.0175,IBL,,passenger,NA,Animal_IBL
TK:6128:23,Puerto Rico,IBL 23-095,2023-04-23T03:00:00Z,"Animal# 0
Plant# 0",0,0,18.49961,-67.14807,IBL,,passenger,NA,Animal_IBL
TK:6127:23,Puerto Rico,IBL 23-094,2023-04-23T03:00:00Z,"Animal# 2.9
Plant# 0",1.3154168,0,18.37627,-67.23859,IBL,,passenger,NA,Animal_IBL
TK:4649:23,Florida,IBL 23-094,2022-12-23T08:59:00Z,NA,NA,NA,24.7138,-81.0904,IBL,,passenger,NA,Animal_IBL
TK:6051:23,Puerto Rico,IBL 23-093,2023-04-18T09:00:00Z,"Animal # 12.50
Plant # 14.50",5.6699,6.577084,17.9601,-66.42958,IBL,,passenger,NA,Animal_IBL
TK:4648:23,Florida,IBL 23-093,2022-12-23T08:51:00Z,NA,NA,NA,24.9242,-80.6278,IBL,,passenger,NA,Animal_IBL
TK:6024:23,Puerto Rico,IBL 23-092,2023-04-17T03:00:00Z,"Animal# 0
Plant# 0",0,0,18.51367,-67.04667,IBL,,passenger,NA,Animal_IBL
TK:4647:23,Florida,IBL 23-092,2022-12-23T08:41:00Z,NA,NA,NA,24.82649,-80.813,IBL,,passenger,NA,Animal_IBL
TK:4646:23,Florida,IBL 23-091,2022-12-22T08:55:00Z,NA,NA,NA,24.6915,-81.0861,IBL,,passenger,NA,Animal_IBL
TK:6022:23,Puerto Rico,IBL 23-091,2023-04-16T03:00:00Z,"Animal # 2.0 pounds
Plant # 0.0 pounds",0.907184,0,18.44966,-65.89623,IBL,,passenger,NA,Animal_IBL
TK:4645:23,Florida,IBL 23-090,2022-12-22T08:45:00Z,NA,NA,NA,24.7346,-81.0132,IBL,,passenger,NA,Animal_IBL
TK:6021:23,Puerto Rico,IBL 23-090,2023-04-15T03:00:00Z,"Animal # 4.0 pounds
Plant # 1.0 pounds",1.814368,0.453592,18.44687,-65.90968,IBL,,passenger,NA,Animal_IBL
TK:6020:23,Puerto Rico,IBL 23-089,2023-04-15T03:00:00Z,"Animal # 2.5 pounds
Plant # 1.0 pounds",1.13398,0.453592,17.9693,-67.21272,IBL,,passenger,NA,Animal_IBL
TK:4644:23,Florida,IBL 23-089,2022-12-21T16:28:00Z,NA,NA,NA,24.824,-80.8137,IBL,,passenger,NA,Animal_IBL
TK:4643:23,Florida,IBL 23-088,2022-12-21T08:46:00Z,NA,NA,NA,24.6483,-81.3318,IBL,,passenger,NA,Animal_IBL
TK:6004:23,Puerto Rico,IBL 23-088,2023-04-14T03:00:00Z,"Animal# 64
Plant# 2",29.029888,0.907184,18.435669999999998,-65.86529,IBL,,passenger,NA,Animal_IBL
TK:4640:23,Florida,IBL 23-087,2022-12-19T15:52:00Z,NA,NA,NA,24.9098,-80.6421,IBL,,passenger,NA,Animal_IBL
TK:5988:23,Puerto Rico,IBL 23-087,2023-04-13T03:00:00Z,"Animal # 0.0 pounds
Plant # 0.0 pounds",0,0,18.36834,-67.2649,IBL,,passenger,NA,Animal_IBL
TK:4639:23,Florida,IBL 23-086,2022-12-18T15:41:00Z,NA,NA,NA,24.62895,-82.9225,IBL,,passenger,NA,Animal_IBL
TK:5948:23,Puerto Rico,IBL 23-086,2023-04-12T03:00:00Z,"Animal# 0
Plant# 0",0,0,18.50864,-67.02677,IBL,,passenger,NA,Animal_IBL
TK:4638:23,Florida,IBL 23-085,2022-12-18T09:39:00Z,NA,NA,NA,24.71113,-81.0947,IBL,,passenger,NA,Animal_IBL
TK:5942:23,Puerto Rico,IBL 23-085,2023-04-11T03:00:00Z,"Animal# 0
Plant# 0",0,0,18.05782,-65.80675,IBL,,passenger,NA,Animal_IBL
TK:4637:23,Florida,IBL 23-084,2022-12-18T09:25:00Z,NA,NA,NA,25.08201,-80.4427,IBL,,passenger,NA,Animal_IBL
TK:5650:23,Puerto Rico,IBL 23-084,2023-03-31T03:00:00Z,"Animal # 4.5 pounds
Plant # 0.0 pounds",2.041164,0,18.47084,-67.16856,IBL,,passenger,NA,Animal_IBL
TK:4636:23,Florida,IBL 23-083,2022-12-17T17:17:00Z,NA,NA,NA,24.62895,-82.9225,IBL,,passenger,NA,Animal_IBL
TK:5655:23,Puerto Rico,IBL 23-083,2023-03-31T03:00:00Z,"Animal# 0
Plant# 0",0,0,18.37939,-67.48145,IBL,,passenger,NA,Animal_IBL
TK:4635:23,Florida,IBL 23-082,2022-12-17T15:51:00Z,NA,NA,NA,24.56637,-81.67282,IBL,,passenger,NA,Animal_IBL
TK:5611:23,Puerto Rico,IBL 23-082,2023-03-30T03:00:00Z,"Animal# 6.3
Plant# 1",2.8576296,0.453592,18.01331,-67.1696,IBL,,passenger,NA,Animal_IBL
TK:4634:23,Florida,IBL 23-081,2022-12-16T07:36:00Z,NA,NA,NA,25.01411,-80.5119,IBL,,passenger,NA,Animal_IBL
TK:5451:23,Puerto Rico,IBL 23-081,2023-03-26T03:00:00Z,"Animal# 0
Plant# 0",0,0,18.06053,-67.19957,IBL,,passenger,NA,Animal_IBL
TK:4633:23,Florida,IBL 23-080,2022-12-14T07:00:00Z,NA,NA,NA,24.62895,-82.9225,IBL,,passenger,NA,Animal_IBL
TK:5450:23,Puerto Rico,IBL 23-080,2023-03-26T03:00:00Z,"Animal# 5
Plant# 0",2.26796,0,18.4852,-66.38518,IBL,,passenger,NA,Animal_IBL
TK:4632:23,Florida,IBL 23-079,2022-12-15T09:24:00Z,NA,NA,NA,25.0414,-80.5153,IBL,,passenger,NA,Animal_IBL
TK:5449:23,Puerto Rico,IBL 23-079,2023-03-26T03:00:00Z,"Animal# 0
Plant# 0",0,0,18.46891,-66.46675,IBL,,passenger,NA,Animal_IBL
TK:4631:23,Florida,IBL 23-078,2022-12-15T08:53:00Z,NA,NA,NA,24.7131,-81.0904,IBL,,passenger,NA,Animal_IBL
TK:5426:23,Puerto Rico,IBL 23-078,2023-03-24T03:00:00Z,"ANIMAL #0
PLANT #0",0,0,18.51588,-67.09725,IBL,,passenger,NA,Animal_IBL
TK:5293:23,Puerto Rico,IBL 23-077,2023-03-16T03:00:00Z,"ANIMAL #0
PLANT #0",0,0,18.47617,-66.18988,IBL,,passenger,NA,Animal_IBL
TK:4630:23,Florida,IBL 23-077,2022-12-15T07:41:00Z,NA,NA,NA,24.7134,-81.0904,IBL,,passenger,NA,Animal_IBL
TK:4629:23,Florida,IBL 23-076,2022-12-15T07:15:00Z,NA,NA,NA,24.7138,-81.0904,IBL,,passenger,NA,Animal_IBL
TK:5267:23,Puerto Rico,IBL 23-076,2023-03-16T03:00:00Z,"Animal # 5 pounds
Plant # 2 pounds",2.26796,0.907184,18.013,-67.17007,IBL,,passenger,NA,Animal_IBL
TK:4628:23,Florida,IBL 23-075,2022-12-14T18:17:00Z,NA,NA,NA,24.5975,-82.1266,IBL,,passenger,NA,Animal_IBL
TK:5193:23,Puerto Rico,IBL 23-075,2023-03-12T03:00:00Z,"Animal# 13.1
Plant# 1",5.9420551999999995,0.453592,18.16765,-67.18259,IBL,,passenger,NA,Animal_IBL
TK:5127:23,Puerto Rico,IBL 23-074,2023-03-08T02:00:00Z,"ANIMAL #0
PLANT# 0",0,0,18.48681,-66.43592,IBL,,passenger,NA,Animal_IBL
TK:4626:23,Florida,IBL 23-074,2022-12-13T16:21:00Z,NA,NA,NA,25.2576,-80.3129,IBL,,passenger,NA,Animal_IBL
TK:4625:23,Florida,IBL 23-073,2022-12-13T14:43:00Z,NA,NA,NA,24.62895,-82.9225,IBL,,passenger,NA,Animal_IBL
TK:5101:23,Puerto Rico,IBL 23-073,2023-03-07T02:00:00Z,"Animal# 5.2
Plant# 0",2.3586784,0,18.51272,-67.11877,IBL,,passenger,NA,Animal_IBL
TK:4624:23,Florida,IBL 23-072,2022-12-13T07:14:00Z,NA,NA,NA,24.5474,-81.8121,IBL,,passenger,NA,Animal_IBL
TK:4973:23,Puerto Rico,IBL 23-072,2023-03-06T02:00:00Z,"Animal# 34
Plant# 6",15.422128,2.721552,18.43369,-67.15643,IBL,,passenger,NA,Animal_IBL
TK:4934:23,Puerto Rico,IBL 23-071,2023-03-03T02:00:00Z,"Animal # 0.0 pounds
Plant # 0.0 pounds

No product recovered.",0,0,18.36046,-67.27053,IBL,,passenger,NA,Animal_IBL
TK:4623:23,Florida,IBL 23-071,2022-12-12T20:43:00Z,NA,NA,NA,24.9242,-80.6278,IBL,,passenger,NA,Animal_IBL
TK:4897:23,Puerto Rico,IBL 23-070,2023-02-27T02:00:00Z,"Animal# 8
Plant# 0",3.628736,0,17.96945,-66.61231,IBL,,passenger,NA,Animal_IBL
TK:4622:23,Florida,IBL 23-070,2022-12-11T20:07:00Z,NA,NA,NA,24.9243,-80.6278,IBL,,passenger,NA,Animal_IBL
TK:4888:23,Puerto Rico,IBL 23-069,2023-03-01T02:00:00Z,"Animal# 34
Plant# 4",15.422128,1.814368,17.97858,-66.00461,IBL,,passenger,NA,Animal_IBL
TK:4865:23,Puerto Rico,IBL 23-068,2023-02-28T02:00:00Z,"Animal# 6.6
Plant# 0",2.9937072,0,18.51576,-67.09493,IBL,,passenger,NA,Animal_IBL
TK:4620:23,Florida,IBL 23-068,2022-12-11T09:12:00Z,NA,NA,NA,24.707,-81.1209,IBL,,passenger,NA,Animal_IBL
TK:4619:23,Florida,IBL 23-067,2022-12-11T08:55:00Z,NA,NA,NA,24.6895,-81.079,IBL,,passenger,NA,Animal_IBL
TK:4789:23,Puerto Rico,IBL 23-067,2023-02-27T02:00:00Z,"Animal# 1.4
Plant# 0",0.6350288,0,18.31779,-67.24554,IBL,,passenger,NA,Animal_IBL
TK:4618:23,Florida,IBL 23-066,2022-12-08T06:57:00Z,NA,NA,NA,24.71113,-81.0947,IBL,,passenger,NA,Animal_IBL
TK:4788:23,Puerto Rico,IBL 23-066,2023-02-26T02:00:00Z,"Animal# 11.4
Plant# 0",5.1709488,0,18.4884,-67.16253,IBL,,passenger,NA,Animal_IBL
TK:4468:23,Puerto Rico,IBL 23-065,2023-02-15T02:00:00Z,"Plants# 0
Animal# 0",0,0,18.51345,-67.07078,IBL,,passenger,NA,Animal_IBL
TK:4617:23,Florida,IBL 23-065,2022-12-08T19:30:00Z,NA,NA,NA,24.5975,-82.1266,IBL,,passenger,NA,Animal_IBL
TK:4349:23,Puerto Rico,IBL 23-064,2023-02-08T09:00:00Z,"Animal # 5.00
Plants # 28.00",2.26796,12.700576,18.143,-65.7681,IBL,,passenger,NA,Animal_IBL
TK:4616:23,Florida,IBL 23-064,2022-12-07T19:40:00Z,NA,NA,NA,24.62895,-82.9225,IBL,,passenger,NA,Animal_IBL
TK:4063:23,Puerto Rico,IBL 23-063,2023-01-22T09:00:00Z,"Animal # 0.00
Plant # 0.00",0,0,18.15852,-67.94831,IBL,,passenger,NA,Animal_IBL
TK:4615:23,Florida,IBL 23-063,2022-12-07T09:26:00Z,NA,NA,NA,24.7198,-81.0279,IBL,,passenger,NA,Animal_IBL
TK:4017:23,Puerto Rico,IBL 23-062,2023-01-22T02:00:00Z,"Animal# 17.8
Plant# 0",8.0739376,0,18.4577,-67.16469,IBL,,passenger,NA,Animal_IBL
TK:4016:23,Puerto Rico,IBL 23-061,2023-01-21T02:00:00Z,"Animal# 0
Plant# 3.6",0,1.6329312,18.23185,-65.62216,IBL,,passenger,NA,Animal_IBL
TK:4613:23,Florida,IBL 23-061,2022-12-06T06:48:00Z,NA,NA,NA,24.7237,-81.0811,IBL,,passenger,NA,Animal_IBL
TK:3959:23,Puerto Rico,IBL 23-060,2023-01-16T02:00:00Z,"Animal # 0.0lbs
Plant # 0.0lbs",0,0,18.1599,-67.94897,IBL,,passenger,NA,Animal_IBL
TK:4612:23,Florida,IBL 23-060,2022-12-03T10:46:00Z,NA,NA,NA,25.0865,-80.4473,IBL,,passenger,NA,Animal_IBL
TK:4611:23,Florida,IBL 23-059,2022-12-02T14:39:00Z,NA,NA,NA,24.7011,-81.1104,IBL,,passenger,NA,Animal_IBL
TK:3884:23,Puerto Rico,IBL 23-059,2023-01-17T02:00:00Z,"Animal #5.5lbs.
Plant #1.5lbs",2.4947559999999998,0.680388,18.2319,-65.62181,IBL,,passenger,NA,Animal_IBL
TK:3875:23,Puerto Rico,IBL 23-058,2023-01-13T02:00:00Z,"Animal # 6.55
Plant # 0.20",2.9710275999999998,0.0907184,18.29211,-67.19835,IBL,,passenger,NA,Animal_IBL
TK:3819:23,Puerto Rico,IBL 23-057,2023-01-12T02:00:00Z,"Animal # 9.5
Plant # 0.5",4.309124,0.226796,18.01292,-67.16986,IBL,,passenger,NA,Animal_IBL
TK:4609:23,Florida,IBL 23-057,2022-12-01T11:33:00Z,NA,NA,NA,24.7237,-81.0811,IBL,,passenger,NA,Animal_IBL
TK:3755:23,Puerto Rico,IBL 23-056,2023-01-09T02:00:00Z,"ANIMAL# 14
PLANT# 7",6.350288,3.175144,18.47662,-66.50625,IBL,,passenger,NA,Animal_IBL
TK:3746:23,Puerto Rico,IBL 23-055,2023-01-09T02:00:00Z,"Animal # 0.0 
Plant # 7.02",0,3.18421584,18.36667,-67.26904,IBL,,passenger,NA,Animal_IBL
TK:4607:23,Florida,IBL 23-055,2022-11-30T07:13:00Z,NA,NA,NA,24.72076,-81.0189,IBL,,passenger,NA,Animal_IBL
TK:4606:23,Florida,IBL 23-054,2022-11-29T19:22:00Z,NA,NA,NA,24.52937,-82.0032,IBL,,passenger,NA,Animal_IBL
TK:3697:23,Puerto Rico,IBL 23-054,2023-01-05T02:00:00Z,"Animal#0
Plant#0",0,0,18.08246,-67.9453,IBL,,passenger,NA,Animal_IBL
TK:3597:23,Puerto Rico,IBL 23-053,2023-01-04T02:00:00Z,"Animal#0
Plant#0",0,0,18.37142,-67.25468,IBL,,passenger,NA,Animal_IBL
TK:4605:23,Florida,IBL 23-053,2022-11-28T18:57:00Z,NA,NA,NA,24.57587,-81.6459,IBL,,passenger,NA,Animal_IBL
TK:3538:23,Puerto Rico,IBL 23-052,2023-01-01T02:00:00Z,"ANIMAL #15
PLANT #22",6.8038799999999995,9.979023999999999,18.45224,-66.15896,IBL,,passenger,NA,Animal_IBL
TK:4604:23,Florida,IBL 23-052,2022-11-28T18:44:00Z,NA,NA,NA,24.62895,-82.9225,IBL,,passenger,NA,Animal_IBL
TK:3531:23,Puerto Rico,IBL 23-051,2023-01-01T02:00:00Z,"Animal#0
Plant#0",0,0,18.15822,-67.94834,IBL,,passenger,NA,Animal_IBL
TK:4603:23,Florida,IBL 23-051,2022-11-28T18:28:00Z,NA,NA,NA,24.82371,-80.8129,IBL,,passenger,NA,Animal_IBL
TK:4587:23,Florida,IBL 23-050,2022-11-28T06:34:00Z,NA,NA,NA,24.6915,-81.0861,IBL,,passenger,NA,Animal_IBL
TK:4707:23,Florida,IBL 23-050,2023-02-17T03:10:00Z,NA,NA,NA,24.6915,-81.0861,IBL,,passenger,NA,Animal_IBL
TK:3526:23,Puerto Rico,IBL 23-050,2022-12-31T02:00:00Z,"Animal# 18
Plant# 3",8.164656,1.360776,18.01308,-67.16982,IBL,,passenger,NA,Animal_IBL
TK:3370:23,Puerto Rico,IBL 23-049,2022-12-23T02:00:00Z,"Animal# 0
Plant# 0",0,0,18.30547,-67.23888,IBL,,passenger,NA,Animal_IBL
TK:4586:23,Florida,IBL 23-049,2022-11-27T19:01:00Z,NA,NA,NA,24.5633,-81.7986,IBL,,passenger,NA,Animal_IBL
TK:3271:23,Puerto Rico,IBL 23-048,2022-12-20T02:00:00Z,"ANIMAL #0
PLANT #0",0,0,18.46642,-66.2226,IBL,,passenger,NA,Animal_IBL
TK:4584:23,Florida,IBL 23-048,2022-11-27T10:25:00Z,NA,NA,NA,24.5719,-82.1194,IBL,,passenger,NA,Animal_IBL
TK:4583:23,Florida,IBL 23-047,2022-11-27T10:15:00Z,NA,NA,NA,24.5653,-81.7987,IBL,,passenger,NA,Animal_IBL
TK:3270:23,Puerto Rico,IBL 23-047,2022-12-19T02:00:00Z,"ANIMAL# 0
PLANT# 0",0,0,18.42268,-65.82824,IBL,,passenger,NA,Animal_IBL
TK:4703:23,Florida,IBL 23-047,2023-02-05T10:27:00Z,NA,NA,NA,24.5653,-81.7987,IBL,,passenger,NA,Animal_IBL
TK:4582:23,Florida,IBL 23-046,2022-11-26T09:58:00Z,NA,NA,NA,24.5544,-81.7489,IBL,,passenger,NA,Animal_IBL
TK:3170:23,Puerto Rico,IBL 23-046,2022-12-17T02:00:00Z,"ANIMAL# 4
PLANT # 20",1.814368,9.07184,18.29189,-67.19837,IBL,,passenger,NA,Animal_IBL
TK:4581:23,Florida,IBL 23-045,2022-11-25T18:29:00Z,NA,NA,NA,24.5588,-81.8071,IBL,,passenger,NA,Animal_IBL
TK:3086:23,Puerto Rico,IBL 23-045,2022-12-12T02:00:00Z,"Animal#0
Plant#0",0,0,18.15822,-67.94834,IBL,,passenger,NA,Animal_IBL
TK:2612:23,Puerto Rico,IBL 23-044,2022-12-06T09:00:00Z,"Animal # 4.00
Plants # 0.00",1.814368,0,18.0129,-67.17034,IBL,,passenger,NA,Animal_IBL
TK:4579:23,Florida,IBL 23-044,2022-11-25T18:15:00Z,NA,NA,NA,24.5664,-81.8003,IBL,,passenger,NA,Animal_IBL
TK:2553:23,Puerto Rico,IBL 23-043,2022-12-05T09:00:00Z,"Animal # 0.00
Plant # 0.00",0,0,18.49058,-67.15593,IBL,,passenger,NA,Animal_IBL
TK:4578:23,Florida,IBL 23-043,2022-11-25T08:21:00Z,NA,NA,NA,24.726,-81.0446,IBL,,passenger,NA,Animal_IBL
TK:4569:23,Florida,IBL 23-042,2022-11-25T07:22:00Z,NA,NA,NA,24.9243,-80.6278,IBL,,passenger,NA,Animal_IBL
TK:2449:23,Puerto Rico,IBL 23-042,2022-11-29T02:00:00Z,"ANIMAL #15
PLANT #10",6.8038799999999995,4.53592,17.94234,-66.2021,IBL,,passenger,NA,Animal_IBL
TK:2402:23,Puerto Rico,IBL 23-041,2022-11-27T13:00:00Z,"Animal #0.0 Pounds
Plant #0.0 Pounds
No products recovered",0,0,18.36622,-67.26991,IBL,,passenger,NA,Animal_IBL
TK:4568:23,Florida,IBL 23-041,2022-11-24T16:06:00Z,NA,NA,NA,24.7618,-80.9553,IBL,,passenger,NA,Animal_IBL
TK:2394:23,Puerto Rico,IBL 23-040,2022-11-27T02:00:00Z,"ANIMAL #3
PLANT #2",1.360776,0.907184,18.46895,-66.45874,IBL,,passenger,NA,Animal_IBL
TK:4566:23,Florida,IBL 23-040,2022-11-24T19:46:00Z,NA,NA,NA,24.7618,-80.9553,IBL,,passenger,NA,Animal_IBL
TK:2401:23,Puerto Rico,IBL 23-039,2022-11-26T02:00:00Z,"Animal# 3
Plant# 0",1.360776,0,18.01297,-67.16986,IBL,,passenger,NA,Animal_IBL
TK:4565:23,Florida,IBL 23-039,2022-11-24T07:41:00Z,NA,NA,NA,24.6363,-81.3457,IBL,,passenger,NA,Animal_IBL
TK:2322:23,Puerto Rico,IBL 23-038,2022-11-21T02:00:00Z,"Animal# 5
Plant# 0",2.26796,0,17.95639,-67.21195,IBL,,passenger,NA,Animal_IBL
TK:4564:23,Florida,IBL 23-038,2022-11-23T09:44:00Z,NA,NA,NA,24.721,-81.0152,IBL,,passenger,NA,Animal_IBL
TK:2286:23,Puerto Rico,IBL 23-037,2022-11-15T02:00:00Z,"Animal 0.0 pounds
Plant 0.0 pounds
No products recovered",0,0,18.16099,-67.94814,IBL,,passenger,NA,Animal_IBL
TK:4562:23,Florida,IBL 23-037,2022-11-22T16:05:00Z,NA,NA,NA,25.884,-80.121,IBL,,passenger,NA,Animal_IBL
TK:2228:23,Puerto Rico,IBL 23-036,2022-11-16T02:00:00Z,"Animal#0
Plant#0",0,0,18.49009,-66.77893,IBL,,passenger,NA,Animal_IBL
TK:4561:23,Florida,IBL 23-036,2022-11-21T14:00:00Z,NA,NA,NA,24.9242,-80.6278,IBL,,passenger,NA,Animal_IBL
TK:4560:23,Florida,IBL 23-035,2022-11-18T13:26:00Z,NA,NA,NA,24.9242,-80.6278,IBL,,passenger,NA,Animal_IBL
TK:2227:23,Puerto Rico,IBL 23-035,2022-11-16T02:00:00Z,"Animal#0
Plant#0",0,0,18.48974,-66.95895,IBL,,passenger,NA,Animal_IBL
TK:2198:23,Puerto Rico,IBL 23-034,2022-11-13T02:00:00Z,"Animal# 25
Plant# 5",11.3398,2.26796,18.01292,-67.17006,IBL,,passenger,NA,Animal_IBL
TK:4558:23,Florida,IBL 23-034,2022-11-17T14:17:00Z,NA,NA,NA,24.62895,-82.9225,IBL,,passenger,NA,Animal_IBL
TK:2195:23,Puerto Rico,IBL 23-033,2022-11-13T02:00:00Z,"Animal# 5
Plant# 0",2.26796,0,18.40449,-67.17998,IBL,,passenger,NA,Animal_IBL
TK:4557:23,Florida,IBL 23-033,2022-11-16T13:51:00Z,NA,NA,NA,24.5975,-82.1266,IBL,,passenger,NA,Animal_IBL
TK:2194:23,Puerto Rico,IBL 23-032,2022-11-11T02:00:00Z,"Animal# 0
Plant# 0",0,0,18.51374,-67.07129,IBL,,passenger,NA,Animal_IBL
TK:4556:23,Florida,IBL 23-032,2022-11-15T19:28:00Z,NA,NA,NA,24.62895,-82.9225,IBL,,passenger,NA,Animal_IBL
TK:2190:23,Puerto Rico,IBL 23-031,2022-11-11T00:30:00Z,"ANIMAL #0
PLANT#0",0,0,18.48667,-66.33506,IBL,,passenger,NA,Animal_IBL
TK:4555:23,Florida,IBL 23-031,2022-11-15T09:17:00Z,NA,NA,NA,24.5523,-81.7565,IBL,,passenger,NA,Animal_IBL
TK:2167:23,Puerto Rico,IBL 23-030,2022-11-10T02:00:00Z,"Animal # 16.0
Plant # 1.0",7.257472,0.453592,17.97173,-66.92696,IBL,,passenger,NA,Animal_IBL
TK:4554:23,Florida,IBL 23-030,2022-11-14T17:11:00Z,NA,NA,NA,24.69141,-81.0865,IBL,,passenger,NA,Animal_IBL
TK:4553:23,Florida,IBL 23-029,2022-11-14T11:36:00Z,NA,NA,NA,24.62895,-82.9225,IBL,,passenger,NA,Animal_IBL
TK:2165:23,Puerto Rico,IBL 23-029,2022-11-09T02:00:00Z,"ANIMAL #30
PLANT#13",13.607759999999999,5.896696,18.04926,-65.83363,IBL,,passenger,NA,Animal_IBL
TK:4547:23,Florida,IBL 23-028,2022-11-14T09:26:00Z,NA,NA,NA,24.9242,-80.6278,IBL,,passenger,NA,Animal_IBL
TK:2150:23,Puerto Rico,IBL 23-028,2022-11-09T02:00:00Z,"Animal # 0.0 pounds
Plant # 0.0 pounds",0,0,18.013,-67.1701,IBL,,passenger,NA,Animal_IBL
TK:2149:23,Puerto Rico,IBL 23-027,2022-11-07T18:00:00Z,"Animal # 0.0 pounds
Plant # 0.0 pounds",0,0,17.94934,-66.98917,IBL,,passenger,NA,Animal_IBL
TK:4544:23,Florida,IBL 23-027,2022-11-14T09:07:00Z,NA,NA,NA,24.93513,-80.6155,IBL,,passenger,NA,Animal_IBL
TK:2026:23,Puerto Rico,IBL 23-026,2022-11-02T03:00:00Z,"Animal #0.0 pounds
Plant #0.0 pounds",0,0,18.29193,-67.19845,IBL,,passenger,NA,Animal_IBL
TK:4541:23,Florida,IBL 23-026,2022-11-13T17:03:00Z,NA,NA,NA,24.5975,-82.1266,IBL,,passenger,NA,Animal_IBL
TK:1983:23,Puerto Rico,IBL 23-025,2022-10-31T03:00:00Z,"Animal# 5
Plant# 7.7",2.26796,3.4926584,18.48909,-66.9576,IBL,,passenger,NA,Animal_IBL
TK:4540:23,Florida,IBL 23-025,2022-11-12T20:00:00Z,NA,NA,NA,24.62895,-82.9225,IBL,,passenger,NA,Animal_IBL
TK:1968:23,Puerto Rico,IBL 23-024,2022-10-29T03:00:00Z,"Animal # 0.0 pounds
Plants # 0.0 pounds",0,0,18.49026,-67.15665,IBL,,passenger,NA,Animal_IBL
TK:4538:23,Florida,IBL 23-024,2022-11-12T14:16:00Z,NA,NA,NA,24.5975,-82.1266,IBL,,passenger,NA,Animal_IBL
TK:1877:23,Puerto Rico,IBL 23-023,2022-10-27T03:00:00Z,"Animal #5.0 pounds
Plant #10.0 pounds",2.26796,4.53592,17.97169,-65.95016,IBL,,passenger,NA,Animal_IBL
TK:4534:23,Florida,IBL 23-022,2022-11-07T15:01:00Z,NA,NA,NA,24.6333,-82.9187,IBL,,passenger,NA,Animal_IBL
TK:1869:23,Puerto Rico,IBL 23-022,2022-10-27T03:00:00Z,"Plant #0.0 pounds
Animal #0.0 pounds",0,0,18.50927,-67.13079,IBL,,passenger,NA,Animal_IBL
TK:1778:23,Puerto Rico,IBL 23-021,2022-10-27T09:00:00Z,"Animal # 0.0 pounds
Plant # 0.0 pounds",0,0,18.47394,-67.16921,IBL,,passenger,NA,Animal_IBL
TK:4531:23,Florida,IBL 23-021,2022-11-06T23:18:00Z,NA,NA,NA,24.5975,-82.1266,IBL,,passenger,NA,Animal_IBL
TK:1683:23,Puerto Rico,IBL 23-020,2022-10-24T03:00:00Z,"Animal# 0
Plant# 0",0,0,18.50599,-67.14019,IBL,,passenger,NA,Animal_IBL
TK:4529:23,Florida,IBL 23-020,2022-11-06T09:30:00Z,NA,NA,NA,24.62895,-82.9225,IBL,,passenger,NA,Animal_IBL
TK:4528:23,Florida,IBL 23-019,2022-11-05T16:49:00Z,NA,NA,NA,24.71113,-81.0947,IBL,,passenger,NA,Animal_IBL
TK:1681:23,Puerto Rico,IBL 23-019,2022-10-23T09:00:00Z,"Animal #  3.50
Plant # 0.00",1.587572,0,18.47594,-67.169,IBL,,passenger,NA,Animal_IBL
TK:1679:23,Puerto Rico,IBL 23-018,2022-10-23T09:00:00Z,"Animal # 0.00
Plant # 0.00",0,0,18.08748,-67.93941,IBL,,passenger,NA,Animal_IBL
TK:4527:23,Florida,IBL 23-018,2022-11-04T15:41:00Z,NA,NA,NA,24.5975,-82.1266,IBL,,passenger,NA,Animal_IBL
TK:1678:23,Puerto Rico,IBL 23-017,2022-10-23T09:00:00Z,"Animal # 0.00
Plant # 0.00",0,0,18.36092,-67.27077,IBL,,passenger,NA,Animal_IBL
TK:4526:23,Florida,IBL 23-017,2022-11-03T16:43:00Z,NA,NA,NA,24.62895,-82.9225,IBL,,passenger,NA,Animal_IBL
TK:1522:23,Puerto Rico,IBL 23-016,2022-10-18T03:00:00Z,"Animal# 0
Plant# 0",0,0,18.07589,-67.93318,IBL,,passenger,NA,Animal_IBL
TK:4525:23,Florida,IBL 23-016,2022-11-03T09:25:00Z,NA,NA,NA,24.71113,-81.0947,IBL,,passenger,NA,Animal_IBL
TK:1455:23,Puerto Rico,IBL 23-015,2022-10-17T09:00:00Z,"Animal # 21.00
Plant # 4.00",9.525432,1.814368,17.97939,-66.01358,IBL,,passenger,NA,Animal_IBL
TK:4494:23,Florida,IBL 23-015,2022-11-06T06:30:00Z,NA,NA,NA,24.6333,-82.9187,IBL,,passenger,NA,Animal_IBL
TK:1397:23,Puerto Rico,IBL 23-014,2022-10-16T03:00:00Z,"Animal # 0.00
Plant # 0.00",0,0,18.49414,-67.15299,IBL,,passenger,NA,Animal_IBL
TK:4493:23,Florida,IBL 23-014,2022-11-02T14:05:00Z,NA,NA,NA,25.4531,-80.1963,IBL,,passenger,NA,Animal_IBL
TK:1396:23,Puerto Rico,IBL 23-013,2022-10-16T03:00:00Z,"Animal # 0.00
Plant # 0.00",0,0,18.36633,-67.2694,IBL,,passenger,NA,Animal_IBL
TK:4490:23,Florida,IBL 23-013,2022-11-01T13:58:00Z,NA,NA,NA,24.5975,-82.1266,IBL,,passenger,NA,Animal_IBL
TK:1395:23,Puerto Rico,IBL 23-012,2022-10-16T03:00:00Z,"Animal # 8.00
Plant # 0.00",3.628736,0,18.47605,-67.16918,IBL,,passenger,NA,Animal_IBL
TK:4483:23,Florida,IBL 23-012,2022-11-01T13:48:00Z,NA,NA,NA,24.71113,-81.0947,IBL,,passenger,NA,Animal_IBL
TK:1309:23,Puerto Rico,IBL 23-011,2022-10-13T03:00:00Z,"Animal# 0
Plant# 0",0,0,18.37547,-67.23991,IBL,,passenger,NA,Animal_IBL
TK:4482:23,Florida,IBL 23-011,2022-10-31T10:24:00Z,NA,NA,NA,24.93513,-80.6155,IBL,,passenger,NA,Animal_IBL
TK:1203:23,Puerto Rico,IBL 23-010,2022-10-10T03:00:00Z,"Animal# 0.0 pounds
Plant# 0.0 pounds",0,0,18.48515,-67.16551,IBL,,passenger,NA,Animal_IBL
TK:4491:23,Florida,IBL 23-010,2022-10-31T07:52:00Z,NA,NA,NA,24.62895,-82.9225,IBL,,passenger,NA,Animal_IBL
TK:1134:23,Puerto Rico,IBL 23-009,2022-10-08T03:00:00Z,"Animal# 5
Plant# 4",2.26796,1.814368,18.36602,-67.26927,IBL,,passenger,NA,Animal_IBL
TK:4480:23,Florida,IBL 23-009,2022-10-31T07:45:00Z,NA,NA,NA,24.62895,-82.9225,IBL,,passenger,NA,Animal_IBL
TK:1124:23,Puerto Rico,IBL 23-008,2022-10-08T03:00:00Z,"Animal# 9
Plant# 4",4.082328,1.814368,18.46776,-66.2367,IBL,,passenger,NA,Animal_IBL
TK:4479:23,Florida,IBL 23-008,2022-10-30T20:21:00Z,NA,NA,NA,24.5975,-82.1266,IBL,,passenger,NA,Animal_IBL
TK:4472:23,Florida,IBL 23-007,2022-10-30T20:15:00Z,NA,NA,NA,24.5975,-82.1266,IBL,,passenger,NA,Animal_IBL
TK:1100:23,Puerto Rico,IBL 23-007,2022-10-06T03:00:00Z,"Animal# 0
Plant# 0",0,0,18.37524,-67.24025,IBL,,passenger,NA,Animal_IBL
TK:1111:23,Puerto Rico,IBL 23-006,2022-10-06T09:00:00Z,"Animal # 21.00
Plant # 1.00",9.525432,0.453592,17.96927,-66.31345,IBL,,passenger,NA,Animal_IBL
TK:4471:23,Florida,IBL 23-006,2022-10-29T14:00:00Z,NA,NA,NA,24.82649,-80.813,IBL,,passenger,NA,Animal_IBL
TK:1098:23,Puerto Rico,IBL 23-005,2022-10-05T09:00:00Z,NA,NA,NA,18.08753,-67.93968,IBL,,passenger,NA,Animal_IBL
TK:4470:23,Florida,IBL 23-005,2022-10-27T18:54:00Z,NA,NA,NA,24.5975,-82.1266,IBL,,passenger,NA,Animal_IBL
TK:4469:23,Florida,IBL 23-004,2022-10-27T14:36:00Z,NA,NA,NA,24.62895,-82.9225,IBL,,passenger,NA,Animal_IBL
TK:1051:23,Puerto Rico,IBL 23-004,2022-10-04T03:00:00Z,"ANIMAL# 0
PLANT# 0",0,0,18.48872,-66.95435,IBL,,passenger,NA,Animal_IBL
TK:1039:23,Puerto Rico,IBL 23-003,2022-10-03T03:00:00Z,"ANIMAL# 21
PLANT # 10",9.525432,4.53592,18.00606,-65.871,IBL,,passenger,NA,Animal_IBL
TK:4466:23,Florida,IBL 23-003,2022-10-26T15:51:00Z,NA,NA,NA,24.62895,-82.9225,IBL,,passenger,NA,Animal_IBL
TK:3339:24,Florida,IBL 23-003,2023-10-20T07:00:00Z,NA,NA,NA,24.62895,-82.9225,IBL,,passenger,NA,Animal_IBL
TK:4449:23,Florida,IBL 23-002,2022-10-26T15:43:00Z,NA,NA,NA,24.5625,-81.7992,IBL,,passenger,NA,Animal_IBL
TK:1038:23,Puerto Rico,IBL 23-002,2022-10-03T03:00:00Z,"Animal# 13
Plant# 2",5.896696,0.907184,18.49474,-66.98515,IBL,,passenger,NA,Animal_IBL
TK:4444:23,Florida,IBL 23-001,2022-10-26T07:00:00Z,NA,NA,NA,24.7237,-81.0811,IBL,,passenger,NA,Animal_IBL
TK:1037:23,Puerto Rico,IBL 23-001,2022-10-02T03:00:00Z,"Animal# 0
Plant# 0",0,0,18.47335,-67.16934,IBL,,passenger,NA,Animal_IBL
TK:5828:23,Florida,IBL 22-187,2022-10-17T23:30:00Z,NA,NA,NA,NA,NA,IBL,,passenger,NA,Animal_IBL
TK:1000:23,Puerto Rico,IBL 22-142,2022-09-30T03:00:00Z,"Plant# 0
Animal# 6",2.721552,0,18.10289,-67.18518,IBL,,passenger,NA,Animal_IBL
TK:8688:22,Puerto Rico,IBL 22-141,2022-09-30T03:00:00Z,"ANIMAL #41 
PLANT #0",18.597272,0,18.46962,-66.45424,IBL,,passenger,NA,Animal_IBL
TK:8667:22,Puerto Rico,IBL 22-140,2022-09-29T03:00:00Z,"Plant# 0
Animal# 0",0,0,18.3664,-67.26873,IBL,,passenger,NA,Animal_IBL
TK:8612:22,Puerto Rico,IBL 22-139,2022-09-27T03:00:00Z,"Animal # 2.00pounds
Plants # 0.00pounds",0.907184,0,17.95298,-67.13915,IBL,,passenger,NA,Animal_IBL
TK:8388:22,Puerto Rico,IBL 22-138,2022-09-12T03:00:00Z,"Animal #0.0 pounds
Plant # 0.0 pounds",0,0,18.01287,-67.16999,IBL,,passenger,NA,Animal_IBL
TK:8373:22,Puerto Rico,IBL 22-137,2022-09-13T03:00:00Z,"Animal# 0
Plant# 0",0,0,18.08731,-67.94009,IBL,,passenger,NA,Animal_IBL
TK:8345:22,Puerto Rico,IBL 22-136,2022-09-09T03:00:00Z,"ANIMAL #16
PLANT #0",7.257472,0,18.4334,-65.84798,IBL,,passenger,NA,Animal_IBL
TK:8223:22,Puerto Rico,IBL 22-135,2022-09-06T03:00:00Z,"ANIMAL# 45
PLANT #6",20.41164,2.721552,18.46613,-66.1958,IBL,,passenger,NA,Animal_IBL
TK:8242:22,Puerto Rico,IBL 22-134,2022-09-05T03:00:00Z,"Animal # 10.0 pounds
Plant # 0.0 pounds",4.53592,0,18.51209,-67.12359,IBL,,passenger,NA,Animal_IBL
TK:8220:22,Puerto Rico,IBl 22-133,2022-09-04T19:00:00Z,"ANIMAL #10
PLANT #0",4.53592,0,18.44815,-65.89592,IBL,,passenger,NA,Animal_IBL
TK:8219:22,Puerto Rico,IBL 22-132,2022-09-03T03:00:00Z,"Animal #16.0 pounds
Plant #0.0 pounds",7.257472,0,18.29211,-67.19835,IBL,,passenger,NA,Animal_IBL
TK:8154:22,Puerto Rico,IBL 22-131,2022-08-29T03:00:00Z,"ANIMAL # 3
PLANT # 0",1.360776,0,18.44469,-65.91844,IBL,,passenger,NA,Animal_IBL
TK:8136:22,Puerto Rico,IBL 22-130,2022-08-27T03:00:00Z,"ANIMAL # 23
PLANT # 6",10.432616,2.721552,18.51202,-67.12354,IBL,,passenger,NA,Animal_IBL
TK:8138:22,Puerto Rico,IBL 22-129,2022-08-27T03:00:00Z,"Animal #19.0 pounds
Plant #0.0 pounds",8.618248,0,17.97794,-66.61862,IBL,,passenger,NA,Animal_IBL
TK:8137:22,Puerto Rico,IBL 22-128,2022-08-26T03:00:00Z,"Animal # 7.0 pounds
Plant 0.0 Pounds",3.175144,0,17.9695,-66.61238,IBL,,passenger,NA,Animal_IBL
TK:8112:22,Puerto Rico,IBL 22-127,2022-08-25T03:00:00Z,"Plant# 1
Animal# 7",3.175144,0.453592,18.51346,-67.07678,IBL,,passenger,NA,Animal_IBL
TK:7984:22,Puerto Rico,IBL 22-126,2022-08-15T03:00:00Z,"ANIMAL # 0
PLANT # 0",0,0,18.45799,-65.9899,IBL,,passenger,NA,Animal_IBL
TK:7966:22,Puerto Rico,IBL 22-125,2022-08-14T03:00:00Z,"Animal #0.0
Plant #4.5",0,2.041164,18.37267,-67.25032,IBL,,passenger,NA,Animal_IBL
TK:7814:22,Puerto Rico,IBL 22-124,2022-08-06T03:00:00Z,"Animal # 0.00 
Plants # 0.00",0,0,18.35254,-67.26687,IBL,,passenger,NA,Animal_IBL
TK:7809:22,Puerto Rico,IBL 22-123,2022-08-04T03:00:00Z,"Animal# 0
Plant# 0",0,0,18.38565,-67.47896,IBL,,passenger,NA,Animal_IBL
TK:7688:22,Puerto Rico,IBL 22-122,2022-07-28T03:00:00Z,"Animal# 0
Plant# 0",0,0,18.08273,-67.94546,IBL,,passenger,NA,Animal_IBL
TK:7457:22,Puerto Rico,IBL 22-121,2022-07-15T09:00:00Z,"Animal # 14.00
Plant # 1.00",6.350288,0.453592,18.37993,-67.22386,IBL,,passenger,NA,Animal_IBL
TK:7456:22,Puerto Rico,IBL 22-120,2022-07-14T03:00:00Z,"Animal #42
Plant # 29",19.050864,13.154168,18.51297,-67.11305,IBL,,passenger,NA,Animal_IBL
TK:7413:22,Puerto Rico,IBL 22-119,2022-07-11T03:00:00Z,"Animal #: 7.0 pounds
Plant #: 0.0 Pounds",3.175144,0,18.01276,-67.17019,IBL,,passenger,NA,Animal_IBL
TK:7343:22,Puerto Rico,IBL 22-118,2022-07-07T13:00:00Z,"Animal # 0 pounds
Plants # 0 pounds",0,0,18.08764,-67.94061,IBL,,passenger,NA,Animal_IBL
TK:7331:22,Puerto Rico,IBL 22-117,2022-07-07T03:00:00Z,"ANIMAL #27
PLANT # 2",12.246984,0.907184,18.46795,-66.23459,IBL,,passenger,NA,Animal_IBL
TK:7125:22,Puerto Rico,IBL 22-116,2022-06-28T03:00:00Z,"Animal# 23
Plant# 1",10.432616,0.453592,18.47519,-66.18683,IBL,,passenger,NA,Animal_IBL
TK:7040:22,Puerto Rico,IBL 22-115,2022-06-26T03:00:00Z,"Animal# 0
Plant# 3",0,1.360776,18.51211,-67.12203,IBL,,passenger,NA,Animal_IBL
TK:6920:22,Puerto Rico,IBL 22-114,2022-06-22T03:00:00Z,"Animal# 3.4
Plant# 1",1.5422128,0.453592,18.01279,-67.17014,IBL,,passenger,NA,Animal_IBL
TK:6811:22,Puerto Rico,IBL 22-113,2022-06-19T03:00:00Z,"Animal# 0
Plant# 0",0,0,18.45786,-67.16414,IBL,,passenger,NA,Animal_IBL
TK:6773:22,Puerto Rico,IBL 22-112,2022-06-16T03:00:00Z,"Animal# 0
Plant# 0",0,0,18.4831,-66.76437,IBL,,passenger,NA,Animal_IBL
TK:6723:22,Puerto Rico,IBL 22-111,2022-06-14T03:00:00Z,"Animal# 0
Plant# 2.5",0,1.13398,18.50888,-67.13116,IBL,,passenger,NA,Animal_IBL
TK:6703:22,Puerto Rico,IBL 22-110,2022-06-12T09:00:00Z,"Animal # 0.00
Plant # 0.00",0,0,18.10345,-67.18465,IBL,,passenger,NA,Animal_IBL
TK:6674:22,Puerto Rico,IBL 22-109,2022-06-10T09:00:00Z,"Animal # 8.00
Plant #10.00",3.628736,4.53592,17.97934,-66.014,IBL,,passenger,NA,Animal_IBL
TK:6629:22,Puerto Rico,IBL 22-108,2022-06-09T03:00:00Z,"Animal # 0.00
Plant # 0.00",0,0,18.46927,-66.4616,IBL,,passenger,NA,Animal_IBL
TK:6628:22,Puerto Rico,IBL 22-107,2022-06-08T03:00:00Z,"Animal #0.00lbs
Plant #0.00lbs",0,0,18.08759,-67.94072,IBL,,passenger,NA,Animal_IBL
TK:6528:22,Puerto Rico,IBL 22-106,2022-06-07T09:00:00Z,"Animal # 0.00
Plant # 0.00",0,0,18.15858,-67.94809,IBL,,passenger,NA,Animal_IBL
TK:6475:22,Puerto Rico,IBL 22-105,2022-06-05T10:00:00Z,"ANIMAL # 0.0
PLANT # 6.0",0,2.721552,18.51065,-67.12625,IBL,,passenger,NA,Animal_IBL
TK:6427:22,Puerto Rico,IBL 22-104,2022-05-31T09:00:00Z,"Animal # 9.00
Plant # 1.00",4.082328,0.453592,17.96947,-66.6123,IBL,,passenger,NA,Animal_IBL
TK:6359:22,Puerto Rico,IBL 22-103,2022-05-28T03:00:00Z,"Animal# 12 Pounds
Plants# 0 Pounds",5.443104,0,18.51236,-67.10986,IBL,,passenger,NA,Animal_IBL
TK:6147:22,Puerto Rico,IBL 22-102,2022-05-24T03:00:00Z,"Animal # 0.0
Plant # 19.0",0,8.618248,18.45266,-66.17469,IBL,,passenger,NA,Animal_IBL
TK:5866:22,Puerto Rico,IBL 22-101,2022-05-10T08:30:00Z,"Animal # 9 pounds
Plant # 0 pounds",4.082328,0,18.38635,-67.20962,IBL,,passenger,NA,Animal_IBL
TK:5826:22,Puerto Rico,IBL 22-100,2022-05-09T03:00:00Z,"Animal # 24 lbs.
Plants #0",10.886208,0,18.51379,-67.06142,IBL,,passenger,NA,Animal_IBL
TK:5823:22,Puerto Rico,IBL 22-099,2022-05-09T03:00:00Z,"Animal# 0
Plant# 0",0,0,18.51557,-67.09522,IBL,,passenger,NA,Animal_IBL
TK:5821:22,Puerto Rico,IBL 22-098,2022-05-07T03:00:00Z,"Animal# 6lbs.
Plant# 5lbs.",2.721552,2.26796,17.96754,-67.21309,IBL,,passenger,NA,Animal_IBL
TK:5751:22,Puerto Rico,IBL 22-097,2022-05-04T03:00:00Z,"Animal# 6
Plant# 1.8",2.721552,0.8164656,18.36828,-67.265,IBL,,passenger,NA,Animal_IBL
TK:5661:22,Puerto Rico,IBL 22-096,2022-05-01T03:00:00Z,"Animal# 0
Plant#0",0,0,18.47192,-66.24952,IBL,,passenger,NA,Animal_IBL
TK:5594:22,Puerto Rico,IBL 22-095,2022-04-27T03:00:00Z,"Animal# 17
Plant# 1",7.711064,0.453592,17.9525,-67.21122,IBL,,passenger,NA,Animal_IBL
TK:5549:22,Puerto Rico,IBL 22-094,2022-04-23T03:00:00Z,"NO LANDING OCCURRED INTERCEPTED AT SEA.
Animal # 03
Plant # 00",1.360776,0,17.94671,-67.19589,IBL,,passenger,NA,Animal_IBL
TK:5548:22,Puerto Rico,IBL 22-093,2022-04-22T03:00:00Z,No Products Recovered.,NA,NA,18.37533,-67.24053,IBL,,passenger,NA,Animal_IBL
TK:5508:22,Puerto Rico,IBL 22-092,2022-04-21T03:00:00Z,"Animal # 40
Plant # 09",18.14368,4.082328,18.45799,-65.9899,IBL,,passenger,NA,Animal_IBL
TK:5460:22,Puerto Rico,IBL 22-091,2022-04-19T03:00:00Z,"Animal # 28
Plant # 10",12.700576,4.53592,18.46887,-66.46915,IBL,,passenger,NA,Animal_IBL
TK:5376:22,Puerto Rico,IBL 22-090,2022-04-12T03:00:00Z,"Animal # 35
Plant # 06",15.87572,2.721552,18.14756,-65.76718,IBL,,passenger,NA,Animal_IBL
TK:5357:22,Puerto Rico,IBL 22-089,2022-04-10T03:00:00Z,"ANIMAL # 02
PLANT # 01",0.907184,0.453592,17.96697,-66.35391,IBL,,passenger,NA,Animal_IBL
TK:5215:22,Puerto Rico,IBL 22-088,2022-03-29T03:00:00Z,"Animal# 0
Plant# 0",0,0,18.08924,-67.9381,IBL,,passenger,NA,Animal_IBL
TK:5211:22,Puerto Rico,IBL 22-087,2022-03-28T06:30:00Z,"Animal # 0.00lbs
Plants # 0.00lbs",0,0,18.49012,-66.9595,IBL,,passenger,NA,Animal_IBL
TK:5169:22,Puerto Rico,IBL 22-086,2022-03-28T09:00:00Z,"Animal # 22.00
Plant # 0.00",9.979023999999999,0,18.51048,-67.03183,IBL,,passenger,NA,Animal_IBL
TK:5164:22,Puerto Rico,IBL 22-085,2022-03-28T03:00:00Z,"Animal# 1
Plant# 0.5",0.453592,0.226796,18.0055,-67.18922,IBL,,passenger,NA,Animal_IBL
TK:5143:22,Puerto Rico,IBL 22-084,2022-03-23T09:00:00Z,"Animal # 0.00
Plant # 0.00",0,0,18.2921,-67.19835,IBL,,passenger,NA,Animal_IBL
TK:4983:22,Puerto Rico,IBL 22-083,2022-03-15T03:00:00Z,"Animal# 4
Plant# 0",1.814368,0,18.51373,-67.04647,IBL,,passenger,NA,Animal_IBL
TK:4908:22,Puerto Rico,IBL 22-082,2022-03-06T02:00:00Z,"Animal# 0
Plant# 0",0,0,18.38039,-67.48361,IBL,,passenger,NA,Animal_IBL
TK:4877:22,Puerto Rico,IBL 22-081,2022-03-05T02:00:00Z,"Animal# 0
Plant# 0",0,0,18.36849,-67.26447,IBL,,passenger,NA,Animal_IBL
TK:4830:22,Puerto Rico,IBL 22-080,2022-03-04T02:00:00Z,"Animal# 0
Plant# 0",0,0,18.31416,-67.24277,IBL,,passenger,NA,Animal_IBL
TK:4822:22,Puerto Rico,IBL 22-079,2022-03-04T02:00:00Z,"Animal # 05
Plant # 00",2.26796,0,18.49054,-66.84812,IBL,,passenger,NA,Animal_IBL
TK:4810:22,Puerto Rico,IBL 22-078,2022-03-03T02:00:00Z,"Animal# 16
Plant# 0",7.257472,0,18.49186,-67.15371,IBL,,passenger,NA,Animal_IBL
TK:4786:22,Puerto Rico,IBL 22-077,2022-03-01T02:00:00Z,"Animal# 11
Plant# 0",4.9895119999999995,0,18.33821,-67.25469,IBL,,passenger,NA,Animal_IBL
TK:4774:22,Puerto Rico,IBL 22-076,2022-02-28T02:00:00Z,"Animal# 0
Plant# 0",0,0,18.08871,-67.1953,IBL,,passenger,NA,Animal_IBL
TK:4767:22,Puerto Rico,IBL 22-075,2022-02-26T02:00:00Z,No Products Recovered,NA,NA,18.46606,-66.19554,IBL,,passenger,NA,Animal_IBL
TK:4705:22,Puerto Rico,IBL 22-074,2022-02-21T02:00:00Z,No Products Recovered,NA,NA,18.45363,-66.17666,IBL,,passenger,NA,Animal_IBL
TK:4657:22,Puerto Rico,IBL 22-073,2022-02-16T09:00:00Z,"Animal# 0
Plant# 0",0,0,18.08273,-67.94546,IBL,,passenger,NA,Animal_IBL
TK:4263:22,Puerto Rico,IBL 22-072,2022-01-31T09:00:00Z,"Animal # 3.00
Plant # 2.00",1.360776,0.907184,18.37608,-67.23877,IBL,,passenger,NA,Animal_IBL
TK:4262:22,Puerto Rico,IBL 22-071,2022-01-30T09:00:00Z,"Animal # 1.00
Plant # 0.00",0.453592,0,18.45282,-66.17482,IBL,,passenger,NA,Animal_IBL
TK:4241:22,Puerto Rico,IBL 22-070,2022-01-28T02:00:00Z,"Animal #0
Plant #0",0,0,18.51421,-67.10275,IBL,,passenger,NA,Animal_IBL
TK:4240:22,Puerto Rico,IBL 22-069,2022-01-27T02:00:00Z,"Animal #0
Plant #0",0,0,18.36342,-67.27046,IBL,,passenger,NA,Animal_IBL
TK:4621:23,Florida,IBL 22-069,2022-12-11T10:34:00Z,NA,NA,NA,NA,NA,IBL,,passenger,NA,Animal_IBL
TK:4239:22,Puerto Rico,IBL 22-068,2022-01-27T02:00:00Z,"Animal #4
Plant #0",1.814368,0,18.40126,-67.18648,IBL,,passenger,NA,Animal_IBL
TK:4198:22,Puerto Rico,IBL 22-067,2022-01-25T02:00:00Z,"Animal #0
Plant #0",0,0,18.29685,-67.22063,IBL,,passenger,NA,Animal_IBL
TK:4197:22,Puerto Rico,IBL 22-066,2022-01-24T02:00:00Z,"Animal #3
Plant #0",1.360776,0,18.3681,-67.2653,IBL,,passenger,NA,Animal_IBL
TK:4196:22,Puerto Rico,IBL 22-065,2022-01-24T09:00:00Z,"Animal # 3
Plant # 1",1.360776,0.453592,18.23184,-65.622,IBL,,passenger,NA,Animal_IBL
TK:4032:22,Puerto Rico,IBL 22-064,2022-01-15T02:00:00Z,"Animal #0
Plant #0",0,0,18.08809,-67.93878,IBL,,passenger,NA,Animal_IBL
TK:4031:22,Puerto Rico,IBL 22-063,2022-01-15T02:00:00Z,"Animal #0
Plant #0",0,0,18.08809,-67.93878,IBL,,passenger,NA,Animal_IBL
TK:4011:22,Puerto Rico,IBL 22-062,2022-01-15T09:00:00Z,"Animal #0
Plant #0",0,0,18.08809,-67.93877,IBL,,passenger,NA,Animal_IBL
TK:4614:23,Florida,IBL 22-062,2022-12-06T07:33:00Z,NA,NA,NA,NA,NA,IBL,,passenger,NA,Animal_IBL
TK:4010:22,Puerto Rico,IBL 22-061,2022-01-15T09:00:00Z,"Animal #6
Plant #0",2.721552,0,18.48932,-66.95726,IBL,,passenger,NA,Animal_IBL
TK:4009:22,Puerto Rico,IBL 22-060,2022-01-14T09:00:00Z,"Animal #19
Plant #0",8.618248,0,18.49085,-67.15574,IBL,,passenger,NA,Animal_IBL
TK:3995:22,Puerto Rico,IBL 22-059,2022-01-12T02:00:00Z,"Animal #17.5
Plant #4.5",7.93786,2.041164,18.01293,-67.16998,IBL,,passenger,NA,Animal_IBL
TK:3912:22,Puerto Rico,IBL 22-058,2022-01-10T02:00:00Z,"Animal # 4.00
Plant # 4.00",1.814368,1.814368,18.36791,-65.69807,IBL,,passenger,NA,Animal_IBL
TK:4610:23,Florida,IBL 22-058,2022-12-02T12:07:00Z,NA,NA,NA,NA,NA,IBL,,passenger,NA,Animal_IBL
TK:3846:22,Puerto Rico,IBL 22-057,2022-01-06T02:00:00Z,"Animal #0
Plant #0",0,0,18.08823,-67.93898,IBL,,passenger,NA,Animal_IBL
TK:3819:22,Puerto Rico,IBL 22-056,2022-01-04T02:00:00Z,"Animal #0
Plants #0",0,0,18.08801,-67.93949,IBL,,passenger,NA,Animal_IBL
TK:4608:23,Florida,IBL 22-056,2022-11-30T08:32:00Z,NA,NA,NA,NA,NA,IBL,,passenger,NA,Animal_IBL
TK:3818:22,Puerto Rico,IBL 22-055,2022-01-04T09:00:00Z,"ANIMAL #0.00
PLANT # 0.00",0,0,18.49892,-67.14851,IBL,,passenger,NA,Animal_IBL
TK:3787:22,Puerto Rico,IBL 22-054,2021-12-31T16:00:00Z,"Animal #0
Plant #0",0,0,18.46894,-66.469220000000007,IBL,,passenger,NA,Animal_IBL
TK:3465:22,Puerto Rico,IBL 22-053,2021-12-27T02:00:00Z,"Animal #2
Plants #1.8",0.907184,0.8164656,18.04133,-67.20503,IBL,,passenger,NA,Animal_IBL
TK:3464:22,Puerto Rico,IBL 22-052,2021-12-26T02:00:00Z,"Animal #0
Plant #0",0,0,18.48914,-66.95762,IBL,,passenger,NA,Animal_IBL
TK:3463:22,Puerto Rico,IBL 22-051,2021-12-24T02:00:00Z,"Animal #9
Plant #20",4.082328,9.07184,18.47846,-66.70038,IBL,,passenger,NA,Animal_IBL
TK:3452:22,Puerto Rico,IBL 22-050,2021-12-22T02:00:00Z,"Animal # 0
Plants # 0",0,0,18.08804,-67.93938,IBL,,passenger,NA,Animal_IBL
TK:3429:22,Puerto Rico,IBL 22-049,2021-12-22T02:00:00Z,"Animal # 0.00
Plants # 12.00",0,5.443104,17.92828,-66.92873,IBL,,passenger,NA,Animal_IBL
TK:3022:22,Puerto Rico,IBL 22-048,2021-12-13T09:00:00Z,"Animal # 0.00
Plant # 0.00",0,0,18.46626,-66.19803,IBL,,passenger,NA,Animal_IBL
TK:2857:22,Puerto Rico,IBL 22-047,2021-12-07T02:00:00Z,"Animal # 17.75
Plant # 0.25",8.051258,0.113398,18.51211,-67.12341,IBL,,passenger,NA,Animal_IBL
TK:2649:22,Puerto Rico,IBL 22-046,2021-12-05T11:00:00Z,"Animal 14#
Plant 0#",6.350288,0,18.47584,-66.49949,IBL,,passenger,NA,Animal_IBL
TK:2281:22,Puerto Rico,IBL 22-045,2021-12-01T11:00:00Z,"Animal # 4.00
Plant # 0.00",1.814368,0,18.01339,-67.17015,IBL,,passenger,NA,Animal_IBL
TK:2225:22,Puerto Rico,IBL 22-044,2021-11-25T10:00:00Z,"Animal # 0.0
Plant # 0.0",0,0,18.08771,-67.9392,IBL,,passenger,NA,Animal_IBL
TK:2223:22,Puerto Rico,IBL 22-043,2021-11-25T05:30:00Z,"Animal #0.00
Plant # 0.00",0,0,18.50336,-67.14353,IBL,,passenger,NA,Animal_IBL
TK:2211:22,Puerto Rico,IBL 22-041,2021-11-25T08:00:00Z,"Animal #14.0
Plant # 5.0",6.350288,2.26796,18.51099,-67.12679,IBL,,passenger,NA,Animal_IBL
TK:2203:22,Puerto Rico,IBL 22-040,2021-11-23T09:00:00Z,"Animal # 6.25
Plant # 0.50",2.83495,0.226796,18.51076,-67.12798,IBL,,passenger,NA,Animal_IBL
TK:2192:22,Puerto Rico,IBL 22-039,2021-11-22T09:00:00Z,"Animal # 0.00
Plant # 0.00",0,0,18.46765,-66.23248,IBL,,passenger,NA,Animal_IBL
TK:2191:22,Puerto Rico,IBL 22-038,2021-11-20T09:00:00Z,"Animal # 0.00
Plant # 0.00",0,0,18.08766,-67.93923,IBL,,passenger,NA,Animal_IBL
TK:2108:22,Puerto Rico,IBL 22-037,2021-11-15T09:00:00Z,"Animal # 0.00
Plant # 0.00",0,0,18.07948,-67.93716,IBL,,passenger,NA,Animal_IBL
TK:2104:22,Puerto Rico,IBL 22-036,2021-11-14T09:00:00Z,"Animal # 0.00
Plant # 0.00",0,0,17.97991,-66.44649,IBL,,passenger,NA,Animal_IBL
TK:2039:22,Puerto Rico,IBL 22-035,2021-11-11T02:00:00Z,"Animal: 0.00 #
Plant: 2.00 #",0,0.907184,18.4906,-66.86024,IBL,,passenger,NA,Animal_IBL
TK:1825:22,Puerto Rico,IBL 22-034,2021-11-09T09:00:00Z,"Animal # 5.25
Plant # 0.25",2.381358,0.113398,18.16416,-67.18488,IBL,,passenger,NA,Animal_IBL
TK:1792:22,Puerto Rico,IBL 22-033,2021-11-05T19:00:00Z,"Animal Products- 9.5 pounds
Plant Products- 5.4 pounds",4.309124,2.4493968,18.36976,-67.26143,IBL,,passenger,NA,Animal_IBL
TK:1807:22,Puerto Rico,IBL 22-032,2021-11-05T09:00:00Z,"Animal # 3.25
Plant # 1.75",1.474174,0.793786,18.23215,-65.62173,IBL,,passenger,NA,Animal_IBL
TK:1760:22,Puerto Rico,IBL 22-031,2021-11-04T03:00:00Z,"Animal # 1.50
Plants # 1.00",0.680388,0.453592,18.40984,-67.16797,IBL,,passenger,NA,Animal_IBL
TK:1759:22,Puerto Rico,IBL 22-030,2021-11-02T07:00:00Z,"Intercepted at sea
IAnimal: 2.50 #
Plant: 1.75 #",1.13398,0.793786,17.97816,-66.61794,IBL,,passenger,NA,Animal_IBL
TK:1643:22,Puerto Rico,IBL 22-029,2021-11-02T07:00:00Z,"Animal: 10.4#
Plant: 16.6#",4.7173568,7.5296272,17.95223,-67.13752,IBL,,passenger,NA,Animal_IBL
TK:1642:22,Puerto Rico,IBL 22-028,2021-11-01T07:00:00Z,"Animal: 4.6#
Plant: 0.00#",2.0865232,0,18.51241,-67.11773,IBL,,passenger,NA,Animal_IBL
TK:1641:22,Puerto Rico,IBL 22-027,2021-10-30T07:00:00Z,"Animal: 0.00#
Plant: 0.00#",0,0,18.51543,-67.09714,IBL,,passenger,NA,Animal_IBL
TK:1555:22,Puerto Rico,IBL 22-026,2021-10-26T07:00:00Z,"Animal: 0.00 #
Plant: 35.00 #",0,15.87572,18.27529,-67.18955,IBL,,passenger,NA,Animal_IBL
TK:1541:22,Puerto Rico,IBL 22-025,2021-10-24T23:00:00Z,"Animal: 0.00 #
Plant: 24.00 #",0,10.886208,18.46696,-66.19804,IBL,,passenger,NA,Animal_IBL
TK:1516:22,Puerto Rico,IBL 22-024,2021-10-24T07:00:00Z,"Animal: 1.00 #
Plant: 15.00 #",0.453592,6.8038799999999995,18.47378,-66.18618,IBL,,passenger,NA,Animal_IBL
TK:1526:22,Puerto Rico,IBL 22-023,2021-10-23T07:00:00Z,"Animal: 0.00#
Plant: 0.00 #",0,0,18.44885,-65.89552,IBL,,passenger,NA,Animal_IBL
TK:4536:23,Florida,IBL 22-023,2022-11-06T09:30:00Z,NA,NA,NA,NA,NA,IBL,,passenger,NA,Animal_IBL
TK:1515:22,Puerto Rico,IBL 22-022,2021-10-23T07:00:00Z,"Animal: 0.05#
Plant: 13.5 #",0.0226796,6.123492,18.50859,-67.13137,IBL,,passenger,NA,Animal_IBL
TK:1505:22,Puerto Rico,IBL 22-021,2021-10-22T07:00:00Z,"Animal: 0.00
Plant: 0.00",0,0,18.51358,-67.0703,IBL,,passenger,NA,Animal_IBL
TK:1448:22,Puerto Rico,IBL 22-020,2021-10-21T07:00:00Z,"Animal # 0.00
Plant # 22.5",0,10.20582,18.51385,-67.05617,IBL,,passenger,NA,Animal_IBL
TK:1428:22,Puerto Rico,IBL 22-019,2021-10-20T09:00:00Z,"Animal # 0.00
Plant # 0.00",0,0,18.08781,-67.93927,IBL,,passenger,NA,Animal_IBL
TK:1469:22,Puerto Rico,IBL 22-018,2021-10-20T07:00:00Z,No products recovered.,NA,NA,18.51318,-67.06867,IBL,,passenger,NA,Animal_IBL
TK:1418:22,Puerto Rico,IBL 22-017,2021-10-20T07:00:00Z,"Animal # 2.00
Plant # 15.00",0.907184,6.8038799999999995,18.46989,-67.16864,IBL,,passenger,NA,Animal_IBL
TK:1410:22,Puerto Rico,IBL 22-016,2021-10-19T07:00:00Z,"Animal # 0.00
Plant # 4.50",0,2.041164,17.93398,-67.18769,IBL,,passenger,NA,Animal_IBL
TK:1388:22,Puerto Rico,IBL 22-015,2021-10-17T07:00:00Z,"Animal #0
Plants #8.5",0,3.855532,18.4852,-67.16577,IBL,,passenger,NA,Animal_IBL
TK:1368:22,Puerto Rico,IBL 22-014,2021-10-15T07:00:00Z,"Animal # 0.00
Plant # 0.00",0,0,18.08068,-67.94125,IBL,,passenger,NA,Animal_IBL
TK:1367:22,Puerto Rico,IBL 22-013,2021-10-15T07:00:00Z,"Animal # 9.00
Plant # 40.50",4.082328,18.370476,18.48533,-66.38523,IBL,,passenger,NA,Animal_IBL
TK:1366:22,Puerto Rico,IBL 22-012,2021-10-15T07:00:00Z,"Animal # 0.00
Plant # 25.50",0,11.566596,18.48565,-66.89209,IBL,,passenger,NA,Animal_IBL
TK:1342:22,Puerto Rico,IBL 22-011,2021-10-14T07:00:00Z,"Animal # 0.00
Plant # 0.00",0,0,18.08746,-67.93925,IBL,,passenger,NA,Animal_IBL
TK:1335:22,Puerto Rico,IBL 22-010,2021-10-14T07:00:00Z,"Animal # 0.00
Plant # 0.00",0,0,18.08367,-67.94539,IBL,,passenger,NA,Animal_IBL
TK:1329:22,Puerto Rico,IBL 22-009,2021-10-14T07:00:00Z,"Animal # 0.00
Plant # 0.00",0,0,18.09859,-67.93631,IBL,,passenger,NA,Animal_IBL
TK:1265:22,Puerto Rico,IBL 22-008,2021-10-11T07:00:00Z,"Animal # 16.50
Plant # 7.50",7.484268,3.4019399999999997,17.97374,-65.96647,IBL,,passenger,NA,Animal_IBL
TK:1264:22,Puerto Rico,IBL 22-007,2021-10-09T07:00:00Z,"Animal # 0.0 
Plant # 0.0",0,0,18.09299,-65.46839,IBL,,passenger,NA,Animal_IBL
TK:1263:22,Puerto Rico,IBL 22-006,2021-10-08T07:00:00Z,"Animal # 0.0
Plant # 0.0",0,0,18.0873,-67.9393,IBL,,passenger,NA,Animal_IBL
TK:1262:22,Puerto Rico,IBL 22-005,2021-10-08T10:00:00Z,"Animals #0.0
Plants #0.0",0,0,18.08783,-67.93927,IBL,,passenger,NA,Animal_IBL
TK:1061:22,Puerto Rico,IBL 22-004,2021-10-02T06:00:00Z,"Animal#0.0
Plant #0.0",0,0,18.08305,-67.9455,IBL,,passenger,NA,Animal_IBL
TK:1059:22,Puerto Rico,IBL 22-003,2021-10-02T11:00:00Z,"Animal #0.0
Plants #0.0",0,0,18.49187,-66.96528,IBL,,passenger,NA,Animal_IBL
TK:1058:22,Puerto Rico,IBL 22-002,2021-10-02T13:30:00Z,"Animal #0.0
Plant #1.0",0,0.453592,18.42717,-67.15592,IBL,,passenger,NA,Animal_IBL
TK:1060:22,Puerto Rico,IBL 22-001,2021-10-02T05:00:00Z,"Animal #12.5
Plant #0.0",5.6699,0,18.47357,-66.18624,IBL,,passenger,NA,Animal_IBL
TK:9804:21,Puerto Rico,IBL 21-180,2021-09-28T05:00:00Z,"Animal #26.0
Plant #26.0",11.793392,11.793392,18.4692,-66.4631,IBL,,passenger,NA,Animal_IBL
TK:9738:21,Puerto Rico,IBL 21-179,2021-09-27T09:00:00Z,"Animal # 10.00
Plant # 0.00",4.53592,0,18.16956,-67.17905,IBL,,passenger,NA,Animal_IBL
TK:9737:21,Puerto Rico,IBL 21-178,2021-09-27T09:00:00Z,"Animal # 0.00
Plant # 0.00",0,0,18.08702,-67.93935,IBL,,passenger,NA,Animal_IBL
TK:9736:21,Puerto Rico,IBL 21-177,2021-09-27T09:00:00Z,"Animal # 0.00
Plant # 0.00",0,0,18.08776,-67.93912,IBL,,passenger,NA,Animal_IBL
TK:9735:21,Puerto Rico,IBL 21-176,2021-09-26T09:00:00Z,"Animal # 0.00
Plant # 0.00",0,0,18.08795,-67.93907,IBL,,passenger,NA,Animal_IBL
TK:9734:21,Puerto Rico,IBL 21-175,2021-09-24T09:00:00Z,"Animal # 0.00
Plant # 0.00",0,0,18.08341,-67.94559,IBL,,passenger,NA,Animal_IBL
TK:9733:21,Puerto Rico,IBL 21-174,2021-09-24T09:00:00Z,"Animal # 0.00
Plant # 0.00",0,0,18.07951,-67.9373,IBL,,passenger,NA,Animal_IBL
TK:9732:21,Puerto Rico,IBL 21-173,2021-09-24T09:00:00Z,"Animal # 0.00
Plant # 0.00",0,0,18.08779,-67.93899,IBL,,passenger,NA,Animal_IBL
TK:9700:21,Puerto Rico,IBL 21-172,2021-09-25T22:00:00Z,"Animal #12.0
Plant #0.0",5.443104,0,18.4671,-66.19853,IBL,,passenger,NA,Animal_IBL
TK:9697:21,Puerto Rico,IBL 21-171,2021-09-25T01:30:00Z,"Animal #0.0
Plant #0.0",0,0,18.51273,-67.11296,IBL,,passenger,NA,Animal_IBL
TK:9696:21,Puerto Rico,IBL 21-170,2021-09-25T11:00:00Z,"Animal # 0.5
Plant #0.5",0.226796,0.226796,18.51548,-67.09634,IBL,,passenger,NA,Animal_IBL
TK:9695:21,Puerto Rico,IBL 21-169,2021-09-24T07:00:00Z,"animal # 4.50
Plant # 0.00",2.041164,0,18.48754,-67.16413,IBL,,passenger,NA,Animal_IBL
TK:9694:21,Puerto Rico,IBL 21-168,2021-09-24T07:00:00Z,"Animal # 0.00
Plant # 0.00",0,0,18.49015,-67.14948,IBL,,passenger,NA,Animal_IBL
TK:9694:21,Puerto Rico,IBL 21-168,2021-09-24T07:00:00Z,"Animal # 0.00
Plant # 0.00",0,0,18.49015,-67.14948,IBL,,passenger,NA,Animal_IBL
TK:9694:21,Puerto Rico,IBL 21-168,2021-09-24T07:00:00Z,"Animal # 0.00
Plant # 0.00",0,0,18.49015,-67.14948,IBL,,passenger,NA,Animal_IBL
TK:9694:21,Puerto Rico,IBL 21-168,2021-09-24T07:00:00Z,"Animal # 0.00
Plant # 0.00",0,0,18.49015,-67.14948,IBL,,passenger,NA,Animal_IBL
TK:9694:21,Puerto Rico,IBL 21-168,2021-09-24T07:00:00Z,"Animal # 0.00
Plant # 0.00",0,0,18.49015,-67.14948,IBL,,passenger,NA,Animal_IBL
TK:9694:21,Puerto Rico,IBL 21-168,2021-09-24T07:00:00Z,"Animal # 0.00
Plant # 0.00",0,0,18.49015,-67.14948,IBL,,passenger,NA,Animal_IBL
TK:9694:21,Puerto Rico,IBL 21-168,2021-09-24T07:00:00Z,"Animal # 0.00
Plant # 0.00",0,0,18.49015,-67.14948,IBL,,passenger,NA,Animal_IBL
TK:9694:21,Puerto Rico,IBL 21-168,2021-09-24T07:00:00Z,"Animal # 0.00
Plant # 0.00",0,0,18.49015,-67.14948,IBL,,passenger,NA,Animal_IBL
TK:9694:21,Puerto Rico,IBL 21-168,2021-09-24T07:00:00Z,"Animal # 0.00
Plant # 0.00",0,0,18.49015,-67.14948,IBL,,passenger,NA,Animal_IBL
TK:9694:21,Puerto Rico,IBL 21-168,2021-09-24T07:00:00Z,"Animal # 0.00
Plant # 0.00",0,0,18.49015,-67.14948,IBL,,passenger,NA,Animal_IBL
TK:9683:21,Puerto Rico,IBL 21-167,2021-09-23T07:00:00Z,"Animal # 0.0
Plant # 0.0",0,0,18.01324,-67.17021,IBL,,passenger,NA,Animal_IBL
TK:9682:21,Puerto Rico,IBL 21-166,2021-09-22T07:00:00Z,"20 illegal immigrants from Haiti, 7 females and 13 males. Vessel was not found.",NA,NA,18.09818,-67.93646,IBL,,passenger,NA,Animal_IBL
TK:9681:21,Puerto Rico,IBL 21-165,2021-09-22T07:00:00Z,"19 illegal immigrants from Haiti, 6 females, 12 males and one 2 years old. Vessel was not found.",NA,NA,18.08765,-67.93923,IBL,,passenger,NA,Animal_IBL
TK:9598:21,Puerto Rico,IBL 21-164,2021-09-20T09:00:00Z,"Animal # 0.00
Plant # 0.00",0,0,18.08763,-67.9392,IBL,,passenger,NA,Animal_IBL
TK:9593:21,Puerto Rico,IBL 21-163,2021-09-19T19:00:00Z,"animal #13.5
plants #2",6.123492,0.907184,18.5154,-67.09776,IBL,,passenger,NA,Animal_IBL
TK:9565:21,Puerto Rico,IBL 21-162,2021-09-18T07:00:00Z,"Animal # 0.00
Plant # 0.00",0,0,18.08273,-67.94546,IBL,,passenger,NA,Animal_IBL
TK:9538:21,Puerto Rico,IBL 21-161,2021-09-17T09:00:00Z,"Animal # 0.00
Plant # 0.00",0,0,18.07935,-67.93708,IBL,,passenger,NA,Animal_IBL
TK:9524:21,Puerto Rico,IBL 21-160,2021-09-16T09:00:00Z,"Animal # 17.50
Plant # 0.50",7.93786,0.226796,18.48751,-67.16413,IBL,,passenger,NA,Animal_IBL
TK:9495:21,Puerto Rico,IBL 21-159,2021-09-15T09:00:00Z,"Animal # 0.00
Plant # 0.00",0,0,18.08067,-67.94126,IBL,,passenger,NA,Animal_IBL
TK:9379:21,Puerto Rico,IBL 21-158,2021-09-08T09:00:00Z,"Animal # 0.00
Plant # 0.00",0,0,18.08749,-67.93953,IBL,,passenger,NA,Animal_IBL
TK:9378:21,Puerto Rico,IBL 21-157,2021-08-30T09:00:00Z,"Animal # 0.00
Plant # 0.00",0,0,18.08761,-67.93924,IBL,,passenger,NA,Animal_IBL
TK:9377:21,Puerto Rico,IBL 21-156,2021-08-12T09:00:00Z,"Animal # 0.00
Plant # 0.00",0,0,18.15861,-67.94747,IBL,,passenger,NA,Animal_IBL
TK:9376:21,Puerto Rico,IBL 21-155,2021-09-08T09:00:00Z,"Animal # 14.50
Plant # 2.00",6.577084,0.907184,18.29192,-67.19837,IBL,,passenger,NA,Animal_IBL
TK:9286:21,Puerto Rico,IBL 21-154,2021-09-06T11:00:00Z,"Animal product 0.0#
Plant product 0.0#",0,0,17.95736,-67.21227,IBL,,passenger,NA,Animal_IBL
TK:9285:21,Puerto Rico,IBL 21-153,2021-09-06T07:00:00Z,"Animal product 0.0#
Plant product 0.0#",0,0,18.37187,-67.25253,IBL,,passenger,NA,Animal_IBL
TK:9284:21,Puerto Rico,IBL 21-152,2021-09-05T15:30:00Z,"3 DR salami products found
Animal # 6.00 lb
Plant # 0.00 lb",2.721552,0,18.26242,-67.18621,IBL,,passenger,NA,Animal_IBL
TK:9267:21,Puerto Rico,IBL 21-151,2021-09-03T12:00:00Z,"Animal # 5.90
Plant # 0.10",2.6761928,0.0453592,18.29235,-67.1982,IBL,,passenger,NA,Animal_IBL
TK:9160:21,Puerto Rico,IBL 21-150,2021-08-30T07:00:00Z,"Animal: 0.00 #
Plant: 0.00 #",0,0,18.37152,-67.25445,IBL,,passenger,NA,Animal_IBL
TK:9266:21,Puerto Rico,IBL 21-149,2021-08-29T07:00:00Z,No products recovered,NA,NA,17.93293,-67.19173,IBL,,passenger,NA,Animal_IBL
TK:9131:21,Puerto Rico,IBL 21-148,2021-08-26T07:00:00Z,"Animal: 9.00 #
Plant: 2.00 #",4.082328,0.907184,18.3712,-67.25537,IBL,,passenger,NA,Animal_IBL
TK:9133:21,Puerto Rico,IBL 21-147,2021-08-23T09:00:00Z,"Animal # 0.00
Plant # 0.00",0,0,18.48916,-66.39325,IBL,,passenger,NA,Animal_IBL
TK:9071:21,Puerto Rico,IBL 21-146,2021-08-20T07:00:00Z,"Animal: 12.00 #
Plant: 2.00 #",5.443104,0.907184,18.48946,-66.87118,IBL,,passenger,NA,Animal_IBL
TK:9022:21,Puerto Rico,IBL 21-145,2021-08-15T07:00:00Z,"Animal: 7.00 #
Plant: 1.00 #
Recovered Products",3.175144,0.453592,18.49046,-66.86746,IBL,,passenger,NA,Animal_IBL
TK:8835:21,Puerto Rico,IBL 21-144,2021-08-09T07:00:00Z,"Animal: 9.00 #
Plant: 24.50 #
Products Recovered",4.082328,11.113004,18.5127,-67.11975,IBL,,passenger,NA,Animal_IBL
TK:8834:21,Puerto Rico,IBL 21-143,2021-08-07T07:00:00Z,"Animal: 48.5
Plant: 15.00
Products Recovered",21.999212,6.8038799999999995,17.95964,-66.42371,IBL,,passenger,NA,Animal_IBL
TK:8762:21,Puerto Rico,IBL 21-142,2021-08-04T07:00:00Z,"Animal: 0.00 #
Plant: 0.00 #
No Landing Occurred, intercepted at sea",0,0,18.46892,-66.46713,IBL,,passenger,NA,Animal_IBL
TK:8833:21,Puerto Rico,IBL 21-141,2021-08-03T07:00:00Z,"Animal # 0.00
Plant # 15.00",0,6.8038799999999995,18.48528,-66.91997,IBL,,passenger,NA,Animal_IBL
TK:8758:21,Puerto Rico,IBL 21-140,2021-08-02T07:00:00Z,"Animal #2.00
Plant #13.00",0.907184,5.896696,18.30109,-67.23577,IBL,,passenger,NA,Animal_IBL
TK:8757:21,Puerto Rico,IBL 21-139,2021-08-02T07:00:00Z,"Animal #6
Plant #0",2.721552,0,18.51201,-67.12383,IBL,,passenger,NA,Animal_IBL
TK:8743:21,Puerto Rico,IBL 21-138,2021-08-01T00:00:00Z,"Animal #25
Plant #20",11.3398,9.07184,18.30502,-67.23855,IBL,,passenger,NA,Animal_IBL
TK:8731:21,Puerto Rico,IBL 21-137,2021-07-31T07:00:00Z,"Animal #24.0
Plant #10.0",10.886208,4.53592,18.06029,-65.81249,IBL,,passenger,NA,Animal_IBL
TK:8724:21,Puerto Rico,IBL 21-136,2021-07-30T07:00:00Z,No products recovered,NA,NA,18.0189,-65.83187,IBL,,passenger,NA,Animal_IBL
TK:8581:21,Puerto Rico,IBL 21-135,2021-07-28T07:00:00Z,"Animal: 0.00 # 
Plant: 15.00 #",0,6.8038799999999995,18.37063,-67.25815,IBL,,passenger,NA,Animal_IBL
TK:8580:21,Puerto Rico,IBL 21-134,2021-07-28T07:00:00Z,"Animal; 0.00 #
Plant: 5.00 #",0,2.26796,18.37207,-67.25198,IBL,,passenger,NA,Animal_IBL
TK:8579:21,Puerto Rico,IBL 21-133,2021-07-27T07:00:00Z,"Animal: 0.00 #
Plant: 0.00 #",0,0,18.48036,-67.16767,IBL,,passenger,NA,Animal_IBL
TK:8578:21,Puerto Rico,IBL 21-132,2021-07-22T07:00:00Z,"Animal: 0.00 #
Plant: 0.00 #",0,0,18.39501,-65.76119,IBL,,passenger,NA,Animal_IBL
TK:8587:21,Puerto Rico,IBL 21-131,2021-07-19T09:00:00Z,"Animal # 0.00
Plant # 0.00",0,0,18.46906,-66.46198,IBL,,passenger,NA,Animal_IBL
TK:8577:21,Puerto Rico,IBL 21-130,2021-07-14T07:00:00Z,"Animal: 0.00#
Plant: 0.00 #",0,0,17.96591,-66.35728,IBL,,passenger,NA,Animal_IBL
TK:8514:21,Puerto Rico,IBL 21-129,2021-07-16T07:00:00Z,"Animal: 15.00 #
Plant: 0.00 #",6.8038799999999995,0,18.51168,-67.12512,IBL,,passenger,NA,Animal_IBL
TK:8513:21,Puerto Rico,IBL 21-128,2021-07-15T07:00:00Z,"Animal; 5.00 #
Plant: 1.00 #",2.26796,0.453592,18.50844,-67.13195,IBL,,passenger,NA,Animal_IBL
TK:8565:21,Puerto Rico,IBL 21-127,2021-07-15T07:00:00Z,"Animal: 13.00
Plant: 1.00",5.896696,0.453592,18.29207,-67.1983,IBL,,passenger,NA,Animal_IBL
TK:8512:21,Puerto Rico,IBL 21-126,2021-07-02T07:00:00Z,"Animal: 0.00 #
Plant: 0.00 #",0,0,18.48425,-66.33665,IBL,,passenger,NA,Animal_IBL
TK:8359:21,Puerto Rico,IBL 21-125,2021-07-13T07:00:00Z,"Animal: 3.00 #
Plant: 2.00 #",1.360776,0.907184,18.01291,-67.17035,IBL,,passenger,NA,Animal_IBL
TK:8521:21,Puerto Rico,IBL 21-124,2021-07-02T07:00:00Z,"Animal: 0.00 #
Plant: 0.00 #",0,0,18.506710000000002,-67.00884,IBL,,passenger,NA,Animal_IBL
TK:8338:21,Puerto Rico,IBL 21-123,2021-06-30T00:00:00Z,"Animal: 2.00 #
Plant: 8.00 #",0.907184,3.628736,17.94104,-66.2021,IBL,,passenger,NA,Animal_IBL
TK:8068:21,Puerto Rico,IBL 21-122,2021-06-29T07:00:00Z,"Animal: 0.00#
Plant: 0.00#",0,0,18.29207,-67.1983,IBL,,passenger,NA,Animal_IBL
TK:8063:21,Puerto Rico,IBL 21-121,2021-06-25T09:00:00Z,"Animal # 11.00
Plant # 14.00",4.9895119999999995,6.350288,18.51286,-67.11284,IBL,,passenger,NA,Animal_IBL
TK:8062:21,Puerto Rico,IBL 21-120,2021-06-25T09:00:00Z,"Animal # 0.00
Plant # 0.00",0,0,18.48765,-66.66423,IBL,,passenger,NA,Animal_IBL
TK:8061:21,Puerto Rico,IBL 21-119,2021-06-22T09:00:00Z,"Animal # 0.00
Plant # 0.00",0,0,18.37566,-67.23924,IBL,,passenger,NA,Animal_IBL
TK:8060:21,Puerto Rico,IBL 21-118,2021-06-21T09:00:00Z,"Animal # 0.00
Plant # 0.00",0,0,18.49159,-66.78416,IBL,,passenger,NA,Animal_IBL
TK:8056:21,Puerto Rico,IBL 21-117,2021-06-16T09:00:00Z,"Animal # 0.00
Plant # 0.00",0,0,18.51216,-67.12316,IBL,,passenger,NA,Animal_IBL
TK:8038:21,Puerto Rico,IBL 21-116,2021-06-16T09:00:00Z,"Animal # 24.00
Plant # 9.00",10.886208,4.082328,18.30109,-67.23578,IBL,,passenger,NA,Animal_IBL
TK:8037:21,Puerto Rico,IBL 21-115,2021-06-14T09:00:00Z,"Animal # 9.50
Plant # 6.50",4.309124,2.948348,18.04916,-65.83364,IBL,,passenger,NA,Animal_IBL
TK:8035:21,Puerto Rico,IBL 21-114,2021-06-12T09:00:00Z,"Animal # 0.00
Plant # 0.00",0,0,18.37394,-67.24531,IBL,,passenger,NA,Animal_IBL
TK:8033:21,Puerto Rico,IBL 21-113,2021-06-11T09:00:00Z,"Animal # 9.00
Plant # 3.00",4.082328,1.360776,18.40938,-65.81329,IBL,,passenger,NA,Animal_IBL
TK:8031:21,Puerto Rico,IBL 21-112,2021-06-11T09:00:00Z,"Animal # 9.00
Plant # 0.00",4.082328,0,18.37227,-67.25144,IBL,,passenger,NA,Animal_IBL
TK:8023:21,Puerto Rico,IBL 21-111,2021-06-10T09:00:00Z,"Animal # 15.75
Plant # 6.75",7.144074,3.061746,17.9536,-67.14057,IBL,,passenger,NA,Animal_IBL
TK:8013:21,Puerto Rico,IBL 21-110,2021-06-09T09:00:00Z,"Animal # 12.00
Plant # 0.00",5.443104,0,18.51428,-67.0579,IBL,,passenger,NA,Animal_IBL
TK:8028:21,Puerto Rico,IBL 21-109,2021-06-07T09:00:00Z,"Animal # 8.50
Plant # 0.00",3.855532,0,17.97178,-67.21272,IBL,,passenger,NA,Animal_IBL
TK:8011:21,Puerto Rico,IBL 21-108,2021-06-02T09:00:00Z,"Animal # 0.00
Plant # 0.00",0,0,18.09172,-67.19879,IBL,,passenger,NA,Animal_IBL
TK:8010:21,Puerto Rico,IBL 21-107,2021-06-02T09:00:00Z,"Animal # 0.00
Plant # 0.00",0,0,18.29199,-67.19832,IBL,,passenger,NA,Animal_IBL
TK:7920:21,Puerto Rico,IBL 21-106,2021-06-01T09:00:00Z,"Animal # 0.00
Plant # 0.00",0,0,18.45088,-65.89732,IBL,,passenger,NA,Animal_IBL
TK:7910:21,Puerto Rico,IBL 21-105,2021-06-01T09:00:00Z,"Animal # 0.00
Plant # 0.00",0,0,18.5124,-67.11006,IBL,,passenger,NA,Animal_IBL
TK:7907:21,Puerto Rico,IBL 21-104,2021-06-01T09:00:00Z,"Animal # 0.00
Plant # 0.00",0,0,18.47033,-66.24539,IBL,,passenger,NA,Animal_IBL
TK:7906:21,Puerto Rico,IBL 21-103,2021-05-31T09:00:00Z,"Animal # 29.00
Plant # 13.00",13.154168,5.896696,18.29248,-67.19819,IBL,,passenger,NA,Animal_IBL
TK:7902:21,Puerto Rico,IBL 21-102,2021-05-25T09:00:00Z,"Animal # 0.00
Plant # 0.00",0,0,18.46994,-66.47073,IBL,,passenger,NA,Animal_IBL
TK:7901:21,Puerto Rico,IBL 21-101,2021-05-22T09:00:00Z,"Animal # 0.00
Plant #0.00",0,0,18.50534,-67.14223,IBL,,passenger,NA,Animal_IBL
TK:7900:21,Puerto Rico,IBL 21-100,2021-05-21T09:00:00Z,"Animal # 0.00
Plant # 0.00",0,0,17.97809,-66.61817,IBL,,passenger,NA,Animal_IBL
TK:7899:21,Puerto Rico,IBL 21-099,2021-05-18T09:00:00Z,"Animal # 2.00
Plant # 0.00",0.907184,0,18.29193,-67.19833,IBL,,passenger,NA,Animal_IBL
TK:7741:21,Puerto Rico,IBL 21-098,2021-05-16T09:00:00Z,"Animal # 3.00
Plant # 0.50",1.360776,0.226796,18.34198,-67.25677,IBL,,passenger,NA,Animal_IBL
TK:7740:21,Puerto Rico,IBL 21-097,2021-05-16T09:00:00Z,"Animal # 0.00
Plant # 0.00",0,0,18.49012,-67.15678,IBL,,passenger,NA,Animal_IBL
TK:7725:21,Puerto Rico,IBL 21-096,2021-05-16T09:00:00Z,"Animal # 7.00
Plant # 3.50",3.175144,1.587572,18.29198,-67.19833,IBL,,passenger,NA,Animal_IBL
TK:7724:21,Puerto Rico,IBL 21-095,2021-05-11T09:00:00Z,"Animal # 0.00
Plant # 0.00",0,0,18.47557,-67.16909,IBL,,passenger,NA,Animal_IBL
TK:7710:21,Puerto Rico,IBL 21-094,2021-05-09T09:00:00Z,"Animal # 0.00
Plant # 0.00",0,0,18.29199,-67.19833,IBL,,passenger,NA,Animal_IBL
TK:7709:21,Puerto Rico,IBL 21-093,2021-05-06T09:00:00Z,"Animal # 0.00
Plant # 0.00",0,0,18.29187,-67.19831,IBL,,passenger,NA,Animal_IBL
TK:7708:21,Puerto Rico,IBL 21-092,2021-05-06T09:00:00Z,"Animal # 0.00
Plant # 0.00",0,0,17.97179,-66.92697,IBL,,passenger,NA,Animal_IBL
TK:7723:21,Puerto Rico,IBL 21-091,2021-05-05T09:00:00Z,"Animal # 0.00
Plant # 1.00",0,0.453592,18.36084,-67.27073,IBL,,passenger,NA,Animal_IBL
TK:7706:21,Puerto Rico,IBL 21-090,2021-05-03T09:00:00Z,"Animal # 0.00
Plant # 1.00",0,0.453592,18.46837,-66.19997,IBL,,passenger,NA,Animal_IBL
TK:7722:21,Puerto Rico,IBL 21-089,2021-05-01T09:00:00Z,"Animal # 0.00
Plant # 0.00",0,0,18.40277,-67.18325,IBL,,passenger,NA,Animal_IBL
TK:7699:21,Puerto Rico,IBL 21-088,2021-05-01T09:00:00Z,"Animal # 5.00
Plant # 8.00",2.26796,3.628736,18.51548,-67.0883,IBL,,passenger,NA,Animal_IBL
TK:7698:21,Puerto Rico,IBL 21-087,2021-05-01T09:00:00Z,"Animal # 0.00
Plant # 0.00",0,0,18.50818,-67.13366,IBL,,passenger,NA,Animal_IBL
TK:7697:21,Puerto Rico,IBL 21-086,2021-05-01T09:00:00Z,"Animal # 16.00
Plant # 5.00",7.257472,2.26796,18.47248,-67.16898,IBL,,passenger,NA,Animal_IBL
TK:7651:21,Puerto Rico,IBL 21-085,2021-04-27T09:00:00Z,"Animal # 8.00
Plant # 7.00",3.628736,3.175144,18.29812,-67.23017,IBL,,passenger,NA,Animal_IBL
TK:7696:21,Puerto Rico,IBL 21-084,2021-04-26T09:00:00Z,"Animal # 7.00
Plant # 4.00",3.175144,1.814368,18.09221,-67.19766,IBL,,passenger,NA,Animal_IBL
TK:7692:21,Puerto Rico,IBL 21-083,2021-04-24T01:00:00Z,"Animal # 0.00
Plant # 0.00",0,0,17.97798,-66.61862,IBL,,passenger,NA,Animal_IBL
TK:7695:21,Puerto Rico,IBL 21-082,2021-04-20T09:00:00Z,"Animal # 0.00
Plant # 4.00",0,1.814368,18.48792,-66.66879,IBL,,passenger,NA,Animal_IBL
TK:6903:21,Puerto Rico,IBL 21-081,2021-04-17T09:00:00Z,"Animal # 0.00
Plant # 0.00",0,0,18.5029,-67.00127,IBL,,passenger,NA,Animal_IBL
TK:7650:21,Puerto Rico,IBL 21-080,2021-04-16T09:00:00Z,"Animal # 0.00
Plant # 0.00",0,0,18.29811,-67.23025,IBL,,passenger,NA,Animal_IBL
TK:7649:21,Puerto Rico,IBL 21-079,2021-04-16T09:00:00Z,"Animal # 0.00
Plant # 0.00",0,0,18.36927,-67.26249,IBL,,passenger,NA,Animal_IBL
TK:6876:21,Puerto Rico,IBL 21-078,2021-04-14T09:00:00Z,"Animal # 2.50
Plant # 1.50",1.13398,0.680388,18.48592,-66.54662,IBL,,passenger,NA,Animal_IBL
TK:6150:21,Puerto Rico,IBL 21-077,2021-04-11T07:00:00Z,"Animal: 0.6 #
Plant: 5.00 #",0.2721552,2.26796,18.29203,-67.19828,IBL,,passenger,NA,Animal_IBL
TK:6149:21,Puerto Rico,IBL 21-076,2021-04-10T07:00:00Z,"Animal: 0.00 #
Plant: 8.00 #",0,3.628736,18.51206,-67.10666,IBL,,passenger,NA,Animal_IBL
TK:6148:21,Puerto Rico,IBL 21-075,2021-04-07T07:00:00Z,"Animal: 2.4 #
Plant: 2.00 #",1.0886208,0.907184,18.01296,-67.17038,IBL,,passenger,NA,Animal_IBL
TK:5842:21,Puerto Rico,IBL 21-074,2021-03-29T07:00:00Z,"Animal: 0.00 #
Plant: 0.00 #",0,0,18.37322,-65.71,IBL,,passenger,NA,Animal_IBL
TK:5841:21,Puerto Rico,IBL 21-073,2021-03-27T07:00:00Z,"Animal: 3.00#
Plant: 0.00#",1.360776,0,18.29195,-67.19833,IBL,,passenger,NA,Animal_IBL
TK:5840:21,Puerto Rico,IBL 21-072,2021-03-25T07:00:00Z,"Animal: 10.00#
Plant: 10.00#",4.53592,4.53592,18.43432,-65.8515,IBL,,passenger,NA,Animal_IBL
TK:5839:21,Puerto Rico,IBL 21-071,2021-03-23T07:00:00Z,"Animal: 27.00#
Plant: 20.00 #",12.246984,9.07184,18.4446,-65.9199,IBL,,passenger,NA,Animal_IBL
TK:5838:21,Puerto Rico,IBL 21-070,2021-03-23T07:00:00Z,"Animal: 3.00#
Plant: 0.00#",1.360776,0,18.48571,-66.5716,IBL,,passenger,NA,Animal_IBL
TK:5549:21,Puerto Rico,IBL 21-069,2021-03-21T07:00:00Z,"Animal: 0.00 #
Plant: 0.00 #",0,0,18.49308,-66.98167,IBL,,passenger,NA,Animal_IBL
TK:5548:21,Puerto Rico,IBL 21-068,2021-03-21T07:00:00Z,"Animal: 0.00 #
Plant: 0.00 #",0,0,18.48733,-67.1643,IBL,,passenger,NA,Animal_IBL
TK:5495:21,Puerto Rico,IBL 21-067,2021-03-16T07:00:00Z,"Animal: 5.00 #
Plant: 10.00 #",2.26796,4.53592,18.37467,-67.24213,IBL,,passenger,NA,Animal_IBL
TK:5487:21,Puerto Rico,IBL 21-066,2021-03-13T06:00:00Z,"Animal : 0.00 #
Plant: 0.00 #",0,0,17.94272,-66.20246,IBL,,passenger,NA,Animal_IBL
TK:6797:21,Puerto Rico,IBL 21-065,2021-03-07T09:00:00Z,"Animal # 0.00
Plant # 0.00",0,0,18.50278,-67.145,IBL,,passenger,NA,Animal_IBL
TK:6794:21,Puerto Rico,IBL 21-064,2021-03-07T09:00:00Z,"Animal # 0.00
Plant # 0.00",0,0,18.48768,-66.66725,IBL,,passenger,NA,Animal_IBL
TK:6793:21,Puerto Rico,IBL 21-063,2021-03-07T09:00:00Z,"Animal # 0.00
Plant # 4.00",0,1.814368,18.50396,-67.00341,IBL,,passenger,NA,Animal_IBL
TK:6789:21,Puerto Rico,IBL 21-062,2021-03-07T09:00:00Z,"Animal # 0.00
Plant #: 0.00",0,0,18.05786,-65.81001,IBL,,passenger,NA,Animal_IBL
TK:6784:21,Puerto Rico,IBL 21-061,2021-03-05T09:00:00Z,"animal #:5.50
plant #: 2.50",2.4947559999999998,1.13398,18.46613,-66.21913,IBL,,passenger,NA,Animal_IBL
TK:6783:21,Puerto Rico,IBL 21-060,2021-03-04T09:00:00Z,"Animal #: 7.00
Plant #: 0.50",3.175144,0.226796,18.46691,-66.22503,IBL,,passenger,NA,Animal_IBL
TK:6781:21,Puerto Rico,IBL 21-059,2021-02-26T09:00:00Z,"Animal # 0.00
Plant # 0.00",0,0,18.49017,-66.93633,IBL,,passenger,NA,Animal_IBL
TK:5062:21,Puerto Rico,IBL 21-058,2021-02-23T09:00:00Z,Animal # 0.00,0,NA,18.01814,-65.83213,IBL,,passenger,NA,Animal_IBL
TK:4997:21,Puerto Rico,IBL 21-057,2021-02-22T09:00:00Z,"Animal # 7.50
Plant # 1.50",3.4019399999999997,0.680388,18.05998,-67.20008,IBL,,passenger,NA,Animal_IBL
TK:4996:21,Puerto Rico,IBL 21-056,2021-02-19T09:00:00Z,"Animal # 16.50
Plant # 2.50",7.484268,1.13398,18.0129,-67.17036,IBL,,passenger,NA,Animal_IBL
TK:4995:21,Puerto Rico,IBL 21-055,2021-02-15T09:00:00Z,"Animal # 8.00
Plant # 1.00",3.628736,0.453592,18.29206,-67.19832,IBL,,passenger,NA,Animal_IBL
TK:5063:21,Puerto Rico,IBL 21-054,2021-02-12T09:00:00Z,"Animal # 9.00
Plant # 0.00",4.082328,0,18.48583,-66.67711,IBL,,passenger,NA,Animal_IBL
TK:4994:21,Puerto Rico,IBL 21-053,2021-02-11T09:00:00Z,"Animal # 0.00
Plant # 0.00",0,0,18.45283,-66.17523,IBL,,passenger,NA,Animal_IBL
TK:4990:21,Puerto Rico,IBL 21-052,2021-02-10T09:00:00Z,"Animal # 0.00
Plant # 0.00",0,0,18.47016,-66.45217,IBL,,passenger,NA,Animal_IBL
TK:4712:21,Puerto Rico,IBL 21-051,2021-01-28T09:00:00Z,"Animal # 0.00
Plant # 0.00",0,0,18.47267,-66.29223,IBL,,passenger,NA,Animal_IBL
TK:4711:21,Puerto Rico,IBL 21-050,2021-01-25T09:00:00Z,"Animal # 23.00
Plant # 13.00",10.432616,5.896696,18.51246,-67.11791,IBL,,passenger,NA,Animal_IBL
TK:4372:21,Puerto Rico,IBL 21-049,2021-01-24T09:00:00Z,"Animal # 0.00
Plant # 0.00",0,0,18.39849,-67.18981,IBL,,passenger,NA,Animal_IBL
TK:4366:21,Puerto Rico,IBL 21-048,2021-01-24T02:00:00Z,"Animal # 0.00
Plant # 2.00",0,0.907184,18.29729,-67.22728,IBL,,passenger,NA,Animal_IBL
TK:4361:21,Puerto Rico,IBL 21-047,2021-01-24T09:00:00Z,"Animal # 0.00
Plant # 0.00",0,0,18.51516,-67.08693,IBL,,passenger,NA,Animal_IBL
TK:4371:21,Puerto Rico,IBL 21-046,2021-01-24T09:00:00Z,"Animal # 0.00
Plant # 0.00",0,0,18.51245,-67.10447,IBL,,passenger,NA,Animal_IBL
TK:4359:21,Puerto Rico,IBL 21-045,2021-01-23T09:00:00Z,"Animal # 0.00
Plant # 0.00",0,0,18.40382,-67.18147,IBL,,passenger,NA,Animal_IBL
TK:4358:21,Puerto Rico,IBL 21-044,2021-01-20T09:00:00Z,"Animal # 0.00
Plant # 24.00",0,10.886208,18.51419,-67.05803,IBL,,passenger,NA,Animal_IBL
TK:4357:21,Puerto Rico,IBL 21-043,2021-01-19T09:00:00Z,"Animal # 7.50
Plant # 13.50",3.4019399999999997,6.123492,18.40039,-67.1876,IBL,,passenger,NA,Animal_IBL
TK:4356:21,Puerto Rico,IBL 21-042,2021-01-17T09:00:00Z,"Animal # 14.00
Plant # 14.00",6.350288,6.350288,18.51249,-67.11816,IBL,,passenger,NA,Animal_IBL
TK:4355:21,Puerto Rico,IBL 21-041,2021-01-11T09:00:00Z,"Animal # 13.00 
Plant # 5.50",5.896696,2.4947559999999998,18.36666,-67.26894,IBL,,passenger,NA,Animal_IBL
TK:4346:21,Puerto Rico,IBL 21-040,2021-01-11T09:00:00Z,"Animal # 11.50
Plant # 10.00",5.216308,4.53592,18.51258,-67.04283,IBL,,passenger,NA,Animal_IBL
TK:4341:21,Puerto Rico,IBL 21-039,2021-01-09T09:00:00Z,"Animal # 0.00
Plant # 0.00",0,0,18.469,-66.4619,IBL,,passenger,NA,Animal_IBL
TK:4340:21,Puerto Rico,IBL 21-038,2021-01-03T09:00:00Z,"Animal # 0.00
Plant # 0.00",0,0,18.06035,-65.81349,IBL,,passenger,NA,Animal_IBL
TK:3810:21,Puerto Rico,IBL 21-037,2020-12-29T06:00:00Z,"Animal: 3.00 #
Plant: 3.20 #",1.360776,1.4514944,18.49291,-66.97094,IBL,,passenger,NA,Animal_IBL
TK:3809:21,Puerto Rico,IBL 21-036,2020-12-27T06:00:00Z,"Animal: 0.60 #
Plant: 1.00 #",0.2721552,0.453592,18.01292,-67.17032,IBL,,passenger,NA,Animal_IBL
TK:3808:21,Puerto Rico,IBL 21-035,2020-12-23T06:00:00Z,"Animal: 0.40 #
Plant: 3.00 #",0.1814368,1.360776,18.49236,-66.974,IBL,,passenger,NA,Animal_IBL
TK:3805:21,Puerto Rico,IBL 21-034,2020-12-22T06:00:00Z,"Animal: 0.10 #
Plant: 12.30 #",0.0453592,5.5791816,17.9782,-66.61783,IBL,,passenger,NA,Animal_IBL
TK:3599:21,Puerto Rico,IBL 21-033,2020-12-20T06:00:00Z,"Animal: 5.00 #
Plant: 4.00 #",2.26796,1.814368,18.51393,-67.05665,IBL,,passenger,NA,Animal_IBL
TK:3598:21,Puerto Rico,IBL 21-032,2020-12-19T06:00:00Z,"Animal: 0.00 #
Plant: 1.00 #",0,0.453592,18.48478,-66.54454,IBL,,passenger,NA,Animal_IBL
TK:3597:21,Puerto Rico,IBL 21-031,2020-12-18T06:00:00Z,"Animal: 0.75 #
Plant: 3.85 #",0.340194,1.7463292,18.29197,-67.19834,IBL,,passenger,NA,Animal_IBL
TK:4338:21,Puerto Rico,IBL 21-030,2020-12-14T09:00:00Z,"Animal # 70.00
Plant # 6.00",31.75144,2.721552,18.50959,-67.1301,IBL,,passenger,NA,Animal_IBL
TK:4337:21,Puerto Rico,IBL 21-029,2020-12-07T09:00:00Z,"Animal # 19.00
Plant # 3.00",8.618248,1.360776,18.0129,-67.16996,IBL,,passenger,NA,Animal_IBL
TK:4336:21,Puerto Rico,IBL 21-028,2020-12-01T09:00:00Z,"Animal # 0.00
Plant # 0.00",0,0,18.4509,-65.89743,IBL,,passenger,NA,Animal_IBL
TK:4335:21,Puerto Rico,IBL 21-027,2020-11-25T09:00:00Z,"Animal # 0.00
Plant # 3.50",0,1.587572,18.49034,-66.86775,IBL,,passenger,NA,Animal_IBL
TK:4334:21,Puerto Rico,IBL 21-026,2020-11-24T09:00:00Z,"Animal # 0.00
Plant # 0.00",0,0,18.48711,-66.92488,IBL,,passenger,NA,Animal_IBL
TK:4333:21,Puerto Rico,IBL 21-025,2020-11-24T09:00:00Z,"Animal # 8.00
Plant # 3.00",3.628736,1.360776,18.48101,-66.70145,IBL,,passenger,NA,Animal_IBL
TK:4332:21,Puerto Rico,IBL 21-024,2020-11-22T09:00:00Z,"Animal # 24.25
Plant # 0.00",10.999606,0,18.51323,-67.0417,IBL,,passenger,NA,Animal_IBL
TK:4258:21,Puerto Rico,IBL 21-023,2020-11-21T09:00:00Z,"Animal # 0.00
Plant # 0.00",0,0,18.48861,-66.42083,IBL,,passenger,NA,Animal_IBL
TK:4257:21,Puerto Rico,IBL 21-022,2020-11-18T09:00:00Z,"Animal # 7.50
Plant # 5.50",3.4019399999999997,2.4947559999999998,18.37562,-67.2392,IBL,,passenger,NA,Animal_IBL
TK:4256:21,Puerto Rico,IBL 21-021,2020-11-18T09:00:00Z,"Animal # 0.00
Plant # 9.75",0,4.422522,18.49083,-66.82,IBL,,passenger,NA,Animal_IBL
TK:4014:21,Puerto Rico,IBL 21-020,2020-11-16T09:00:00Z,"Animal # 0.00
Plant # 0.00",0,0,18.46916,-66.46222,IBL,,passenger,NA,Animal_IBL
TK:4013:21,Puerto Rico,IBL 21-019,2020-11-14T09:00:00Z,"Animal # 0.00
Plant # 0.00",0,0,18.46638,-66.19777,IBL,,passenger,NA,Animal_IBL
TK:4012:21,Puerto Rico,IBL 21-018,2020-11-12T09:00:00Z,"Animal # 0.00
Plant # 0.00",0,0,18.51081,-67.12742,IBL,,passenger,NA,Animal_IBL
TK:4011:21,Puerto Rico,IBL 21-017,2020-11-09T09:00:00Z,"Animal # 0.00
Plant # 0.00",0,0,18.49075,-66.60878,IBL,,passenger,NA,Animal_IBL
TK:3955:21,Puerto Rico,IBL 21-016,2020-11-07T09:00:00Z,"Animal # 0.00
Plant # 0.00",0,0,18.51561,-67.09407,IBL,,passenger,NA,Animal_IBL
TK:3941:21,Puerto Rico,IBL 21-015,2020-11-07T09:00:00Z,"Animal # 0.00
Plant # 0.00",0,0,18.42829,-65.83266,IBL,,passenger,NA,Animal_IBL
TK:2044:21,Puerto Rico,IBL 21-014,2020-11-03T09:00:00Z,"Animal # 8.00
Plant # 4.00",3.628736,1.814368,18.51562,-67.09545,IBL,,passenger,NA,Animal_IBL
TK:2027:21,Puerto Rico,IBL 21-013,2020-11-03T09:00:00Z,"Animal # 0.00
Plant # 0.00",0,0,17.99835,-67.20722,IBL,,passenger,NA,Animal_IBL
TK:2026:21,Puerto Rico,IBL 21-012,2020-11-01T09:00:00Z,"Animal # 0.00
Plant # 0.00",0,0,17.95406,-67.14621,IBL,,passenger,NA,Animal_IBL
TK:1680:21,Puerto Rico,IBL 21-011,2020-10-28T09:00:00Z,"Animal # 0.00
Plant # 0.00",0,0,18.48757,-66.43143,IBL,,passenger,NA,Animal_IBL
TK:1679:21,Puerto Rico,IBL 21-010,2020-10-28T09:00:00Z,"Animal # 0.00
Plant # 0.00",0,0,18.48835,-66.42599,IBL,,passenger,NA,Animal_IBL
TK:1677:21,Puerto Rico,IBL 21-009,2020-10-21T09:00:00Z,"Animal # 35.50 
Plant # 4.00",16.102516,1.814368,18.29202,-67.19831,IBL,,passenger,NA,Animal_IBL
TK:1676:21,Puerto Rico,IBL 21-008,2020-10-20T09:00:00Z,"Animal # 5.50
Plant # 0.00",2.4947559999999998,0,18.01292,-67.17034,IBL,,passenger,NA,Animal_IBL
TK:1563:21,Puerto Rico,IBL 21-007,2020-10-19T09:00:00Z,"Animal # 8.25
Plant # 4.75",3.742134,2.154562,18.48332,-66.90137,IBL,,passenger,NA,Animal_IBL
TK:1678:21,Puerto Rico,IBL 21-006,2020-10-18T09:00:00Z,"Animal # 29.75
Plant # 2.75",13.494362,1.2473779999999999,18.51392,-67.04611,IBL,,passenger,NA,Animal_IBL
TK:1290:21,Puerto Rico,IBL 21-005,2020-10-10T07:00:00Z,"Animal: 0.4 #
Plant: 2.00 #",0.1814368,0.907184,18.48329,-66.76535,IBL,,passenger,NA,Animal_IBL
TK:1264:21,Puerto Rico,IBL 21-004,2020-10-07T09:00:00Z,"Animal # 0.00
Plant # 0.00",0,0,18.47186,-66.2495,IBL,,passenger,NA,Animal_IBL
TK:1263:21,Puerto Rico,IBL 21-003,2020-10-06T09:00:00Z,"Animal # 12.00
Plant # 3.00",5.443104,1.360776,18.37444,-67.24372,IBL,,passenger,NA,Animal_IBL
TK:1262:21,Puerto Rico,IBL 21-002,2020-10-05T09:00:00Z,"Animal # 0.00
Plant # 5.00",0,2.26796,18.48539,-66.56569,IBL,,passenger,NA,Animal_IBL
TK:1261:21,Puerto Rico,IBL 21-001,2020-10-05T09:00:00Z,"Animal # 2.00
Plant # 1.00",0.907184,0.453592,18.49282,-66.62834,IBL,,passenger,NA,Animal_IBL
TK:1251:21,Puerto Rico,IBL 20-100,2020-09-29T09:00:00Z,"Animal # 0.00
Plant # 0.00",0,0,18.51231,-67.03539,IBL,,passenger,NA,Animal_IBL
TK:1249:21,Puerto Rico,IBL 20-099,2020-09-28T09:00:00Z,"Animal # 0.00
Plant # 0.00",0,0,18.0128,-67.17021,IBL,,passenger,NA,Animal_IBL
TK:1248:21,Puerto Rico,IBL 20-098,2020-09-28T09:00:00Z,"Animal # 0.00
Plant # 0.00",0,0,18.0128,-67.17021,IBL,,passenger,NA,Animal_IBL
TK:1089:21,Puerto Rico,IBL 20-097,2020-09-27T09:00:00Z,"Animal # 8.00
Plant # 0.00",3.628736,0,18.29199,-67.19832,IBL,,passenger,NA,Animal_IBL
TK:12937:20,Puerto Rico,IBL 20-095,2020-09-18T09:00:00Z,"Animal # 2.00
Plant # 0.50",0.907184,0.226796,18.29236,-67.1982,IBL,,passenger,NA,Animal_IBL
TK:12902:20,Puerto Rico,IBL 20-094,2020-09-17T09:00:00Z,"Animal # 7.50
Plant # 0.00",3.4019399999999997,0,17.97694,-67.21288,IBL,,passenger,NA,Animal_IBL
TK:12707:20,Puerto Rico,IBL 20-092,2020-09-07T09:00:00Z,"Animal # 0.00
Plant # 0.00",0,0,18.49251,-66.63197,IBL,,passenger,NA,Animal_IBL
TK:12706:20,Puerto Rico,IBL 20-091,2020-09-06T09:00:00Z,"Animal # 5.00
Plant # 1.50",2.26796,0.680388,18.292,-67.19833,IBL,,passenger,NA,Animal_IBL
TK:12627:20,Puerto Rico,IBL 20-088,2020-08-31T09:00:00Z,"Animal # 6.00
Plant # 1.00",2.721552,0.453592,17.99262,-66.79133,IBL,,passenger,NA,Animal_IBL
TK:12626:20,Puerto Rico,IBL 20-087,2020-08-30T09:00:00Z,"Animal # 0.00
Plant # 0.00",0,0,18.48795,-66.55145,IBL,,passenger,NA,Animal_IBL
TK:12624:20,Puerto Rico,IBL 20-086,2020-08-30T09:00:00Z,"Animal # 26.50
Plant # 0.00",12.020188,0,18.49235,-66.96717,IBL,,passenger,NA,Animal_IBL
TK:12625:20,Puerto Rico,IBL 20-085,2020-08-28T09:00:00Z,"Animal # 0.00
Plant # 0.00",0,0,18.2921,-67.19843,IBL,,passenger,NA,Animal_IBL
TK:12622:20,Puerto Rico,IBL 20-084,2020-08-28T09:00:00Z,"Animal # 14.00
Plant # 0.00",6.350288,0,18.48319,-66.52907,IBL,,passenger,NA,Animal_IBL
TK:12601:20,Puerto Rico,IBL 20-083,2020-08-28T09:00:00Z,"Animal # 5.00
Plant # 2.00",2.26796,0.907184,18.50842,-67.02417,IBL,,passenger,NA,Animal_IBL
TK:12603:20,Puerto Rico,IBL 20-082,2020-08-27T01:00:00Z,"Animal # 0.00
Plant # 0.00",0,0,18.40966,-67.16834,IBL,,passenger,NA,Animal_IBL
TK:12604:20,Puerto Rico,IBL 20-081,2020-08-27T09:00:00Z,"Animal # 13.00
Plant # 3.50",5.896696,1.587572,18.29198,-67.19834,IBL,,passenger,NA,Animal_IBL
TK:12384:20,Puerto Rico,IBL 20-080,2020-08-21T09:00:00Z,"Animal # 0.00
Plant # 0.00",0,0,18.46854,-66.19985,IBL,,passenger,NA,Animal_IBL
TK:12383:20,Puerto Rico,IBL 20-079,2020-08-19T09:00:00Z,"Animal # 49.50
Plant # 3.50",22.452804,1.587572,18.45775,-67.16419,IBL,,passenger,NA,Animal_IBL
TK:12382:20,Puerto Rico,IBL 20-078,2020-08-19T09:00:00Z,"Animal # 3.00
Plant # 3.00",1.360776,1.360776,18.29204,-67.1983,IBL,,passenger,NA,Animal_IBL
TK:12594:20,Puerto Rico,IBL 20-077,2020-08-15T09:00:00Z,"Animal # 23.50
Plant # 1.50",10.659412,0.680388,18.51563,-67.09669,IBL,,passenger,NA,Animal_IBL
TK:12103:20,Puerto Rico,IBL 20-076,2020-08-11T09:00:00Z,"Animal # 28.25
Plant # 1.75",12.813974,0.793786,18.41012,-67.16734,IBL,,passenger,NA,Animal_IBL
TK:12101:20,Puerto Rico,IBL 20-075,2020-08-07T09:00:00Z,"Animal # 0.00
Plant # 0.00",0,0,18.5142,-67.05816,IBL,,passenger,NA,Animal_IBL
TK:12095:20,Puerto Rico,IBL 20-074,2020-08-07T09:00:00Z,"Animal # 0.00
Plant # 3.25",0,1.474174,18.37488,-67.24126,IBL,,passenger,NA,Animal_IBL
TK:12094:20,Puerto Rico,IBL 20-073,2020-08-07T09:00:00Z,"Animal # 9.25
Plant # 0.75",4.195726,0.340194,18.01275,-67.17015,IBL,,passenger,NA,Animal_IBL
TK:12083:20,Puerto Rico,IBL 20-072,2020-08-07T09:00:00Z,"Animal # 0.75
Plant # 2.00",0.340194,0.907184,17.96531,-67.17863,IBL,,passenger,NA,Animal_IBL
TK:11978:20,Puerto Rico,IBL 20-071,2020-08-04T09:00:00Z,"Animal # 15.50
Plant # 0.50",7.030676,0.226796,18.46899,-66.46927,IBL,,passenger,NA,Animal_IBL
TK:11973:20,Puerto Rico,IBL 20-070,2020-08-03T09:00:00Z,"Animal # 3.5
Plant # 3.5",1.587572,1.587572,18.49275,-66.96958,IBL,,passenger,NA,Animal_IBL
TK:11683:20,Puerto Rico,IBL 20-069,2020-07-22T09:00:00Z,"Animal # 0.00
Plant # 0.00",0,0,18.3667,-67.26875,IBL,,passenger,NA,Animal_IBL
TK:11726:20,Puerto Rico,IBL 20-068,2020-07-22T09:00:00Z,"Animal # 24.50
Plant # 9.50",11.113004,4.309124,18.29199,-67.19831,IBL,,passenger,NA,Animal_IBL
TK:11727:20,Puerto Rico,IBL 20-067,2020-07-20T09:00:00Z,"Animal # 0.00
Plant # 0.25",0,0.113398,18.50263,-67.14522,IBL,,passenger,NA,Animal_IBL
TK:11728:20,Puerto Rico,IBL 20-066,2020-07-18T09:00:00Z,"Animal # 5.00
Plant # 1.00",2.26796,0.453592,18.48693,-67.16461,IBL,,passenger,NA,Animal_IBL
TK:11684:20,Puerto Rico,IBL 20-065,2020-07-18T09:00:00Z,"Animal # 6.50
Plant # 1.00",2.948348,0.453592,18.04625,-67.19985,IBL,,passenger,NA,Animal_IBL
TK:11738:20,Puerto Rico,IBL 20-064,2020-07-17T01:00:00Z,"Animal # 0.00
Plant # 0.50",0,0.226796,18.29218,-67.19839,IBL,,passenger,NA,Animal_IBL
TK:11406:20,Puerto Rico,IBL 20-063,2020-07-11T07:00:00Z,No product recovered,NA,NA,18.49172,-67.15387,IBL,,passenger,NA,Animal_IBL
TK:8738:21,Puerto Rico,IBL 20-062,2020-07-08T09:00:00Z,"Animal # 0.00
Plant # 0.00",0,0,18.01275,-67.17016,IBL,,passenger,NA,Animal_IBL
TK:11459:20,Puerto Rico,IBL 20-061,2020-07-04T07:00:00Z,"Animal #3.5
Plant #2.5",1.587572,1.13398,18.292,-67.19848,IBL,,passenger,NA,Animal_IBL
TK:11460:20,Puerto Rico,IBL 20-060,2020-07-03T07:00:00Z,"Animal #8.0
Plant #1.0",3.628736,0.453592,18.37487,-67.24122,IBL,,passenger,NA,Animal_IBL
TK:11408:20,Puerto Rico,IBL 20-059,2020-07-02T07:00:00Z,"Animal #30
Plant #2",13.607759999999999,0.907184,18.50804,-67.1345,IBL,,passenger,NA,Animal_IBL
TK:11411:20,Puerto Rico,IBL 20-058,2020-07-01T07:00:00Z,"Animal #21.5
Plant #1.5",9.752228,0.680388,17.94878,-66.91134,IBL,,passenger,NA,Animal_IBL
TK:11415:20,Puerto Rico,IBL 20-057,2020-07-01T07:00:00Z,"Animal #4
Plant #15",1.814368,6.8038799999999995,18.29199,-67.19832,IBL,,passenger,NA,Animal_IBL
TK:11423:20,Puerto Rico,IBL 20-056,2020-06-30T07:00:00Z,Animal #1.00,0.453592,NA,18.36839,-67.26471,IBL,,passenger,NA,Animal_IBL
TK:11424:20,Puerto Rico,IBL 20-055,2020-06-29T07:00:00Z,"Animal #2.5
Plant #0.50",1.13398,0.226796,18.04918,-65.83354,IBL,,passenger,NA,Animal_IBL
TK:11432:20,Puerto Rico,IBL 20-054,2020-06-28T07:00:00Z,"Animal #10.5
Plant # 1.5",4.762716,0.680388,17.97909,-66.62029,IBL,,passenger,NA,Animal_IBL
TK:11433:20,Puerto Rico,IBL 20-053,2020-06-25T07:00:00Z,No product recovered,NA,NA,18.44518,-65.92065,IBL,,passenger,NA,Animal_IBL
TK:11434:20,Puerto Rico,IBL 20-052,2020-06-24T07:00:00Z,"Animal #9.5
Plant #1.5",4.309124,0.680388,18.46891,-66.46692,IBL,,passenger,NA,Animal_IBL
TK:11436:20,Puerto Rico,IBL 20-051,2020-06-19T07:00:00Z,"Animal #0.0
Plant #3.5",0,1.587572,18.4692,-66.46311,IBL,,passenger,NA,Animal_IBL
TK:11466:20,Puerto Rico,IBL 20-050,2020-06-18T07:00:00Z,No products recovered,NA,NA,18.49625,-67.15131,IBL,,passenger,NA,Animal_IBL
TK:11467:20,Puerto Rico,IBL 20-049,2020-06-12T07:00:00Z,No products recovered,NA,NA,18.49035,-67.15642,IBL,,passenger,NA,Animal_IBL
TK:11468:20,Puerto Rico,IBL 20-048,2020-06-11T07:00:00Z,"Animal #0.0
Plant #1.5",0,0.680388,18.29203,-67.19853,IBL,,passenger,NA,Animal_IBL
TK:10869:20,Puerto Rico,IBL 20-047,2020-06-09T09:00:00Z,"Animal #10.5
Plant 3.0",4.762716,1.360776,18.29203,-67.19853,IBL,,passenger,NA,Animal_IBL
TK:11470:20,Puerto Rico,IBL 20-046,2020-06-08T07:00:00Z,"Animal #18.5
Plant #2.0",8.391452,0.907184,18.48616,-66.89031,IBL,,passenger,NA,Animal_IBL
TK:11480:20,Puerto Rico,IBL 20-045,2020-05-28T07:00:00Z,"Animal #25.40
Plant#12.60",11.521236799999999,5.7152592,17.99194,-67.21316,IBL,,passenger,NA,Animal_IBL
TK:11198:20,Puerto Rico,IBL 20-044,2020-05-25T09:00:00Z,"Animal #0.0
Plant #2.0",0,0.907184,18.36099,-67.27076,IBL,,passenger,NA,Animal_IBL
TK:10372:20,Puerto Rico,IBL 20-043,2020-05-23T08:00:00Z,No products recovered,NA,NA,18.48475,-66.35203,IBL,,passenger,NA,Animal_IBL
TK:10049:20,Puerto Rico,IBL 20-042,2020-05-15T07:00:00Z,no products recovered,NA,NA,18.36254,-67.27121,IBL,,passenger,NA,Animal_IBL
TK:10048:20,Puerto Rico,IBL 20-041,2020-05-13T07:00:00Z,plant products #30,NA,13.607759999999999,17.96522,-67.17421,IBL,,passenger,NA,Animal_IBL
TK:10040:20,Puerto Rico,IBL 20-040,2020-05-12T07:00:00Z,animal # 32,14.514944,NA,17.96528,-67.17428,IBL,,passenger,NA,Animal_IBL
TK:9429:20,Puerto Rico,IBL 20-039,2020-04-27T09:00:00Z,"Animal # 7.50
Plant # 2.00",3.4019399999999997,0.907184,18.48714,-66.54874,IBL,,passenger,NA,Animal_IBL
TK:7680:20,Puerto Rico,IBL 20-038,2020-03-25T09:00:00Z,"Animal # 0.00
Plant # 0.00",0,0,17.94523,-67.19368,IBL,,passenger,NA,Animal_IBL
TK:7477:20,Puerto Rico,IBL 20-037,2020-03-18T09:00:00Z,"Animal # 3.00
Plant # 2.20",1.360776,0.9979024000000001,17.96277,-67.20927,IBL,,passenger,NA,Animal_IBL
TK:7146:20,Puerto Rico,IBL 20-036,2020-03-06T06:00:00Z,"Animal: 1.00#
Plant: 4.80 #",0.453592,2.1772416,18.3767,-67.2369,IBL,,passenger,NA,Animal_IBL
TK:7262:20,Puerto Rico,IBL 20-035,2020-03-06T09:00:00Z,"Animal # 0.00
Plant # 1.00",0,0.453592,17.99638,-67.20927,IBL,,passenger,NA,Animal_IBL
TK:6740:20,Puerto Rico,IBL 20-034,2020-03-04T09:00:00Z,"Animal # 0.00
Plant # 0.00",0,0,18.51274,-67.12008,IBL,,passenger,NA,Animal_IBL
TK:6724:20,Puerto Rico,IBL 20-033,2020-03-04T09:00:00Z,"Animal # 0.00
Plant # 0.00",0,0,17.93148,-67.18469,IBL,,passenger,NA,Animal_IBL
TK:6714:20,Puerto Rico,IBL 20-032,2020-03-03T09:00:00Z,"Animal # 7.00
Plant # 1.00",3.175144,0.453592,18.29209,-67.19844,IBL,,passenger,NA,Animal_IBL
TK:6712:20,Puerto Rico,IBL 20-031,2020-03-02T09:00:00Z,"Animal # 1.5
Plant # 1.5",0.680388,0.680388,17.9907,-67.21295,IBL,,passenger,NA,Animal_IBL
TK:6552:20,Puerto Rico,IBL 20-030,2020-02-24T04:30:00Z,"Animal: 0.00#
Plant: 0.00#",0,0,18.31174,-67.24149,IBL,,passenger,NA,Animal_IBL
TK:5686:20,Puerto Rico,IBL 20-029,2020-01-30T09:00:00Z,"Animal # 6.00
Plant # 0.50",2.721552,0.226796,18.46267,-67.16767,IBL,,passenger,NA,Animal_IBL
TK:5685:20,Puerto Rico,IBL 20-028,2020-01-31T09:00:00Z,"Animal # 0.00
Plant # 0.00",0,0,18.36845,-67.26442,IBL,,passenger,NA,Animal_IBL
TK:5456:20,Puerto Rico,IBL 20-027,2020-01-27T09:00:00Z,"Animal # 0.00
Plant # 0.00",0,0,18.34912,-67.26376,IBL,,passenger,NA,Animal_IBL
TK:5458:20,Puerto Rico,IBL 20-026,2020-01-08T09:00:00Z,"Animal # 0.00
Plant # 0.00",0,0,18.37345,-67.24686,IBL,,passenger,NA,Animal_IBL
TK:5480:20,Puerto Rico,IBL 20-025,2020-01-06T09:00:00Z,"Animal # 0.00
Plant # 12.5",0,5.6699,18.37814,-67.22814,IBL,,passenger,NA,Animal_IBL
TK:5334:20,Puerto Rico,IBL 20-024,2019-12-26T09:00:00Z,"Animal # 0.00
Plant # 0.00",0,0,18.35388,-67.26799,IBL,,passenger,NA,Animal_IBL
TK:5777:20,Puerto Rico,IBL 20-023,2019-12-27T06:00:00Z,"Animal: 16.00#
Plant: 14.00#",7.257472,6.350288,18.04141,-67.20485,IBL,,passenger,NA,Animal_IBL
TK:5773:20,Puerto Rico,IBL 20-022,2019-12-27T06:00:00Z,"Animal: 0.00#
Plant: 0.00#",0,0,18.01294,-67.17038,IBL,,passenger,NA,Animal_IBL
TK:5332:20,Puerto Rico,IBL 20-021,2019-12-25T09:00:00Z,"Animal # 0.00
Plant # 0.00",0,0,18.31886,-65.28299,IBL,,passenger,NA,Animal_IBL
TK:3896:20,Puerto Rico,IBL 20-020,2019-12-18T09:00:00Z,"Animal # 0.00
Plant# 0.00",0,0,18.40385,-67.1815,IBL,,passenger,NA,Animal_IBL
TK:4006:20,Puerto Rico,IBL 20-019,2019-12-10T06:00:00Z,"Animal: 25.00#
Plant: 5.50#",11.3398,2.4947559999999998,18.01279,-67.17014,IBL,,passenger,NA,Animal_IBL
TK:3704:20,Puerto Rico,IBL 20-018,2019-12-10T06:00:00Z,"Animal: 12.00#
Plant: 8.00#",5.443104,3.628736,17.94693,-67.19026,IBL,,passenger,NA,Animal_IBL
TK:3703:20,Puerto Rico,IBL 20-017,2019-12-10T04:00:00Z,"Animal: 3.50#
Plant: 5.00#",1.587572,2.26796,18.29223,-67.19837,IBL,,passenger,NA,Animal_IBL
TK:4005:20,Puerto Rico,IBL 20-016,2019-12-08T06:00:00Z,"Animal: 0.00#
Plant: 0.50#",0,0.226796,18.29236,-67.199700000000007,IBL,,passenger,NA,Animal_IBL
TK:3701:20,Puerto Rico,IBL 20-015,2019-12-06T06:00:00Z,"Animal: 2.00#
Plant: 15.00#",0.907184,6.8038799999999995,18.42519,-65.83094,IBL,,passenger,NA,Animal_IBL
TK:3700:20,Puerto Rico,IBL 20-014,2019-11-30T06:00:00Z,"Animal: 0.00#
Plant: 0.50#",0,0.226796,18.38454,-67.21253,IBL,,passenger,NA,Animal_IBL
TK:3698:20,Puerto Rico,IBL 20-013,2019-11-28T10:00:00Z,"Animal: 9.50#
Plant: 5.50#",4.309124,2.4947559999999998,17.94071,-67.19275,IBL,,passenger,NA,Animal_IBL
TK:3244:20,Puerto Rico,IBL 20-012,2019-11-17T10:00:00Z,"Animal: 3.00#
Plant: 1.00#",1.360776,0.453592,17.95114,-67.13503,IBL,,passenger,NA,Animal_IBL
TK:3236:20,Puerto Rico,IBL 20-011,2019-11-13T10:00:00Z,"Animal: 7.00#
Plant: 1.00#",3.175144,0.453592,17.9523,-67.13629,IBL,,passenger,NA,Animal_IBL
TK:3243:20,Puerto Rico,IBL 20-010,2019-11-12T10:00:00Z,"Animal: 0.00#
Plant: 0.00#",0,0,18.46906,-66.46057,IBL,,passenger,NA,Animal_IBL
TK:3235:20,Puerto Rico,IBL 20-009,2019-11-04T10:00:00Z,"Animal: 0.00#
Plant: 0.00#",0,0,17.94193,-66.20183,IBL,,passenger,NA,Animal_IBL
TK:3234:20,Puerto Rico,IBL 20-008,2019-11-01T10:00:00Z,"Animal: 0.00#
Plant: 0.00#",0,0,17.97941,-66.62004,IBL,,passenger,NA,Animal_IBL
TK:3242:20,Puerto Rico,IBL 20-007,2019-10-24T10:00:00Z,"Animal: 0.00#
Plant: 0.00#",0,0,18.51321,-67.04192,IBL,,passenger,NA,Animal_IBL
TK:3088:20,Puerto Rico,IBL 20-006,2019-10-19T09:00:00Z,"Animal # 0.00
Plant # 9.00",0,4.082328,18.48478,-66.58751,IBL,,passenger,NA,Animal_IBL
TK:3087:20,Puerto Rico,IBL 20-005,2019-10-15T09:00:00Z,"Animal # 0.50
Plant #1.00",0.226796,0.453592,18.29206,-67.19853,IBL,,passenger,NA,Animal_IBL
TK:2185:20,Puerto Rico,IBL 20-004,2019-10-11T10:00:00Z,"Animal: 3.4#
Plant: 6.4#",1.5422128,2.9029888,18.29208,-67.19845,IBL,,passenger,NA,Animal_IBL
TK:3086:20,Puerto Rico,IBL 20-003,2019-10-11T09:00:00Z,"Animal # 0.00
Plant # 4.00",0,1.814368,18.46941,-66.47157,IBL,,passenger,NA,Animal_IBL
TK:3083:20,Puerto Rico,IBL 20-002,2019-10-08T09:00:00Z,"Animal # 0.00
Plant # 0.00",0,0,18.48847,-67.1629,IBL,,passenger,NA,Animal_IBL
TK:3080:20,Puerto Rico,IBL 20-001,2019-10-05T09:00:00Z,"Animal # 16.00 
Plant # 0.00",7.257472,0,18.48088,-66.70169,IBL,,passenger,NA,Animal_IBL
TK:3078:20,Puerto Rico,IBL 19-108,2019-10-02T09:00:00Z,"Animal # 12.5
Plant # 5.5",5.6699,2.4947559999999998,18.29157,-67.19751,IBL,,passenger,NA,Animal_IBL
TK:3077:20,Puerto Rico,IBL 19-107,2019-09-30T09:00:00Z,"Animal # 0.00
Plant # 0.00",0,0,18.01279,-67.17018,IBL,,passenger,NA,Animal_IBL
TK:3076:20,Puerto Rico,IBL 19-106,2019-09-20T09:00:00Z,"Animal # 0.00
Plant # 0.00",0,0,17.97803,-67.21301,IBL,,passenger,NA,Animal_IBL
TK:3075:20,Puerto Rico,IBL 19-105,2019-09-15T09:00:00Z,"Animal # 0.00
Plant # 0.00",0,0,18.05448,-67.20128,IBL,,passenger,NA,Animal_IBL
TK:3081:20,Puerto Rico,IBL 19-104,2019-09-14T10:00:00Z,"Animal: 0.00#
Plant: 0.00#",0,0,18.5126,-67.1186,IBL,,passenger,NA,Animal_IBL
TK:3085:20,Puerto Rico,IBL 19-103,2019-09-13T10:00:00Z,"Animal: 10.0 #
Plant: 14.0 #",4.53592,6.350288,18.42554,-67.15519,IBL,,passenger,NA,Animal_IBL
TK:3084:20,Puerto Rico,IBL 19-102,2019-09-12T10:00:00Z,"Animal: 12.50 #
Plant: 11.00 #",5.6699,4.9895119999999995,18.48759,-66.77266,IBL,,passenger,NA,Animal_IBL
TK:3082:20,Puerto Rico,IBL 19-101,2019-09-10T10:00:00Z,"Animal: 0.00#
Plant: 5.50#",0,2.4947559999999998,18.05493,-67.20118,IBL,,passenger,NA,Animal_IBL
TK:3079:20,Puerto Rico,IBL 19-100,2019-09-10T10:00:00Z,"Animal: 4.00 #
Plant: 0.50 #",1.814368,0.226796,18.01271,-67.17015,IBL,,passenger,NA,Animal_IBL
TK:2260:20,Puerto Rico,IBL 19-099,2019-09-10T10:00:00Z,"Animal: 6.50#
Plant: 0.00#",2.948348,0,18.29215,-67.19844,IBL,,passenger,NA,Animal_IBL
TK:2259:20,Puerto Rico,IBL 19-098,2019-09-08T10:00:00Z,"Animal: 0.00#
Plant: 0.00#",0,0,18.37239,-67.25108,IBL,,passenger,NA,Animal_IBL
TK:22536:19,Puerto Rico,IBL 19-097,2019-09-06T10:00:00Z,"Animal: 4.6 #
Plant: 2.0 #",2.0865232,0.907184,17.97191,-66.92709,IBL,,passenger,NA,Animal_IBL
TK:22534:19,Puerto Rico,IBL 19-096,2019-09-05T10:00:00Z,"Animal: 0.00 #
Plant: 4.00 #",0,1.814368,18.3635,-67.27062,IBL,,passenger,NA,Animal_IBL
TK:2258:20,Puerto Rico,IBL 19-095,2019-09-02T10:00:00Z,"Animal: 1.10#
Plant: 0.00#",0.49895120000000004,0,18.34426,-67.25991,IBL,,passenger,NA,Animal_IBL
TK:2331:20,Puerto Rico,IBL 19-094,2019-08-27T10:00:00Z,"Animal: 0.00
Plant: 0.00",0,0,18.0796,-67.93765,IBL,,passenger,NA,Animal_IBL
TK:2257:20,Puerto Rico,IBL 19-093,2019-08-26T10:00:00Z,"Animal: 0.00#
Plant: 7.00#",0,3.175144,18.40176,-67.18477,IBL,,passenger,NA,Animal_IBL
TK:22533:19,Puerto Rico,IBL 19-092,2019-08-23T10:00:00Z,"Animal: 5.4#
Plant: 1.0#",2.4493968,0.453592,17.96308,-67.21452,IBL,,passenger,NA,Animal_IBL
TK:2222:20,Puerto Rico,IBL 19-091,2019-08-26T10:00:00Z,"Animal: 19.00#
Plant: 7.50#",8.618248,3.4019399999999997,18.41919,-67.15661,IBL,,passenger,NA,Animal_IBL
TK:2217:20,Puerto Rico,IBL 19-089,2019-08-25T10:00:00Z,"Animal: 14.50#
Plant: 30.00#",6.577084,13.607759999999999,18.01281,-67.1702,IBL,,passenger,NA,Animal_IBL
TK:2198:20,Puerto Rico,IBL 19-087,2019-08-15T10:00:00Z,"Animal: 3.60#
Plant: 1.60#",1.6329312,0.7257472,18.05682,-67.20161,IBL,,passenger,NA,Animal_IBL
TK:2190:20,Puerto Rico,IBL 19-086,2019-08-14T09:00:00Z,"Animal # 0.00
Plant # 1.00",0,0.453592,18.51234,-67.1057,IBL,,passenger,NA,Animal_IBL
TK:22532:19,Puerto Rico,IBL 19-085,2019-08-13T10:00:00Z,"Animal: 15.8#
Plant: 0.00",7.1667536,0,18.29211,-67.19845,IBL,,passenger,NA,Animal_IBL
TK:22530:19,Puerto Rico,IBL 19-083,2019-08-09T10:00:00Z,"Animal: 6.00#
Plant: 21.6#",2.721552,9.7975872,18.51569,-67.08908,IBL,,passenger,NA,Animal_IBL
TK:22528:19,Puerto Rico,IBL 19-082,2019-08-09T10:00:00Z,"Animal: 6.25#
Plant: 4.15#",2.83495,1.8824068,18.37541,-67.24016,IBL,,passenger,NA,Animal_IBL
TK:22523:19,Puerto Rico,IBL 19-081,2019-08-03T10:00:00Z,"Animal: 8.00#
Plant: 5.6#",3.628736,2.5401152,18.51419,-67.0545,IBL,,passenger,NA,Animal_IBL
TK:22518:19,Puerto Rico,IBL 19-080,2019-07-29T10:00:00Z,"Animal: 1.00#
Plant: 5.4#",0.453592,2.4493968,18.36592,-67.26967,IBL,,passenger,NA,Animal_IBL
TK:21439:19,Puerto Rico,IBL 19-079,2019-07-24T10:00:00Z,"Animal: 0.0625 #
Plant: 8.9375",0.0283495,4.0539785,18.01313,-67.17051,IBL,,passenger,NA,Animal_IBL
TK:21419:19,Puerto Rico,IBL 19-078,2019-07-23T10:00:00Z,"Animal: 0.00 #
Plant: 5.00 #",0,2.26796,18.51291,-67.04041,IBL,,passenger,NA,Animal_IBL
TK:18795:19,Puerto Rico,IBL 19-077,2019-07-12T09:00:00Z,"Animal # 27.00
Plant # 1.00",12.246984,0.453592,18.51035,-67.0207,IBL,,passenger,NA,Animal_IBL
TK:2191:20,Puerto Rico,IBL 19-076,2019-07-10T10:00:00Z,"Animal: 12.50 #
Plant: 12.50 #",5.6699,5.6699,18.29244,-67.19801,IBL,,passenger,NA,Animal_IBL
TK:2189:20,Puerto Rico,IBL 19-075,2019-07-09T09:00:00Z,"Animal # 3.00
Plant #10.30",1.360776,4.6719976,18.29233,-67.19802,IBL,,passenger,NA,Animal_IBL
TK:2188:20,Puerto Rico,IBL 19-074,2019-07-05T09:00:00Z,"Animal # 4.00
Plant #0.00",1.814368,0,18.29214,-67.19855,IBL,,passenger,NA,Animal_IBL
TK:19075:19,Puerto Rico,IBL 19-072,2019-06-27T10:00:00Z,"Animal: 0 #
Plant: 0.5 #",0,0.226796,18.51259,-67.11884,IBL,,passenger,NA,Animal_IBL
TK:18810:19,Puerto Rico,IBL 19-071,2019-06-27T10:00:00Z,"Animal # 0.00
Plant # 0.00",0,0,18.05939,-67.20049,IBL,,passenger,NA,Animal_IBL
TK:18794:19,Puerto Rico,IBL 19-070,2019-06-26T09:00:00Z,"Animal # 0.00
Plant # 0.40",0,0.1814368,17.95325,-67.21264,IBL,,passenger,NA,Animal_IBL
TK:2186:20,Puerto Rico,IBL 19-068,2019-06-06T09:00:00Z,"Animal # 0.00
Plant # 0.00",0,0,18.4046,-67.17961,IBL,,passenger,NA,Animal_IBL
TK:16229:19,Puerto Rico,IBL 19-067,2019-06-06T09:00:00Z,"Animal # 0.00
Plant # 0.00",0,0,18.51079,-67.12806,IBL,,passenger,NA,Animal_IBL
TK:15905:19,Puerto Rico,IBL 19-066,2019-05-30T09:00:00Z,"Animal # 10.00
Plant # 25.00",4.53592,11.3398,18.29358,-67.20505,IBL,,passenger,NA,Animal_IBL
TK:15897:19,Puerto Rico,IBL 19-065,2019-05-28T09:00:00Z,"Animal # 0.00
Plant # 0.00",0,0,18.35125,-67.26595,IBL,,passenger,NA,Animal_IBL
TK:15893:19,Puerto Rico,IBL 19-064,2019-05-28T09:00:00Z,"Animal # 0.00
Plant # 0.00",0,0,18.16639,-67.184,IBL,,passenger,NA,Animal_IBL
TK:15886:19,Puerto Rico,IBL 19-063,2019-05-25T09:00:00Z,"Animal # 0.00
Plant # 1.00",0,0.453592,18.37645,-67.2381,IBL,,passenger,NA,Animal_IBL
TK:15885:19,Puerto Rico,IBL 19-062,2019-05-25T09:00:00Z,"Animal # 0.00
Plant # 0.00",0,0,18.51097,-67.12667,IBL,,passenger,NA,Animal_IBL
TK:15884:19,Puerto Rico,IBL 19-061,2019-05-23T09:00:00Z,"Animal # 16.50
Plant # 24.50",7.484268,11.113004,18.01314,-67.16972,IBL,,passenger,NA,Animal_IBL
TK:15881:19,Puerto Rico,IBL 19-060,2019-05-20T09:00:00Z,"Animal # 0.00
Plant # 15.00",0,6.8038799999999995,18.5032,-67.14439,IBL,,passenger,NA,Animal_IBL
TK:15880:19,Puerto Rico,IBL 19-059,2019-05-15T09:00:00Z,"Animal # 0.00
Plant # 0.00",0,0,18.498,-67.15,IBL,,passenger,NA,Animal_IBL
TK:15875:19,Puerto Rico,IBL 19-058,2019-05-12T09:00:00Z,"Animal # 4.50
Plant # 2.00",2.041164,0.907184,18.33487,-67.25344,IBL,,passenger,NA,Animal_IBL
TK:15874:19,Puerto Rico,IBL 19-057,2019-05-01T09:00:00Z,"Animal # 0.00
Plant # 0.00",0,0,18.3205,-65.25598,IBL,,passenger,NA,Animal_IBL
TK:15873:19,Puerto Rico,IBL 19-056,2019-04-28T09:00:00Z,"Animal # 0.00
Plant # 0.00",0,0,18.48993,-67.1577,IBL,,passenger,NA,Animal_IBL
TK:15869:19,Puerto Rico,IBL 19-055,2019-04-25T09:00:00Z,"Animal # 0.00
Plant # 11.00",0,4.9895119999999995,18.46884,-66.45773,IBL,,passenger,NA,Animal_IBL
TK:15868:19,Puerto Rico,IBL 19-054,2019-04-18T09:00:00Z,"Animal # 0.50
Plant # 0.50",0.226796,0.226796,18.47744,-66.51251,IBL,,passenger,NA,Animal_IBL
TK:15867:19,Puerto Rico,IBL 19-053,2019-04-17T09:00:00Z,"Animal # 0.00
Plant # 0.00",0,0,18.29224,-67.19849,IBL,,passenger,NA,Animal_IBL
TK:15863:19,Puerto Rico,IBL 19-052,2019-04-12T09:00:00Z,"Animal # 0.00
Plant # 2.20",0,0.9979024000000001,18.48978,-66.60471,IBL,,passenger,NA,Animal_IBL
TK:10631:19,Puerto Rico,IBL 19-051,2019-03-31T09:00:00Z,"Animal # 4.00
Plant # 15.00",1.814368,6.8038799999999995,18.33431,-67.25329,IBL,,passenger,NA,Animal_IBL
TK:9721:19,Puerto Rico,IBL 19-050,2019-03-29T09:00:00Z,"Animal # 0.00
Plant # 0.00",0,0,18.48393,-66.52746,IBL,,passenger,NA,Animal_IBL
TK:9259:19,Puerto Rico,IBL 19-049,2019-03-23T09:00:00Z,"Animal # 0.00
Plant # 0.00",0,0,18.40278,-67.18361,IBL,,passenger,NA,Animal_IBL
TK:10645:19,Puerto Rico,IBL 19-048,2019-03-22T09:00:00Z,"Animal# 0.00
Plant # 0.00",0,0,18.08351,-67.94562,IBL,,passenger,NA,Animal_IBL
TK:9258:19,Puerto Rico,IBL 19-047,2019-03-21T09:00:00Z,"Animal # 14.00
Plant # 4.00",6.350288,1.814368,18.49117,-67.15475,IBL,,passenger,NA,Animal_IBL
TK:10636:19,Puerto Rico,IBL 19-046,2019-03-21T09:00:00Z,"Animal # 0.00
Plant # 0.00",0,0,18.48527,-66.91833,IBL,,passenger,NA,Animal_IBL
TK:9253:19,Puerto Rico,IBL 19-045,2019-03-18T09:00:00Z,"Animal # 0.00
Plant # 0.00",0,0,18.29235,-67.19826,IBL,,passenger,NA,Animal_IBL
TK:10638:19,Puerto Rico,IBL 19-044,2019-03-06T09:00:00Z,"Animal # 0.00
Plant # 0.00",0,0,18.37081,-67.25699,IBL,,passenger,NA,Animal_IBL
TK:7903:19,Puerto Rico,IBL 19-043,2019-02-09T09:00:00Z,"Animal # 4.20
Plant # 0.20",1.9050864,0.0907184,18.48653,-67.16486,IBL,,passenger,NA,Animal_IBL
TK:7897:19,Puerto Rico,IBL 19-042,2019-02-09T09:00:00Z,"Animal # 2.00
Plant # 0.70",0.907184,0.3175144,18.09198,-67.19866,IBL,,passenger,NA,Animal_IBL
TK:10639:19,Puerto Rico,IBL 19-041,2019-02-07T09:00:00Z,"Animal # 0.00
Plant # 0.00",0,0,18.36546,-67.2697,IBL,,passenger,NA,Animal_IBL
TK:7853:19,Puerto Rico,IBL 19-040,2019-02-06T09:00:00Z,"Animal # 0.00
Plants # 0.00",0,0,18.46993,-66.45229,IBL,,passenger,NA,Animal_IBL
TK:10641:19,Puerto Rico,IBL 19-039,2019-02-03T09:00:00Z,"Animal # 0.00
Plant # 0.00",0,0,18.36627,-67.26937,IBL,,passenger,NA,Animal_IBL
TK:7893:19,Puerto Rico,IBL 19-038,2019-02-02T09:00:00Z,"Animal # 0.00
Plant # 0.00",0,0,17.94883,-66.91139,IBL,,passenger,NA,Animal_IBL
TK:7850:19,Puerto Rico,IBL 19-037,2019-01-29T16:30:00Z,"Animal # 5.00
Plant # 0.10",2.26796,0.0453592,18.49084,-66.61127,IBL,,passenger,NA,Animal_IBL
TK:7890:19,Puerto Rico,IBL 19-036,2019-01-29T09:00:00Z,"Animal # 9.50
Plant # 3.90",4.309124,1.7690088,18.01286,-67.16995,IBL,,passenger,NA,Animal_IBL
TK:6574:19,Puerto Rico,IBL 19-035,2019-01-28T06:00:00Z,No animal or other products found.,NA,NA,18.43786,-65.87702,IBL,,passenger,NA,Animal_IBL
TK:7882:19,Puerto Rico,IBL 19-034,2019-01-22T09:00:00Z,"Animal # 2.50
Plant # 1.00",1.13398,0.453592,18.29217,-67.19837,IBL,,passenger,NA,Animal_IBL
TK:5867:19,Puerto Rico,IBL 19-032,2019-01-15T11:00:00Z,"Animal # 0.00
Plant # 1.00",0,0.453592,18.43242,-65.83697,IBL,,passenger,NA,Animal_IBL
TK:6766:19,Puerto Rico,IBL 19-030,2019-01-10T09:00:00Z,"Animal # 4.00
Plant # 2.00",1.814368,0.907184,18.39408,-67.19265,IBL,,passenger,NA,Animal_IBL
TK:6765:19,Puerto Rico,IBL 19-029,2019-01-08T09:00:00Z,"Animal # 0.00
Plant # 0.00",0,0,18.47248,-67.16894,IBL,,passenger,NA,Animal_IBL
TK:7542:19,Puerto Rico,IBL 19-028,2018-12-26T09:00:00Z,"Animal # 0.00
Plant # 0.00",0,0,17.96625,-66.80601,IBL,,passenger,NA,Animal_IBL
TK:6749:19,Puerto Rico,IBL 19-027,2018-12-25T09:00:00Z,"Animal # 0.00
Plant # 0.00",0,0,18.48549,-66.89302,IBL,,passenger,NA,Animal_IBL
TK:6725:19,Puerto Rico,IBL 19-026,2018-12-20T09:00:00Z,"Animal # 0.00
Plant # 0.00",0,0,18.29225,-67.1983,IBL,,passenger,NA,Animal_IBL
TK:6723:19,Puerto Rico,IBL 19-024,2018-12-18T09:00:00Z,"Animal # 0.00
Plant # 0.00",0,0,18.01288,-67.16996,IBL,,passenger,NA,Animal_IBL
TK:5866:19,Puerto Rico,IBL 19-023,2018-12-14T06:00:00Z,"Animal #0
Plant #1",0,0.453592,18.49117,-67.15484,IBL,,passenger,NA,Animal_IBL
TK:6702:19,Puerto Rico,IBL 19-022,2018-12-12T09:00:00Z,"Animal # 25.00
Plant # 10.00",11.3398,4.53592,18.4909,-67.15552,IBL,,passenger,NA,Animal_IBL
TK:5217:19,Puerto Rico,IBL 19-021,2018-12-07T06:00:00Z,"Product recovered
Animal # 5.00
Plant # 0.00",2.26796,0,18.24031,-67.1735,IBL,,passenger,NA,Animal_IBL
TK:5212:19,Puerto Rico,IBL 19-020,2018-12-07T06:00:00Z,"Product recovered
Animal # 13.50
Plant # 3.50",6.123492,1.587572,18.29218,-67.19842,IBL,,passenger,NA,Animal_IBL
TK:5211:19,Puerto Rico,IBL 19-019,2018-12-06T06:00:00Z,NA,NA,NA,18.01778,-65.83276,IBL,,passenger,NA,Animal_IBL
TK:5204:19,Puerto Rico,IBL 19-018,2018-12-06T06:00:00Z,"Animal #0.00
Plant # 0.00",0,0,17.97213,-67.03049,IBL,,passenger,NA,Animal_IBL
TK:5202:19,Puerto Rico,IBL 19-017,2018-11-29T06:00:00Z,"Animal # 0.00
Plant # 0.00",0,0,18.45861,-67.16463,IBL,,passenger,NA,Animal_IBL
TK:5195:19,Puerto Rico,IBL 19-016,2018-11-27T06:00:00Z,"Product recovered
Animal # 8.25
Plant # 6.25",3.742134,2.83495,18.0129,-67.17,IBL,,passenger,NA,Animal_IBL
TK:5191:19,Puerto Rico,IBL 19-015,2018-11-27T06:00:00Z,"Products recovered
Animal # 14.50
Plant # 10.50",6.577084,4.762716,18.4808,-66.70125,IBL,,passenger,NA,Animal_IBL
TK:5190:19,Puerto Rico,IBL 19-014,2018-11-26T06:00:00Z,"Products recovered
Animal # 7.50
Plant # 0.00",3.4019399999999997,0,18.51542,-67.0961,IBL,,passenger,NA,Animal_IBL
TK:5158:19,Puerto Rico,IBL 19-013,2018-11-24T06:00:00Z,"Animal # 0.00
Plant # 0.00",0,0,18.51285,-67.04043,IBL,,passenger,NA,Animal_IBL
TK:5187:19,Puerto Rico,IBL 19-012,2018-11-24T06:00:00Z,"Product recovered
Animal # 4.50
Plant # 0.00",2.041164,0,18.37147,-67.25443,IBL,,passenger,NA,Animal_IBL
TK:5156:19,Puerto Rico,IBL 19-011,2018-11-21T06:00:00Z,"Animal # 0.00
Plant # 0.00",0,0,18.11485,-67.18242,IBL,,passenger,NA,Animal_IBL
TK:5184:19,Puerto Rico,IBL 19-010,2018-11-14T06:00:00Z,Only plant/fruit/vegetable products found,NA,NA,18.44504,-65.91533,IBL,,passenger,NA,Animal_IBL
TK:5182:19,Puerto Rico,IBL 19-009,2018-11-13T06:00:00Z,"Products recovered
Animal # 45.00
Plant # 1.50",20.41164,0.680388,18.50709,-67.00976,IBL,,passenger,NA,Animal_IBL
TK:5179:19,Puerto Rico,IBL 19-008,2018-11-12T06:00:00Z,"Animal # 0.00
Plant # 21.50",0,9.752228,18.37147,-67.25443,IBL,,passenger,NA,Animal_IBL
TK:5172:19,Puerto Rico,IBL 19-007,2018-11-09T06:00:00Z,"animal # 7.00
Plant # 3.00",3.175144,1.360776,18.29218,-67.19842,IBL,,passenger,NA,Animal_IBL
TK:5167:19,Puerto Rico,IBL 19-006,2018-10-31T07:00:00Z,"Animal # 0.00
Plant # 11.50",0,5.216308,18.48374,-66.34961,IBL,,passenger,NA,Animal_IBL
TK:5155:19,Puerto Rico,IBL 19-005,2018-10-29T07:00:00Z,"animal # 12.75
Plant # 7.75",5.783298,3.515338,18.49135,-67.15439,IBL,,passenger,NA,Animal_IBL
TK:5166:19,Puerto Rico,IBL 19-004,2018-10-26T07:00:00Z,"Animal # 0.00
Plant # 0.00",0,0,18.48686,-66.92461,IBL,,passenger,NA,Animal_IBL
TK:5154:19,Puerto Rico,IBL 19-003,2018-10-15T07:00:00Z,"Animal # 0.00
Plant # 0.00",0,0,18.44133,-65.88411,IBL,,passenger,NA,Animal_IBL
TK:5160:19,Puerto Rico,IBL 19-002,2018-10-12T07:00:00Z,"Animal # 20.25
Plant # 2.75",9.185238,1.2473779999999999,17.97804,-66.61866,IBL,,passenger,NA,Animal_IBL
TK:5159:19,Puerto Rico,IBL 19-001,2018-10-07T07:00:00Z,"Animal # 0.00
Plant # 0.00",0,0,17.97804,-66.61866,IBL,,passenger,NA,Animal_IBL
